2026-03-15 12:45:56,894 [DESKTOP-H93RLBF:2208] [INFO] ====================================================================================================
2026-03-15 12:45:56,894 [DESKTOP-H93RLBF:2208] [INFO] STARTING SCRIPT WITH ARGUMENTS:
2026-03-15 12:45:56,894 [DESKTOP-H93RLBF:2208] [INFO] ====================================================================================================
2026-03-15 12:45:56,894 [DESKTOP-H93RLBF:2208] [INFO]   --ckpt                : None            | Help: Path to a checkpoint to resume training or run inference.
2026-03-15 12:45:56,895 [DESKTOP-H93RLBF:2208] [INFO]   --validate            : False           | Help: Run validation only (no training).
2026-03-15 12:45:56,895 [DESKTOP-H93RLBF:2208] [INFO]   --num_workers         : 6               | Help: Number of DataLoader worker processes.
2026-03-15 12:45:56,896 [DESKTOP-H93RLBF:2208] [INFO]   --epochs              : 100             | Help: Total number of training epochs.
2026-03-15 12:45:56,897 [DESKTOP-H93RLBF:2208] [INFO]   --overfit             : False           | Help: Use the training set as the validation set to test overfitting.
2026-03-15 12:45:56,897 [DESKTOP-H93RLBF:2208] [INFO]   --overfit_frame       : False           | Help: Force the dataset to always start at frame 0.
2026-03-15 12:45:56,897 [DESKTOP-H93RLBF:2208] [INFO]   --train_batches       : 1000            | Help: Number of batches per training epoch.
2026-03-15 12:45:56,897 [DESKTOP-H93RLBF:2208] [INFO]   --val_batches         : 100             | Help: Number of batches per validation epoch.
2026-03-15 12:45:56,897 [DESKTOP-H93RLBF:2208] [INFO]   --val_repeat          : 1               | Help: Number of times to repeat the validation dataset.
2026-03-15 12:45:56,897 [DESKTOP-H93RLBF:2208] [INFO]   --batch_size          : 2               | Help: Number of samples per batch.
2026-03-15 12:45:56,897 [DESKTOP-H93RLBF:2208] [INFO]   --val_freq            : 1.0             | Help: Frequency of validation checks within an epoch (fraction or steps).
2026-03-15 12:45:56,897 [DESKTOP-H93RLBF:2208] [INFO]   --val_epoch_freq      : 1               | Help: Number of epochs between validation runs.
2026-03-15 12:45:56,897 [DESKTOP-H93RLBF:2208] [INFO]   --no_validate         : False           | Help: Disable validation entirely.
2026-03-15 12:45:56,897 [DESKTOP-H93RLBF:2208] [INFO]   --print_freq          : 100             | Help: Logging frequency in steps.
2026-03-15 12:45:56,898 [DESKTOP-H93RLBF:2208] [INFO]   --ckpt_freq           : 1               | Help: Checkpoint saving frequency in epochs.
2026-03-15 12:45:56,898 [DESKTOP-H93RLBF:2208] [INFO]   --wandb               : False           | Help: Enable Weights & Biases logging.
2026-03-15 12:45:56,898 [DESKTOP-H93RLBF:2208] [INFO]   --run_name            : ellipsoid_symmetric | Help: Name of the run (used for logging and saving).
2026-03-15 12:45:56,898 [DESKTOP-H93RLBF:2208] [INFO]   --accumulate_grad     : 8               | Help: Number of gradient accumulation steps to compensate for small batch sizes.
2026-03-15 12:45:56,898 [DESKTOP-H93RLBF:2208] [INFO]   --grad_clip           : 1.0             | Help: Gradient clipping max norm.
2026-03-15 12:45:56,898 [DESKTOP-H93RLBF:2208] [INFO]   --check_grad          : False           | Help: Enable gradient checking/debugging.
2026-03-15 12:45:56,898 [DESKTOP-H93RLBF:2208] [INFO]   --grad_checkpointing  : False           | Help: Enable gradient checkpointing to save VRAM.
2026-03-15 12:45:56,898 [DESKTOP-H93RLBF:2208] [INFO]   --adamW               : False           | Help: Use AdamW optimizer instead of standard Adam.
2026-03-15 12:45:56,898 [DESKTOP-H93RLBF:2208] [INFO]   --ema                 : False           | Help: Enable Exponential Moving Average (EMA) for model weights.
2026-03-15 12:45:56,898 [DESKTOP-H93RLBF:2208] [INFO]   --ema_decay           : 0.999           | Help: Decay rate for EMA.
2026-03-15 12:45:56,899 [DESKTOP-H93RLBF:2208] [INFO]   --lr                  : 0.0001          | Help: Learning rate for the optimizer.
2026-03-15 12:45:56,899 [DESKTOP-H93RLBF:2208] [INFO]   --precision           : bf16-mixed      | Help: Mixed precision training setting (e.g., bf16-mixed for RTX 40-series).
2026-03-15 12:45:56,899 [DESKTOP-H93RLBF:2208] [INFO]   --data_file           : C:\Users\Kevin2\ML_project\PMMA_mdgen\model\data\pmma_trajectory_1w.npy | Help: Path to the .npy trajectory data file.
2026-03-15 12:45:56,900 [DESKTOP-H93RLBF:2208] [INFO]   --box                 : None            | Help: Simulation box dimensions: Lx Ly Lz
2026-03-15 12:45:56,901 [DESKTOP-H93RLBF:2208] [INFO]   --train_split         : train.csv       | Help: Path to training split CSV.
2026-03-15 12:45:56,901 [DESKTOP-H93RLBF:2208] [INFO]   --val_split           : val.csv         | Help: Path to validation split CSV.
2026-03-15 12:45:56,901 [DESKTOP-H93RLBF:2208] [INFO]   --num_frames          : 50              | Help: Number of consecutive frames extracted per sequence.
2026-03-15 12:45:56,902 [DESKTOP-H93RLBF:2208] [INFO]   --crop                : 60              | Help: Number of particles/atoms (L) to crop or use in the system.
2026-03-15 12:45:56,902 [DESKTOP-H93RLBF:2208] [INFO]   --frame_interval      : 1               | Help: Step size between extracted frames.
2026-03-15 12:45:56,902 [DESKTOP-H93RLBF:2208] [INFO]   --copy_frames         : False           | Help: Duplicate the first frame across the entire sequence (for debugging).
2026-03-15 12:45:56,902 [DESKTOP-H93RLBF:2208] [INFO]   --hyena               : False           | Help: Use HyenaOperator instead of standard attention for the time dimension.
2026-03-15 12:45:56,902 [DESKTOP-H93RLBF:2208] [INFO]   --use_rope_t          : True            | Help: Enable RoPE for the time dimension (T).
2026-03-15 12:45:56,902 [DESKTOP-H93RLBF:2208] [INFO]   --use_rope_l          : True            | Help: Enable RoPE for the length/particle dimension (L).
2026-03-15 12:45:56,902 [DESKTOP-H93RLBF:2208] [INFO]   --dropout             : 0.1             | Help: Dropout probability.
2026-03-15 12:45:56,902 [DESKTOP-H93RLBF:2208] [INFO]   --interleave_ipa      : False           | Help: Interleave IPA layers with standard attention blocks.
2026-03-15 12:45:56,903 [DESKTOP-H93RLBF:2208] [INFO]   --prepend_ipa         : True            | Help: Add IPA layers before the main attention blocks.
2026-03-15 12:45:56,905 [DESKTOP-H93RLBF:2208] [INFO]   --num_layers          : 4               | Help: Number of attention layers in the network.
2026-03-15 12:45:56,906 [DESKTOP-H93RLBF:2208] [INFO]   --embed_dim           : 256             | Help: Hidden embedding dimension size.
2026-03-15 12:45:56,908 [DESKTOP-H93RLBF:2208] [INFO]   --mha_heads           : 8               | Help: Number of heads for standard Multi-Head Attention.
2026-03-15 12:45:56,909 [DESKTOP-H93RLBF:2208] [INFO]   --ipa_heads           : 4               | Help: Number of heads for Invariant Point Attention.
2026-03-15 12:45:56,909 [DESKTOP-H93RLBF:2208] [INFO]   --ipa_head_dim        : 16              | Help: Hidden dimension size per IPA head.
2026-03-15 12:45:56,910 [DESKTOP-H93RLBF:2208] [INFO]   --ipa_qk              : 4               | Help: Number of query/key points generated for IPA.
2026-03-15 12:45:56,910 [DESKTOP-H93RLBF:2208] [INFO]   --ipa_v               : 4               | Help: Number of value points generated for IPA.
2026-03-15 12:45:56,910 [DESKTOP-H93RLBF:2208] [INFO]   --time_multiplier     : 100.0           | Help: Scaling factor applied to the time embeddings.
2026-03-15 12:45:56,910 [DESKTOP-H93RLBF:2208] [INFO]   --abs_pos_emb         : True            | Help: Enable absolute 1D positional embeddings (breaks particle permutation symmetry).
2026-03-15 12:45:56,910 [DESKTOP-H93RLBF:2208] [INFO]   --abs_time_emb        : True            | Help: Enable absolute 1D time embeddings (critical for sequence ordering).
2026-03-15 12:45:56,910 [DESKTOP-H93RLBF:2208] [INFO]   --path_type           : GVP             | Help: Type of flow matching path.
2026-03-15 12:45:56,911 [DESKTOP-H93RLBF:2208] [INFO]   --prediction          : velocity        | Help: Target prediction type for the network.
2026-03-15 12:45:56,911 [DESKTOP-H93RLBF:2208] [INFO]   --sampling_method     : dopri5          | Help: ODE solver method for sampling.
2026-03-15 12:45:56,911 [DESKTOP-H93RLBF:2208] [INFO] ====================================================================================================
2026-03-15 13:07:52,019 [DESKTOP-H93RLBF:11860] [INFO] ====================================================================================================
2026-03-15 13:07:52,019 [DESKTOP-H93RLBF:11860] [INFO] STARTING SCRIPT WITH ARGUMENTS:
2026-03-15 13:07:52,019 [DESKTOP-H93RLBF:11860] [INFO] ====================================================================================================
2026-03-15 13:07:52,019 [DESKTOP-H93RLBF:11860] [INFO]   --ckpt                : None            | Help: Path to a checkpoint to resume training or run inference.
2026-03-15 13:07:52,019 [DESKTOP-H93RLBF:11860] [INFO]   --validate            : False           | Help: Run validation only (no training).
2026-03-15 13:07:52,020 [DESKTOP-H93RLBF:11860] [INFO]   --num_workers         : 6               | Help: Number of DataLoader worker processes.
2026-03-15 13:07:52,020 [DESKTOP-H93RLBF:11860] [INFO]   --epochs              : 100             | Help: Total number of training epochs.
2026-03-15 13:07:52,020 [DESKTOP-H93RLBF:11860] [INFO]   --overfit             : False           | Help: Use the training set as the validation set to test overfitting.
2026-03-15 13:07:52,020 [DESKTOP-H93RLBF:11860] [INFO]   --overfit_frame       : False           | Help: Force the dataset to always start at frame 0.
2026-03-15 13:07:52,020 [DESKTOP-H93RLBF:11860] [INFO]   --train_batches       : 1000            | Help: Number of batches per training epoch.
2026-03-15 13:07:52,020 [DESKTOP-H93RLBF:11860] [INFO]   --val_batches         : 100             | Help: Number of batches per validation epoch.
2026-03-15 13:07:52,020 [DESKTOP-H93RLBF:11860] [INFO]   --val_repeat          : 1               | Help: Number of times to repeat the validation dataset.
2026-03-15 13:07:52,020 [DESKTOP-H93RLBF:11860] [INFO]   --batch_size          : 2               | Help: Number of samples per batch.
2026-03-15 13:07:52,020 [DESKTOP-H93RLBF:11860] [INFO]   --val_freq            : 1.0             | Help: Frequency of validation checks within an epoch (fraction or steps).
2026-03-15 13:07:52,020 [DESKTOP-H93RLBF:11860] [INFO]   --val_epoch_freq      : 1               | Help: Number of epochs between validation runs.
2026-03-15 13:07:52,020 [DESKTOP-H93RLBF:11860] [INFO]   --no_validate         : False           | Help: Disable validation entirely.
2026-03-15 13:07:52,020 [DESKTOP-H93RLBF:11860] [INFO]   --print_freq          : 100             | Help: Logging frequency in steps.
2026-03-15 13:07:52,021 [DESKTOP-H93RLBF:11860] [INFO]   --ckpt_freq           : 1               | Help: Checkpoint saving frequency in epochs.
2026-03-15 13:07:52,021 [DESKTOP-H93RLBF:11860] [INFO]   --wandb               : False           | Help: Enable Weights & Biases logging.
2026-03-15 13:07:52,021 [DESKTOP-H93RLBF:11860] [INFO]   --run_name            : ellipsoid_symmetric | Help: Name of the run (used for logging and saving).
2026-03-15 13:07:52,021 [DESKTOP-H93RLBF:11860] [INFO]   --accumulate_grad     : 8               | Help: Number of gradient accumulation steps to compensate for small batch sizes.
2026-03-15 13:07:52,021 [DESKTOP-H93RLBF:11860] [INFO]   --grad_clip           : 1.0             | Help: Gradient clipping max norm.
2026-03-15 13:07:52,021 [DESKTOP-H93RLBF:11860] [INFO]   --check_grad          : False           | Help: Enable gradient checking/debugging.
2026-03-15 13:07:52,021 [DESKTOP-H93RLBF:11860] [INFO]   --grad_checkpointing  : False           | Help: Enable gradient checkpointing to save VRAM.
2026-03-15 13:07:52,021 [DESKTOP-H93RLBF:11860] [INFO]   --adamW               : False           | Help: Use AdamW optimizer instead of standard Adam.
2026-03-15 13:07:52,021 [DESKTOP-H93RLBF:11860] [INFO]   --ema                 : False           | Help: Enable Exponential Moving Average (EMA) for model weights.
2026-03-15 13:07:52,021 [DESKTOP-H93RLBF:11860] [INFO]   --ema_decay           : 0.999           | Help: Decay rate for EMA.
2026-03-15 13:07:52,021 [DESKTOP-H93RLBF:11860] [INFO]   --lr                  : 0.0001          | Help: Learning rate for the optimizer.
2026-03-15 13:07:52,022 [DESKTOP-H93RLBF:11860] [INFO]   --precision           : bf16-mixed      | Help: Mixed precision training setting (e.g., bf16-mixed for RTX 40-series).
2026-03-15 13:07:52,022 [DESKTOP-H93RLBF:11860] [INFO]   --data_file           : C:\Users\Kevin2\ML_project\PMMA_mdgen\model\data\pmma_trajectory_1w.npy | Help: Path to the .npy trajectory data file.
2026-03-15 13:07:52,022 [DESKTOP-H93RLBF:11860] [INFO]   --box                 : None            | Help: Simulation box dimensions: Lx Ly Lz
2026-03-15 13:07:52,022 [DESKTOP-H93RLBF:11860] [INFO]   --train_split         : train.csv       | Help: Path to training split CSV.
2026-03-15 13:07:52,022 [DESKTOP-H93RLBF:11860] [INFO]   --val_split           : val.csv         | Help: Path to validation split CSV.
2026-03-15 13:07:52,022 [DESKTOP-H93RLBF:11860] [INFO]   --num_frames          : 50              | Help: Number of consecutive frames extracted per sequence.
2026-03-15 13:07:52,022 [DESKTOP-H93RLBF:11860] [INFO]   --crop                : 60              | Help: Number of particles/atoms (L) to crop or use in the system.
2026-03-15 13:07:52,022 [DESKTOP-H93RLBF:11860] [INFO]   --frame_interval      : 1               | Help: Step size between extracted frames.
2026-03-15 13:07:52,022 [DESKTOP-H93RLBF:11860] [INFO]   --copy_frames         : False           | Help: Duplicate the first frame across the entire sequence (for debugging).
2026-03-15 13:07:52,022 [DESKTOP-H93RLBF:11860] [INFO]   --hyena               : False           | Help: Use HyenaOperator instead of standard attention for the time dimension.
2026-03-15 13:07:52,023 [DESKTOP-H93RLBF:11860] [INFO]   --use_rope_t          : True            | Help: Enable RoPE for the time dimension (T).
2026-03-15 13:07:52,023 [DESKTOP-H93RLBF:11860] [INFO]   --use_rope_l          : True            | Help: Enable RoPE for the length/particle dimension (L).
2026-03-15 13:07:52,023 [DESKTOP-H93RLBF:11860] [INFO]   --dropout             : 0.1             | Help: Dropout probability.
2026-03-15 13:07:52,023 [DESKTOP-H93RLBF:11860] [INFO]   --interleave_ipa      : False           | Help: Interleave IPA layers with standard attention blocks.
2026-03-15 13:07:52,023 [DESKTOP-H93RLBF:11860] [INFO]   --prepend_ipa         : True            | Help: Add IPA layers before the main attention blocks.
2026-03-15 13:07:52,023 [DESKTOP-H93RLBF:11860] [INFO]   --num_layers          : 4               | Help: Number of attention layers in the network.
2026-03-15 13:07:52,023 [DESKTOP-H93RLBF:11860] [INFO]   --embed_dim           : 256             | Help: Hidden embedding dimension size.
2026-03-15 13:07:52,023 [DESKTOP-H93RLBF:11860] [INFO]   --mha_heads           : 8               | Help: Number of heads for standard Multi-Head Attention.
2026-03-15 13:07:52,024 [DESKTOP-H93RLBF:11860] [INFO]   --ipa_heads           : 4               | Help: Number of heads for Invariant Point Attention.
2026-03-15 13:07:52,024 [DESKTOP-H93RLBF:11860] [INFO]   --ipa_head_dim        : 16              | Help: Hidden dimension size per IPA head.
2026-03-15 13:07:52,024 [DESKTOP-H93RLBF:11860] [INFO]   --ipa_qk              : 4               | Help: Number of query/key points generated for IPA.
2026-03-15 13:07:52,024 [DESKTOP-H93RLBF:11860] [INFO]   --ipa_v               : 4               | Help: Number of value points generated for IPA.
2026-03-15 13:07:52,024 [DESKTOP-H93RLBF:11860] [INFO]   --time_multiplier     : 100.0           | Help: Scaling factor applied to the time embeddings.
2026-03-15 13:07:52,024 [DESKTOP-H93RLBF:11860] [INFO]   --abs_pos_emb         : True            | Help: Enable absolute 1D positional embeddings (breaks particle permutation symmetry).
2026-03-15 13:07:52,024 [DESKTOP-H93RLBF:11860] [INFO]   --abs_time_emb        : True            | Help: Enable absolute 1D time embeddings (critical for sequence ordering).
2026-03-15 13:07:52,024 [DESKTOP-H93RLBF:11860] [INFO]   --path_type           : GVP             | Help: Type of flow matching path.
2026-03-15 13:07:52,024 [DESKTOP-H93RLBF:11860] [INFO]   --prediction          : velocity        | Help: Target prediction type for the network.
2026-03-15 13:07:52,024 [DESKTOP-H93RLBF:11860] [INFO]   --sampling_method     : dopri5          | Help: ODE solver method for sampling.
2026-03-15 13:07:52,025 [DESKTOP-H93RLBF:11860] [INFO] ====================================================================================================
2026-03-15 13:09:46,550 [DESKTOP-H93RLBF:11860] [INFO] {'iter_loss': 1.1979108672589063, 'iter_time': 0.49203885938972236, 'iter_general_step_dur': 0.05770892143249512, 'epoch': 0, 'trainer_step': 100, 'iter_step': 800}
2026-03-15 13:10:23,511 [DESKTOP-H93RLBF:11860] [INFO] {'val_loss': 0.6184281739592552, 'val_time': 0.530582192838192, 'val_general_step_dur': 0.0556381893157959, 'epoch': 0, 'trainer_step': 125, 'iter_step': 1100}
2026-03-15 13:10:23,513 [DESKTOP-H93RLBF:11860] [INFO] {'train_loss': 1.0848558847010135, 'train_time': 0.49233842438459396, 'train_general_step_dur': 0.057616081237792965, 'epoch': 0, 'trainer_step': 125, 'iter_step': 1100}
2026-03-15 13:11:46,774 [DESKTOP-H93RLBF:11860] [INFO] {'iter_loss': 0.5568032997474074, 'iter_time': 0.5112582156807184, 'iter_general_step_dur': 0.05758157134056091, 'epoch': 1, 'trainer_step': 200, 'iter_step': 1700}
2026-03-15 13:12:47,940 [DESKTOP-H93RLBF:11860] [INFO] {'val_loss': 0.42477394476532937, 'val_time': 0.5415462866425514, 'val_general_step_dur': 0.0567103910446167, 'epoch': 1, 'trainer_step': 250, 'iter_step': 2200}
2026-03-15 13:12:47,943 [DESKTOP-H93RLBF:11860] [INFO] {'train_loss': 0.4997875585258007, 'train_time': 0.5128296872675419, 'train_general_step_dur': 0.05734216380119324, 'epoch': 1, 'trainer_step': 250, 'iter_step': 2200}
2026-03-15 13:13:43,271 [DESKTOP-H93RLBF:11860] [INFO] {'iter_loss': 0.4198776607215404, 'iter_time': 0.5022117459401488, 'iter_general_step_dur': 0.056362100541591645, 'epoch': 2, 'trainer_step': 300, 'iter_step': 2600}
2026-03-15 13:15:09,269 [DESKTOP-H93RLBF:11860] [INFO] {'val_loss': 0.3387815453112125, 'val_time': 0.48945789724588395, 'val_general_step_dur': 0.05191946029663086, 'epoch': 2, 'trainer_step': 375, 'iter_step': 3300}
2026-03-15 13:15:09,271 [DESKTOP-H93RLBF:11860] [INFO] {'train_loss': 0.390092733129859, 'train_time': 0.5010548419952393, 'train_general_step_dur': 0.05605638241767883, 'epoch': 2, 'trainer_step': 375, 'iter_step': 3300}
2026-03-15 13:15:38,632 [DESKTOP-H93RLBF:11860] [INFO] {'iter_loss': 0.38807698743417857, 'iter_time': 0.5030299220979214, 'iter_general_step_dur': 0.0561809828877449, 'epoch': 3, 'trainer_step': 400, 'iter_step': 3500}
2026-03-15 13:17:24,563 [DESKTOP-H93RLBF:11860] [INFO] {'iter_loss': 0.37041734242811797, 'iter_time': 0.503194261752069, 'iter_general_step_dur': 0.05729480385780335, 'epoch': 3, 'trainer_step': 500, 'iter_step': 4300}
2026-03-15 13:17:33,336 [DESKTOP-H93RLBF:11860] [INFO] {'val_loss': 0.3586006824672222, 'val_time': 0.4715492311120033, 'val_general_step_dur': 0.0563774824142456, 'epoch': 3, 'trainer_step': 500, 'iter_step': 4400}
2026-03-15 13:17:33,338 [DESKTOP-H93RLBF:11860] [INFO] {'train_loss': 0.37173274971544745, 'train_time': 0.5031634502410889, 'train_general_step_dur': 0.0570880765914917, 'epoch': 3, 'trainer_step': 500, 'iter_step': 4400}
2026-03-15 13:26:29,545 [DESKTOP-H93RLBF:3128] [INFO] ====================================================================================================
2026-03-15 13:26:29,545 [DESKTOP-H93RLBF:3128] [INFO] STARTING SCRIPT WITH ARGUMENTS:
2026-03-15 13:26:29,545 [DESKTOP-H93RLBF:3128] [INFO] ====================================================================================================
2026-03-15 13:26:29,545 [DESKTOP-H93RLBF:3128] [INFO]   --ckpt                : None            | Help: Path to a checkpoint to resume training or run inference.
2026-03-15 13:26:29,545 [DESKTOP-H93RLBF:3128] [INFO]   --validate            : False           | Help: Run validation only (no training).
2026-03-15 13:26:29,546 [DESKTOP-H93RLBF:3128] [INFO]   --num_workers         : 6               | Help: Number of DataLoader worker processes.
2026-03-15 13:26:29,546 [DESKTOP-H93RLBF:3128] [INFO]   --epochs              : 100             | Help: Total number of training epochs.
2026-03-15 13:26:29,546 [DESKTOP-H93RLBF:3128] [INFO]   --overfit             : False           | Help: Use the training set as the validation set to test overfitting.
2026-03-15 13:26:29,546 [DESKTOP-H93RLBF:3128] [INFO]   --overfit_frame       : False           | Help: Force the dataset to always start at frame 0.
2026-03-15 13:26:29,546 [DESKTOP-H93RLBF:3128] [INFO]   --train_batches       : 1000            | Help: Number of batches per training epoch.
2026-03-15 13:26:29,546 [DESKTOP-H93RLBF:3128] [INFO]   --val_batches         : 100             | Help: Number of batches per validation epoch.
2026-03-15 13:26:29,546 [DESKTOP-H93RLBF:3128] [INFO]   --val_repeat          : 1               | Help: Number of times to repeat the validation dataset.
2026-03-15 13:26:29,546 [DESKTOP-H93RLBF:3128] [INFO]   --batch_size          : 16              | Help: Number of samples per batch.
2026-03-15 13:26:29,546 [DESKTOP-H93RLBF:3128] [INFO]   --val_freq            : 1.0             | Help: Frequency of validation checks within an epoch (fraction or steps).
2026-03-15 13:26:29,546 [DESKTOP-H93RLBF:3128] [INFO]   --val_epoch_freq      : 1               | Help: Number of epochs between validation runs.
2026-03-15 13:26:29,546 [DESKTOP-H93RLBF:3128] [INFO]   --no_validate         : False           | Help: Disable validation entirely.
2026-03-15 13:26:29,546 [DESKTOP-H93RLBF:3128] [INFO]   --print_freq          : 100             | Help: Logging frequency in steps.
2026-03-15 13:26:29,546 [DESKTOP-H93RLBF:3128] [INFO]   --ckpt_freq           : 1               | Help: Checkpoint saving frequency in epochs.
2026-03-15 13:26:29,546 [DESKTOP-H93RLBF:3128] [INFO]   --wandb               : False           | Help: Enable Weights & Biases logging.
2026-03-15 13:26:29,546 [DESKTOP-H93RLBF:3128] [INFO]   --run_name            : ellipsoid_symmetric | Help: Name of the run (used for logging and saving).
2026-03-15 13:26:29,546 [DESKTOP-H93RLBF:3128] [INFO]   --accumulate_grad     : 1               | Help: Number of gradient accumulation steps to compensate for small batch sizes.
2026-03-15 13:26:29,548 [DESKTOP-H93RLBF:3128] [INFO]   --grad_clip           : 1.0             | Help: Gradient clipping max norm.
2026-03-15 13:26:29,548 [DESKTOP-H93RLBF:3128] [INFO]   --check_grad          : False           | Help: Enable gradient checking/debugging.
2026-03-15 13:26:29,548 [DESKTOP-H93RLBF:3128] [INFO]   --grad_checkpointing  : False           | Help: Enable gradient checkpointing to save VRAM.
2026-03-15 13:26:29,548 [DESKTOP-H93RLBF:3128] [INFO]   --adamW               : False           | Help: Use AdamW optimizer instead of standard Adam.
2026-03-15 13:26:29,548 [DESKTOP-H93RLBF:3128] [INFO]   --ema                 : False           | Help: Enable Exponential Moving Average (EMA) for model weights.
2026-03-15 13:26:29,548 [DESKTOP-H93RLBF:3128] [INFO]   --ema_decay           : 0.999           | Help: Decay rate for EMA.
2026-03-15 13:26:29,548 [DESKTOP-H93RLBF:3128] [INFO]   --lr                  : 0.0001          | Help: Learning rate for the optimizer.
2026-03-15 13:26:29,548 [DESKTOP-H93RLBF:3128] [INFO]   --precision           : bf16-mixed      | Help: Mixed precision training setting (e.g., bf16-mixed for RTX 40-series).
2026-03-15 13:26:29,548 [DESKTOP-H93RLBF:3128] [INFO]   --data_file           : C:\Users\Kevin2\ML_project\PMMA_mdgen\model\data\pmma_trajectory_1w.npy | Help: Path to the .npy trajectory data file.
2026-03-15 13:26:29,548 [DESKTOP-H93RLBF:3128] [INFO]   --box                 : None            | Help: Simulation box dimensions: Lx Ly Lz
2026-03-15 13:26:29,548 [DESKTOP-H93RLBF:3128] [INFO]   --large_file          : False           | Help: Use memory-mapped loading for large datasets that don't fit in RAM.
2026-03-15 13:26:29,548 [DESKTOP-H93RLBF:3128] [INFO]   --num_frames          : 50              | Help: Number of consecutive frames extracted per sequence.
2026-03-15 13:26:29,548 [DESKTOP-H93RLBF:3128] [INFO]   --crop                : 60              | Help: Number of particles/atoms (L) to crop or use in the system.
2026-03-15 13:26:29,548 [DESKTOP-H93RLBF:3128] [INFO]   --frame_interval      : 1               | Help: Step size between extracted frames.
2026-03-15 13:26:29,549 [DESKTOP-H93RLBF:3128] [INFO]   --copy_frames         : False           | Help: Duplicate the first frame across the entire sequence (for debugging).
2026-03-15 13:26:29,549 [DESKTOP-H93RLBF:3128] [INFO]   --hyena               : False           | Help: Use HyenaOperator instead of standard attention for the time dimension.
2026-03-15 13:26:29,549 [DESKTOP-H93RLBF:3128] [INFO]   --use_rope_t          : True            | Help: Enable RoPE for the time dimension (T).
2026-03-15 13:26:29,549 [DESKTOP-H93RLBF:3128] [INFO]   --use_rope_l          : True            | Help: Enable RoPE for the length/particle dimension (L).
2026-03-15 13:26:29,549 [DESKTOP-H93RLBF:3128] [INFO]   --dropout             : 0.1             | Help: Dropout probability.
2026-03-15 13:26:29,549 [DESKTOP-H93RLBF:3128] [INFO]   --interleave_ipa      : False           | Help: Interleave IPA layers with standard attention blocks.
2026-03-15 13:26:29,549 [DESKTOP-H93RLBF:3128] [INFO]   --prepend_ipa         : True            | Help: Add IPA layers before the main attention blocks.
2026-03-15 13:26:29,550 [DESKTOP-H93RLBF:3128] [INFO]   --num_layers          : 4               | Help: Number of attention layers in the network.
2026-03-15 13:26:29,550 [DESKTOP-H93RLBF:3128] [INFO]   --embed_dim           : 256             | Help: Hidden embedding dimension size.
2026-03-15 13:26:29,550 [DESKTOP-H93RLBF:3128] [INFO]   --mha_heads           : 8               | Help: Number of heads for standard Multi-Head Attention.
2026-03-15 13:26:29,550 [DESKTOP-H93RLBF:3128] [INFO]   --ipa_heads           : 4               | Help: Number of heads for Invariant Point Attention.
2026-03-15 13:26:29,550 [DESKTOP-H93RLBF:3128] [INFO]   --ipa_head_dim        : 16              | Help: Hidden dimension size per IPA head.
2026-03-15 13:26:29,550 [DESKTOP-H93RLBF:3128] [INFO]   --ipa_qk              : 4               | Help: Number of query/key points generated for IPA.
2026-03-15 13:26:29,551 [DESKTOP-H93RLBF:3128] [INFO]   --ipa_v               : 4               | Help: Number of value points generated for IPA.
2026-03-15 13:26:29,551 [DESKTOP-H93RLBF:3128] [INFO]   --time_multiplier     : 100.0           | Help: Scaling factor applied to the time embeddings.
2026-03-15 13:26:29,551 [DESKTOP-H93RLBF:3128] [INFO]   --abs_pos_emb         : True            | Help: Enable absolute 1D positional embeddings (breaks particle permutation symmetry).
2026-03-15 13:26:29,551 [DESKTOP-H93RLBF:3128] [INFO]   --abs_time_emb        : True            | Help: Enable absolute 1D time embeddings (critical for sequence ordering).
2026-03-15 13:26:29,551 [DESKTOP-H93RLBF:3128] [INFO]   --path_type           : GVP             | Help: Type of flow matching path.
2026-03-15 13:26:29,551 [DESKTOP-H93RLBF:3128] [INFO]   --prediction          : velocity        | Help: Target prediction type for the network.
2026-03-15 13:26:29,552 [DESKTOP-H93RLBF:3128] [INFO]   --sampling_method     : dopri5          | Help: ODE solver method for sampling.
2026-03-15 13:26:29,552 [DESKTOP-H93RLBF:3128] [INFO] ====================================================================================================
2026-03-15 13:27:40,354 [DESKTOP-H93RLBF:3128] [INFO] {'iter_loss': 1.1857747104763985, 'iter_time': 0.49508829206228255, 'iter_general_step_dur': 0.13960893154144288, 'epoch': 0, 'trainer_step': 100, 'iter_step': 100}
2026-03-15 13:28:41,824 [DESKTOP-H93RLBF:13244] [INFO] ====================================================================================================
2026-03-15 13:28:41,825 [DESKTOP-H93RLBF:13244] [INFO] STARTING SCRIPT WITH ARGUMENTS:
2026-03-15 13:28:41,825 [DESKTOP-H93RLBF:13244] [INFO] ====================================================================================================
2026-03-15 13:28:41,825 [DESKTOP-H93RLBF:13244] [INFO]   --ckpt                : None            | Help: Path to a checkpoint to resume training or run inference.
2026-03-15 13:28:41,825 [DESKTOP-H93RLBF:13244] [INFO]   --validate            : False           | Help: Run validation only (no training).
2026-03-15 13:28:41,825 [DESKTOP-H93RLBF:13244] [INFO]   --num_workers         : 6               | Help: Number of DataLoader worker processes.
2026-03-15 13:28:41,825 [DESKTOP-H93RLBF:13244] [INFO]   --epochs              : 100             | Help: Total number of training epochs.
2026-03-15 13:28:41,825 [DESKTOP-H93RLBF:13244] [INFO]   --overfit             : False           | Help: Use the training set as the validation set to test overfitting.
2026-03-15 13:28:41,825 [DESKTOP-H93RLBF:13244] [INFO]   --overfit_frame       : False           | Help: Force the dataset to always start at frame 0.
2026-03-15 13:28:41,827 [DESKTOP-H93RLBF:13244] [INFO]   --train_batches       : 1000            | Help: Number of batches per training epoch.
2026-03-15 13:28:41,827 [DESKTOP-H93RLBF:13244] [INFO]   --val_batches         : 100             | Help: Number of batches per validation epoch.
2026-03-15 13:28:41,827 [DESKTOP-H93RLBF:13244] [INFO]   --val_repeat          : 1               | Help: Number of times to repeat the validation dataset.
2026-03-15 13:28:41,827 [DESKTOP-H93RLBF:13244] [INFO]   --batch_size          : 8               | Help: Number of samples per batch.
2026-03-15 13:28:41,827 [DESKTOP-H93RLBF:13244] [INFO]   --val_freq            : 1.0             | Help: Frequency of validation checks within an epoch (fraction or steps).
2026-03-15 13:28:41,827 [DESKTOP-H93RLBF:13244] [INFO]   --val_epoch_freq      : 1               | Help: Number of epochs between validation runs.
2026-03-15 13:28:41,828 [DESKTOP-H93RLBF:13244] [INFO]   --no_validate         : False           | Help: Disable validation entirely.
2026-03-15 13:28:41,828 [DESKTOP-H93RLBF:13244] [INFO]   --print_freq          : 100             | Help: Logging frequency in steps.
2026-03-15 13:28:41,828 [DESKTOP-H93RLBF:13244] [INFO]   --ckpt_freq           : 1               | Help: Checkpoint saving frequency in epochs.
2026-03-15 13:28:41,828 [DESKTOP-H93RLBF:13244] [INFO]   --wandb               : False           | Help: Enable Weights & Biases logging.
2026-03-15 13:28:41,828 [DESKTOP-H93RLBF:13244] [INFO]   --run_name            : ellipsoid_symmetric | Help: Name of the run (used for logging and saving).
2026-03-15 13:28:41,828 [DESKTOP-H93RLBF:13244] [INFO]   --accumulate_grad     : 2               | Help: Number of gradient accumulation steps to compensate for small batch sizes.
2026-03-15 13:28:41,828 [DESKTOP-H93RLBF:13244] [INFO]   --grad_clip           : 1.0             | Help: Gradient clipping max norm.
2026-03-15 13:28:41,828 [DESKTOP-H93RLBF:13244] [INFO]   --check_grad          : False           | Help: Enable gradient checking/debugging.
2026-03-15 13:28:41,829 [DESKTOP-H93RLBF:13244] [INFO]   --grad_checkpointing  : False           | Help: Enable gradient checkpointing to save VRAM.
2026-03-15 13:28:41,829 [DESKTOP-H93RLBF:13244] [INFO]   --adamW               : False           | Help: Use AdamW optimizer instead of standard Adam.
2026-03-15 13:28:41,829 [DESKTOP-H93RLBF:13244] [INFO]   --ema                 : False           | Help: Enable Exponential Moving Average (EMA) for model weights.
2026-03-15 13:28:41,829 [DESKTOP-H93RLBF:13244] [INFO]   --ema_decay           : 0.999           | Help: Decay rate for EMA.
2026-03-15 13:28:41,829 [DESKTOP-H93RLBF:13244] [INFO]   --lr                  : 0.0001          | Help: Learning rate for the optimizer.
2026-03-15 13:28:41,829 [DESKTOP-H93RLBF:13244] [INFO]   --precision           : bf16-mixed      | Help: Mixed precision training setting (e.g., bf16-mixed for RTX 40-series).
2026-03-15 13:28:41,829 [DESKTOP-H93RLBF:13244] [INFO]   --data_file           : C:\Users\Kevin2\ML_project\PMMA_mdgen\model\data\pmma_trajectory_1w.npy | Help: Path to the .npy trajectory data file.
2026-03-15 13:28:41,829 [DESKTOP-H93RLBF:13244] [INFO]   --box                 : None            | Help: Simulation box dimensions: Lx Ly Lz
2026-03-15 13:28:41,830 [DESKTOP-H93RLBF:13244] [INFO]   --large_file          : False           | Help: Use memory-mapped loading for large datasets that don't fit in RAM.
2026-03-15 13:28:41,830 [DESKTOP-H93RLBF:13244] [INFO]   --num_frames          : 50              | Help: Number of consecutive frames extracted per sequence.
2026-03-15 13:28:41,830 [DESKTOP-H93RLBF:13244] [INFO]   --crop                : 60              | Help: Number of particles/atoms (L) to crop or use in the system.
2026-03-15 13:28:41,830 [DESKTOP-H93RLBF:13244] [INFO]   --frame_interval      : 1               | Help: Step size between extracted frames.
2026-03-15 13:28:41,830 [DESKTOP-H93RLBF:13244] [INFO]   --copy_frames         : False           | Help: Duplicate the first frame across the entire sequence (for debugging).
2026-03-15 13:28:41,830 [DESKTOP-H93RLBF:13244] [INFO]   --hyena               : False           | Help: Use HyenaOperator instead of standard attention for the time dimension.
2026-03-15 13:28:41,830 [DESKTOP-H93RLBF:13244] [INFO]   --use_rope_t          : True            | Help: Enable RoPE for the time dimension (T).
2026-03-15 13:28:41,830 [DESKTOP-H93RLBF:13244] [INFO]   --use_rope_l          : True            | Help: Enable RoPE for the length/particle dimension (L).
2026-03-15 13:28:41,830 [DESKTOP-H93RLBF:13244] [INFO]   --dropout             : 0.1             | Help: Dropout probability.
2026-03-15 13:28:41,831 [DESKTOP-H93RLBF:13244] [INFO]   --interleave_ipa      : False           | Help: Interleave IPA layers with standard attention blocks.
2026-03-15 13:28:41,831 [DESKTOP-H93RLBF:13244] [INFO]   --prepend_ipa         : True            | Help: Add IPA layers before the main attention blocks.
2026-03-15 13:28:41,831 [DESKTOP-H93RLBF:13244] [INFO]   --num_layers          : 4               | Help: Number of attention layers in the network.
2026-03-15 13:28:41,831 [DESKTOP-H93RLBF:13244] [INFO]   --embed_dim           : 256             | Help: Hidden embedding dimension size.
2026-03-15 13:28:41,831 [DESKTOP-H93RLBF:13244] [INFO]   --mha_heads           : 8               | Help: Number of heads for standard Multi-Head Attention.
2026-03-15 13:28:41,831 [DESKTOP-H93RLBF:13244] [INFO]   --ipa_heads           : 4               | Help: Number of heads for Invariant Point Attention.
2026-03-15 13:28:41,831 [DESKTOP-H93RLBF:13244] [INFO]   --ipa_head_dim        : 16              | Help: Hidden dimension size per IPA head.
2026-03-15 13:28:41,831 [DESKTOP-H93RLBF:13244] [INFO]   --ipa_qk              : 4               | Help: Number of query/key points generated for IPA.
2026-03-15 13:28:41,831 [DESKTOP-H93RLBF:13244] [INFO]   --ipa_v               : 4               | Help: Number of value points generated for IPA.
2026-03-15 13:28:41,831 [DESKTOP-H93RLBF:13244] [INFO]   --time_multiplier     : 100.0           | Help: Scaling factor applied to the time embeddings.
2026-03-15 13:28:41,832 [DESKTOP-H93RLBF:13244] [INFO]   --abs_pos_emb         : True            | Help: Enable absolute 1D positional embeddings (breaks particle permutation symmetry).
2026-03-15 13:28:41,832 [DESKTOP-H93RLBF:13244] [INFO]   --abs_time_emb        : True            | Help: Enable absolute 1D time embeddings (critical for sequence ordering).
2026-03-15 13:28:41,832 [DESKTOP-H93RLBF:13244] [INFO]   --path_type           : GVP             | Help: Type of flow matching path.
2026-03-15 13:28:41,832 [DESKTOP-H93RLBF:13244] [INFO]   --prediction          : velocity        | Help: Target prediction type for the network.
2026-03-15 13:28:41,832 [DESKTOP-H93RLBF:13244] [INFO]   --sampling_method     : dopri5          | Help: ODE solver method for sampling.
2026-03-15 13:28:41,832 [DESKTOP-H93RLBF:13244] [INFO] ====================================================================================================
2026-03-15 13:29:43,363 [DESKTOP-H93RLBF:13244] [INFO] {'iter_loss': 1.204603571742773, 'iter_time': 0.5053408883512021, 'iter_general_step_dur': 0.08400777459144593, 'epoch': 0, 'trainer_step': 100, 'iter_step': 200}
2026-03-15 13:30:21,381 [DESKTOP-H93RLBF:13244] [INFO] {'iter_loss': 0.5242143550515175, 'iter_time': 0.5024514238536358, 'iter_general_step_dur': 0.07875871658325195, 'epoch': 0, 'trainer_step': 200, 'iter_step': 400}
2026-03-15 13:30:59,240 [DESKTOP-H93RLBF:13244] [INFO] {'iter_loss': 0.41155533351004125, 'iter_time': 0.5003882350027561, 'iter_general_step_dur': 0.07877754092216492, 'epoch': 0, 'trainer_step': 300, 'iter_step': 600}
2026-03-15 13:31:37,315 [DESKTOP-H93RLBF:13244] [INFO] {'iter_loss': 0.37111078046262264, 'iter_time': 0.5071790026128292, 'iter_general_step_dur': 0.07892411589622497, 'epoch': 0, 'trainer_step': 400, 'iter_step': 800}
2026-03-15 13:32:15,240 [DESKTOP-H93RLBF:13244] [INFO] {'iter_loss': 0.38184856601059436, 'iter_time': 0.5006767996400595, 'iter_general_step_dur': 0.07748032927513122, 'epoch': 0, 'trainer_step': 500, 'iter_step': 1000}
2026-03-15 13:32:22,753 [DESKTOP-H93RLBF:13244] [INFO] {'val_loss': 0.35305377140641214, 'val_time': 0.5062542220950127, 'val_general_step_dur': 0.0726459264755249, 'epoch': 0, 'trainer_step': 500, 'iter_step': 1100}
2026-03-15 13:32:22,756 [DESKTOP-H93RLBF:13244] [INFO] {'train_loss': 0.5786665213555098, 'train_time': 0.5032072698920965, 'train_general_step_dur': 0.0795896954536438, 'epoch': 0, 'trainer_step': 500, 'iter_step': 1100}
2026-03-15 13:33:01,369 [DESKTOP-H93RLBF:13244] [INFO] {'iter_loss': 0.3472116666287184, 'iter_time': 0.49565978184342385, 'iter_general_step_dur': 0.07737499237060547, 'epoch': 1, 'trainer_step': 600, 'iter_step': 1300}
2026-03-15 13:33:39,463 [DESKTOP-H93RLBF:13244] [INFO] {'iter_loss': 0.3488245082646608, 'iter_time': 0.5063415916264057, 'iter_general_step_dur': 0.07824381828308105, 'epoch': 1, 'trainer_step': 700, 'iter_step': 1500}
2026-03-15 13:34:17,510 [DESKTOP-H93RLBF:13244] [INFO] {'iter_loss': 0.34713371671736243, 'iter_time': 0.4981078292429447, 'iter_general_step_dur': 0.08004516959190369, 'epoch': 1, 'trainer_step': 800, 'iter_step': 1700}
2026-03-15 13:34:55,660 [DESKTOP-H93RLBF:13244] [INFO] {'iter_loss': 0.3384049481898546, 'iter_time': 0.5024247142672539, 'iter_general_step_dur': 0.08070338129997254, 'epoch': 1, 'trainer_step': 900, 'iter_step': 1900}
2026-03-15 13:35:33,693 [DESKTOP-H93RLBF:13244] [INFO] {'iter_loss': 0.3372830208390951, 'iter_time': 0.5003692112863064, 'iter_general_step_dur': 0.07846717715263367, 'epoch': 1, 'trainer_step': 1000, 'iter_step': 2100}
2026-03-15 13:35:41,316 [DESKTOP-H93RLBF:13244] [INFO] {'val_loss': 0.30836141735315326, 'val_time': 0.4750161051750183, 'val_general_step_dur': 0.07374372005462647, 'epoch': 1, 'trainer_step': 1000, 'iter_step': 2200}
2026-03-15 13:35:41,318 [DESKTOP-H93RLBF:13244] [INFO] {'train_loss': 0.3437715721279383, 'train_time': 0.5005806256532669, 'train_general_step_dur': 0.07896690773963928, 'epoch': 1, 'trainer_step': 1000, 'iter_step': 2200}
2026-03-15 13:36:18,980 [DESKTOP-H93RLBF:8560] [INFO] ====================================================================================================
2026-03-15 13:36:18,980 [DESKTOP-H93RLBF:8560] [INFO] STARTING SCRIPT WITH ARGUMENTS:
2026-03-15 13:36:18,981 [DESKTOP-H93RLBF:8560] [INFO] ====================================================================================================
2026-03-15 13:36:18,981 [DESKTOP-H93RLBF:8560] [INFO]   --ckpt                : None            | Help: Path to a checkpoint to resume training or run inference.
2026-03-15 13:36:18,981 [DESKTOP-H93RLBF:8560] [INFO]   --validate            : False           | Help: Run validation only (no training).
2026-03-15 13:36:18,981 [DESKTOP-H93RLBF:8560] [INFO]   --num_workers         : 6               | Help: Number of DataLoader worker processes.
2026-03-15 13:36:18,981 [DESKTOP-H93RLBF:8560] [INFO]   --epochs              : 100             | Help: Total number of training epochs.
2026-03-15 13:36:18,981 [DESKTOP-H93RLBF:8560] [INFO]   --overfit             : False           | Help: Use the training set as the validation set to test overfitting.
2026-03-15 13:36:18,981 [DESKTOP-H93RLBF:8560] [INFO]   --overfit_frame       : False           | Help: Force the dataset to always start at frame 0.
2026-03-15 13:36:18,981 [DESKTOP-H93RLBF:8560] [INFO]   --train_batches       : 1000            | Help: Number of batches per training epoch.
2026-03-15 13:36:18,981 [DESKTOP-H93RLBF:8560] [INFO]   --val_batches         : 100             | Help: Number of batches per validation epoch.
2026-03-15 13:36:18,982 [DESKTOP-H93RLBF:8560] [INFO]   --val_repeat          : 1               | Help: Number of times to repeat the validation dataset.
2026-03-15 13:36:18,982 [DESKTOP-H93RLBF:8560] [INFO]   --batch_size          : 8               | Help: Number of samples per batch.
2026-03-15 13:36:18,982 [DESKTOP-H93RLBF:8560] [INFO]   --val_freq            : 1.0             | Help: Frequency of validation checks within an epoch (fraction or steps).
2026-03-15 13:36:18,982 [DESKTOP-H93RLBF:8560] [INFO]   --val_epoch_freq      : 1               | Help: Number of epochs between validation runs.
2026-03-15 13:36:18,982 [DESKTOP-H93RLBF:8560] [INFO]   --no_validate         : False           | Help: Disable validation entirely.
2026-03-15 13:36:18,982 [DESKTOP-H93RLBF:8560] [INFO]   --print_freq          : 100             | Help: Logging frequency in steps.
2026-03-15 13:36:18,982 [DESKTOP-H93RLBF:8560] [INFO]   --ckpt_freq           : 1               | Help: Checkpoint saving frequency in epochs.
2026-03-15 13:36:18,982 [DESKTOP-H93RLBF:8560] [INFO]   --wandb               : False           | Help: Enable Weights & Biases logging.
2026-03-15 13:36:18,982 [DESKTOP-H93RLBF:8560] [INFO]   --run_name            : ellipsoid_symmetric | Help: Name of the run (used for logging and saving).
2026-03-15 13:36:18,982 [DESKTOP-H93RLBF:8560] [INFO]   --accumulate_grad     : 2               | Help: Number of gradient accumulation steps to compensate for small batch sizes.
2026-03-15 13:36:18,983 [DESKTOP-H93RLBF:8560] [INFO]   --grad_clip           : 1.0             | Help: Gradient clipping max norm.
2026-03-15 13:36:18,983 [DESKTOP-H93RLBF:8560] [INFO]   --check_grad          : False           | Help: Enable gradient checking/debugging.
2026-03-15 13:36:18,983 [DESKTOP-H93RLBF:8560] [INFO]   --grad_checkpointing  : False           | Help: Enable gradient checkpointing to save VRAM.
2026-03-15 13:36:18,983 [DESKTOP-H93RLBF:8560] [INFO]   --adamW               : False           | Help: Use AdamW optimizer instead of standard Adam.
2026-03-15 13:36:18,983 [DESKTOP-H93RLBF:8560] [INFO]   --ema                 : False           | Help: Enable Exponential Moving Average (EMA) for model weights.
2026-03-15 13:36:18,983 [DESKTOP-H93RLBF:8560] [INFO]   --ema_decay           : 0.999           | Help: Decay rate for EMA.
2026-03-15 13:36:18,983 [DESKTOP-H93RLBF:8560] [INFO]   --lr                  : 0.0001          | Help: Learning rate for the optimizer.
2026-03-15 13:36:18,983 [DESKTOP-H93RLBF:8560] [INFO]   --precision           : bf16-mixed      | Help: Mixed precision training setting (e.g., bf16-mixed for RTX 40-series).
2026-03-15 13:36:18,983 [DESKTOP-H93RLBF:8560] [INFO]   --data_file           : C:\Users\Kevin2\ML_project\PMMA_mdgen\model\data\pmma_trajectory_1w.npy | Help: Path to the .npy trajectory data file.
2026-03-15 13:36:18,983 [DESKTOP-H93RLBF:8560] [INFO]   --box                 : None            | Help: Simulation box dimensions: Lx Ly Lz
2026-03-15 13:36:18,984 [DESKTOP-H93RLBF:8560] [INFO]   --large_file          : False           | Help: Use memory-mapped loading for large datasets that don't fit in RAM.
2026-03-15 13:36:18,984 [DESKTOP-H93RLBF:8560] [INFO]   --num_frames          : 50              | Help: Number of consecutive frames extracted per sequence.
2026-03-15 13:36:18,984 [DESKTOP-H93RLBF:8560] [INFO]   --crop                : 60              | Help: Number of particles/atoms (L) to crop or use in the system.
2026-03-15 13:36:18,984 [DESKTOP-H93RLBF:8560] [INFO]   --frame_interval      : 1               | Help: Step size between extracted frames.
2026-03-15 13:36:18,984 [DESKTOP-H93RLBF:8560] [INFO]   --copy_frames         : False           | Help: Duplicate the first frame across the entire sequence (for debugging).
2026-03-15 13:36:18,984 [DESKTOP-H93RLBF:8560] [INFO]   --hyena               : False           | Help: Use HyenaOperator instead of standard attention for the time dimension.
2026-03-15 13:36:18,984 [DESKTOP-H93RLBF:8560] [INFO]   --use_rope_t          : True            | Help: Enable RoPE for the time dimension (T).
2026-03-15 13:36:18,984 [DESKTOP-H93RLBF:8560] [INFO]   --use_rope_l          : True            | Help: Enable RoPE for the length/particle dimension (L).
2026-03-15 13:36:18,984 [DESKTOP-H93RLBF:8560] [INFO]   --dropout             : 0.1             | Help: Dropout probability.
2026-03-15 13:36:18,985 [DESKTOP-H93RLBF:8560] [INFO]   --interleave_ipa      : False           | Help: Interleave IPA layers with standard attention blocks.
2026-03-15 13:36:18,985 [DESKTOP-H93RLBF:8560] [INFO]   --prepend_ipa         : True            | Help: Add IPA layers before the main attention blocks.
2026-03-15 13:36:18,985 [DESKTOP-H93RLBF:8560] [INFO]   --num_layers          : 4               | Help: Number of attention layers in the network.
2026-03-15 13:36:18,985 [DESKTOP-H93RLBF:8560] [INFO]   --embed_dim           : 256             | Help: Hidden embedding dimension size.
2026-03-15 13:36:18,985 [DESKTOP-H93RLBF:8560] [INFO]   --mha_heads           : 8               | Help: Number of heads for standard Multi-Head Attention.
2026-03-15 13:36:18,985 [DESKTOP-H93RLBF:8560] [INFO]   --ipa_heads           : 4               | Help: Number of heads for Invariant Point Attention.
2026-03-15 13:36:18,985 [DESKTOP-H93RLBF:8560] [INFO]   --ipa_head_dim        : 16              | Help: Hidden dimension size per IPA head.
2026-03-15 13:36:18,985 [DESKTOP-H93RLBF:8560] [INFO]   --ipa_qk              : 4               | Help: Number of query/key points generated for IPA.
2026-03-15 13:36:18,985 [DESKTOP-H93RLBF:8560] [INFO]   --ipa_v               : 4               | Help: Number of value points generated for IPA.
2026-03-15 13:36:18,986 [DESKTOP-H93RLBF:8560] [INFO]   --time_multiplier     : 100.0           | Help: Scaling factor applied to the time embeddings.
2026-03-15 13:36:18,986 [DESKTOP-H93RLBF:8560] [INFO]   --abs_pos_emb         : True            | Help: Enable absolute 1D positional embeddings (breaks particle permutation symmetry).
2026-03-15 13:36:18,986 [DESKTOP-H93RLBF:8560] [INFO]   --abs_time_emb        : True            | Help: Enable absolute 1D time embeddings (critical for sequence ordering).
2026-03-15 13:36:18,986 [DESKTOP-H93RLBF:8560] [INFO]   --path_type           : GVP             | Help: Type of flow matching path.
2026-03-15 13:36:18,986 [DESKTOP-H93RLBF:8560] [INFO]   --prediction          : velocity        | Help: Target prediction type for the network.
2026-03-15 13:36:18,986 [DESKTOP-H93RLBF:8560] [INFO]   --sampling_method     : dopri5          | Help: ODE solver method for sampling.
2026-03-15 13:36:18,986 [DESKTOP-H93RLBF:8560] [INFO] ====================================================================================================
2026-03-15 13:37:21,129 [DESKTOP-H93RLBF:8560] [INFO] {'iter_loss': 1.1839188872277737, 'iter_time': 0.49868945464491843, 'iter_general_step_dur': 0.08444577932357789, 'epoch': 0, 'trainer_step': 100, 'iter_step': 200}
2026-03-15 13:37:59,276 [DESKTOP-H93RLBF:8560] [INFO] {'iter_loss': 0.5583494290709495, 'iter_time': 0.512358029410243, 'iter_general_step_dur': 0.07894683957099914, 'epoch': 0, 'trainer_step': 200, 'iter_step': 400}
2026-03-15 13:38:38,886 [DESKTOP-H93RLBF:11400] [INFO] ====================================================================================================
2026-03-15 13:38:38,886 [DESKTOP-H93RLBF:11400] [INFO] STARTING SCRIPT WITH ARGUMENTS:
2026-03-15 13:38:38,886 [DESKTOP-H93RLBF:11400] [INFO] ====================================================================================================
2026-03-15 13:38:38,886 [DESKTOP-H93RLBF:11400] [INFO]   --ckpt                : None            | Help: Path to a checkpoint to resume training or run inference.
2026-03-15 13:38:38,886 [DESKTOP-H93RLBF:11400] [INFO]   --validate            : False           | Help: Run validation only (no training).
2026-03-15 13:38:38,886 [DESKTOP-H93RLBF:11400] [INFO]   --num_workers         : 6               | Help: Number of DataLoader worker processes.
2026-03-15 13:38:38,887 [DESKTOP-H93RLBF:11400] [INFO]   --epochs              : 100             | Help: Total number of training epochs.
2026-03-15 13:38:38,887 [DESKTOP-H93RLBF:11400] [INFO]   --overfit             : False           | Help: Use the training set as the validation set to test overfitting.
2026-03-15 13:38:38,887 [DESKTOP-H93RLBF:11400] [INFO]   --overfit_frame       : False           | Help: Force the dataset to always start at frame 0.
2026-03-15 13:38:38,887 [DESKTOP-H93RLBF:11400] [INFO]   --train_batches       : 1000            | Help: Number of batches per training epoch.
2026-03-15 13:38:38,887 [DESKTOP-H93RLBF:11400] [INFO]   --val_batches         : 100             | Help: Number of batches per validation epoch.
2026-03-15 13:38:38,887 [DESKTOP-H93RLBF:11400] [INFO]   --val_repeat          : 1               | Help: Number of times to repeat the validation dataset.
2026-03-15 13:38:38,887 [DESKTOP-H93RLBF:11400] [INFO]   --batch_size          : 16              | Help: Number of samples per batch.
2026-03-15 13:38:38,887 [DESKTOP-H93RLBF:11400] [INFO]   --val_freq            : 1.0             | Help: Frequency of validation checks within an epoch (fraction or steps).
2026-03-15 13:38:38,887 [DESKTOP-H93RLBF:11400] [INFO]   --val_epoch_freq      : 1               | Help: Number of epochs between validation runs.
2026-03-15 13:38:38,887 [DESKTOP-H93RLBF:11400] [INFO]   --no_validate         : False           | Help: Disable validation entirely.
2026-03-15 13:38:38,888 [DESKTOP-H93RLBF:11400] [INFO]   --print_freq          : 100             | Help: Logging frequency in steps.
2026-03-15 13:38:38,888 [DESKTOP-H93RLBF:11400] [INFO]   --ckpt_freq           : 1               | Help: Checkpoint saving frequency in epochs.
2026-03-15 13:38:38,888 [DESKTOP-H93RLBF:11400] [INFO]   --wandb               : False           | Help: Enable Weights & Biases logging.
2026-03-15 13:38:38,888 [DESKTOP-H93RLBF:11400] [INFO]   --run_name            : ellipsoid_symmetric | Help: Name of the run (used for logging and saving).
2026-03-15 13:38:38,888 [DESKTOP-H93RLBF:11400] [INFO]   --accumulate_grad     : 1               | Help: Number of gradient accumulation steps to compensate for small batch sizes.
2026-03-15 13:38:38,888 [DESKTOP-H93RLBF:11400] [INFO]   --grad_clip           : 1.0             | Help: Gradient clipping max norm.
2026-03-15 13:38:38,888 [DESKTOP-H93RLBF:11400] [INFO]   --check_grad          : False           | Help: Enable gradient checking/debugging.
2026-03-15 13:38:38,889 [DESKTOP-H93RLBF:11400] [INFO]   --grad_checkpointing  : False           | Help: Enable gradient checkpointing to save VRAM.
2026-03-15 13:38:38,889 [DESKTOP-H93RLBF:11400] [INFO]   --adamW               : False           | Help: Use AdamW optimizer instead of standard Adam.
2026-03-15 13:38:38,889 [DESKTOP-H93RLBF:11400] [INFO]   --ema                 : False           | Help: Enable Exponential Moving Average (EMA) for model weights.
2026-03-15 13:38:38,889 [DESKTOP-H93RLBF:11400] [INFO]   --ema_decay           : 0.999           | Help: Decay rate for EMA.
2026-03-15 13:38:38,889 [DESKTOP-H93RLBF:11400] [INFO]   --lr                  : 0.0001          | Help: Learning rate for the optimizer.
2026-03-15 13:38:38,889 [DESKTOP-H93RLBF:11400] [INFO]   --precision           : bf16-mixed      | Help: Mixed precision training setting (e.g., bf16-mixed for RTX 40-series).
2026-03-15 13:38:38,889 [DESKTOP-H93RLBF:11400] [INFO]   --data_file           : C:\Users\Kevin2\ML_project\PMMA_mdgen\model\data\pmma_trajectory_1w.npy | Help: Path to the .npy trajectory data file.
2026-03-15 13:38:38,889 [DESKTOP-H93RLBF:11400] [INFO]   --box                 : None            | Help: Simulation box dimensions: Lx Ly Lz
2026-03-15 13:38:38,889 [DESKTOP-H93RLBF:11400] [INFO]   --large_file          : False           | Help: Use memory-mapped loading for large datasets that don't fit in RAM.
2026-03-15 13:38:38,889 [DESKTOP-H93RLBF:11400] [INFO]   --num_frames          : 50              | Help: Number of consecutive frames extracted per sequence.
2026-03-15 13:38:38,889 [DESKTOP-H93RLBF:11400] [INFO]   --crop                : 60              | Help: Number of particles/atoms (L) to crop or use in the system.
2026-03-15 13:38:38,890 [DESKTOP-H93RLBF:11400] [INFO]   --frame_interval      : 1               | Help: Step size between extracted frames.
2026-03-15 13:38:38,890 [DESKTOP-H93RLBF:11400] [INFO]   --copy_frames         : False           | Help: Duplicate the first frame across the entire sequence (for debugging).
2026-03-15 13:38:38,890 [DESKTOP-H93RLBF:11400] [INFO]   --hyena               : False           | Help: Use HyenaOperator instead of standard attention for the time dimension.
2026-03-15 13:38:38,890 [DESKTOP-H93RLBF:11400] [INFO]   --use_rope_t          : True            | Help: Enable RoPE for the time dimension (T).
2026-03-15 13:38:38,890 [DESKTOP-H93RLBF:11400] [INFO]   --use_rope_l          : True            | Help: Enable RoPE for the length/particle dimension (L).
2026-03-15 13:38:38,890 [DESKTOP-H93RLBF:11400] [INFO]   --dropout             : 0.1             | Help: Dropout probability.
2026-03-15 13:38:38,890 [DESKTOP-H93RLBF:11400] [INFO]   --interleave_ipa      : False           | Help: Interleave IPA layers with standard attention blocks.
2026-03-15 13:38:38,890 [DESKTOP-H93RLBF:11400] [INFO]   --prepend_ipa         : True            | Help: Add IPA layers before the main attention blocks.
2026-03-15 13:38:38,890 [DESKTOP-H93RLBF:11400] [INFO]   --num_layers          : 4               | Help: Number of attention layers in the network.
2026-03-15 13:38:38,890 [DESKTOP-H93RLBF:11400] [INFO]   --embed_dim           : 256             | Help: Hidden embedding dimension size.
2026-03-15 13:38:38,891 [DESKTOP-H93RLBF:11400] [INFO]   --mha_heads           : 8               | Help: Number of heads for standard Multi-Head Attention.
2026-03-15 13:38:38,891 [DESKTOP-H93RLBF:11400] [INFO]   --ipa_heads           : 4               | Help: Number of heads for Invariant Point Attention.
2026-03-15 13:38:38,891 [DESKTOP-H93RLBF:11400] [INFO]   --ipa_head_dim        : 16              | Help: Hidden dimension size per IPA head.
2026-03-15 13:38:38,891 [DESKTOP-H93RLBF:11400] [INFO]   --ipa_qk              : 4               | Help: Number of query/key points generated for IPA.
2026-03-15 13:38:38,891 [DESKTOP-H93RLBF:11400] [INFO]   --ipa_v               : 4               | Help: Number of value points generated for IPA.
2026-03-15 13:38:38,891 [DESKTOP-H93RLBF:11400] [INFO]   --time_multiplier     : 100.0           | Help: Scaling factor applied to the time embeddings.
2026-03-15 13:38:38,891 [DESKTOP-H93RLBF:11400] [INFO]   --abs_pos_emb         : True            | Help: Enable absolute 1D positional embeddings (breaks particle permutation symmetry).
2026-03-15 13:38:38,891 [DESKTOP-H93RLBF:11400] [INFO]   --abs_time_emb        : True            | Help: Enable absolute 1D time embeddings (critical for sequence ordering).
2026-03-15 13:38:38,891 [DESKTOP-H93RLBF:11400] [INFO]   --path_type           : GVP             | Help: Type of flow matching path.
2026-03-15 13:38:38,892 [DESKTOP-H93RLBF:11400] [INFO]   --prediction          : velocity        | Help: Target prediction type for the network.
2026-03-15 13:38:38,892 [DESKTOP-H93RLBF:11400] [INFO]   --sampling_method     : dopri5          | Help: ODE solver method for sampling.
2026-03-15 13:38:38,892 [DESKTOP-H93RLBF:11400] [INFO] ====================================================================================================
2026-03-15 13:39:38,044 [DESKTOP-H93RLBF:11400] [INFO] {'iter_loss': 1.1909835880994797, 'iter_time': 0.4986675351858139, 'iter_general_step_dur': 0.14035958528518677, 'epoch': 0, 'trainer_step': 100, 'iter_step': 100}
2026-03-15 13:40:12,788 [DESKTOP-H93RLBF:11400] [INFO] {'iter_loss': 0.5387503656744957, 'iter_time': 0.4969704434275627, 'iter_general_step_dur': 0.1286148953437805, 'epoch': 0, 'trainer_step': 200, 'iter_step': 200}
2026-03-15 13:40:47,473 [DESKTOP-H93RLBF:11400] [INFO] {'iter_loss': 0.41492282688617704, 'iter_time': 0.48899342238903043, 'iter_general_step_dur': 0.128717041015625, 'epoch': 0, 'trainer_step': 300, 'iter_step': 300}
2026-03-15 13:41:22,341 [DESKTOP-H93RLBF:11400] [INFO] {'iter_loss': 0.3715114027261734, 'iter_time': 0.5060353624820709, 'iter_general_step_dur': 0.12846743822097778, 'epoch': 0, 'trainer_step': 400, 'iter_step': 400}
2026-03-15 13:41:57,012 [DESKTOP-H93RLBF:11400] [INFO] {'iter_loss': 0.36120722979307174, 'iter_time': 0.48922687143087384, 'iter_general_step_dur': 0.1297324228286743, 'epoch': 0, 'trainer_step': 500, 'iter_step': 500}
2026-03-15 13:42:31,856 [DESKTOP-H93RLBF:11400] [INFO] {'iter_loss': 0.3561015444993973, 'iter_time': 0.49930805087089536, 'iter_general_step_dur': 0.1280616617202759, 'epoch': 0, 'trainer_step': 600, 'iter_step': 600}
2026-03-15 13:43:07,010 [DESKTOP-H93RLBF:11400] [INFO] {'iter_loss': 0.3439028353989124, 'iter_time': 0.5072800493240357, 'iter_general_step_dur': 0.12880106925964355, 'epoch': 0, 'trainer_step': 700, 'iter_step': 700}
2026-03-15 13:43:41,090 [DESKTOP-H93RLBF:11400] [INFO] {'iter_loss': 0.330170972943306, 'iter_time': 0.5118517005443572, 'iter_general_step_dur': 0.1282251214981079, 'epoch': 0, 'trainer_step': 800, 'iter_step': 800}
2026-03-15 13:44:14,882 [DESKTOP-H93RLBF:11400] [INFO] {'iter_loss': 0.3323879373073578, 'iter_time': 0.4993828213214874, 'iter_general_step_dur': 0.1264636206626892, 'epoch': 0, 'trainer_step': 900, 'iter_step': 900}
2026-03-15 13:44:48,771 [DESKTOP-H93RLBF:11400] [INFO] {'iter_loss': 0.33547511681914327, 'iter_time': 0.5033233985304832, 'iter_general_step_dur': 0.12464086055755615, 'epoch': 0, 'trainer_step': 1000, 'iter_step': 1000}
2026-03-15 13:45:01,191 [DESKTOP-H93RLBF:11400] [INFO] {'val_loss': 0.31008069768548013, 'val_time': 0.4775400686264038, 'val_general_step_dur': 0.12148579120635987, 'epoch': 0, 'trainer_step': 1000, 'iter_step': 1100}
2026-03-15 13:45:01,193 [DESKTOP-H93RLBF:11400] [INFO] {'train_loss': 0.4575413820147514, 'train_time': 0.5001039655506611, 'train_general_step_dur': 0.1292083716392517, 'epoch': 0, 'trainer_step': 1000, 'iter_step': 1100}
2026-03-15 13:45:35,911 [DESKTOP-H93RLBF:11400] [INFO] {'iter_loss': 0.32575746908783915, 'iter_time': 0.4962818869948387, 'iter_general_step_dur': 0.1266788649559021, 'epoch': 1, 'trainer_step': 1100, 'iter_step': 1200}
2026-03-15 13:46:09,613 [DESKTOP-H93RLBF:11400] [INFO] {'iter_loss': 0.3230894829332829, 'iter_time': 0.5071010261774063, 'iter_general_step_dur': 0.12720056772232055, 'epoch': 1, 'trainer_step': 1200, 'iter_step': 1300}
2026-03-15 13:46:43,561 [DESKTOP-H93RLBF:11400] [INFO] {'iter_loss': 0.32442544132471085, 'iter_time': 0.49403787046670916, 'iter_general_step_dur': 0.12776536941528321, 'epoch': 1, 'trainer_step': 1300, 'iter_step': 1400}
2026-03-15 13:47:17,387 [DESKTOP-H93RLBF:11400] [INFO] {'iter_loss': 0.3151292237639427, 'iter_time': 0.5002119010686874, 'iter_general_step_dur': 0.12737612724304198, 'epoch': 1, 'trainer_step': 1400, 'iter_step': 1500}
2026-03-15 13:47:51,187 [DESKTOP-H93RLBF:11400] [INFO] {'iter_loss': 0.3239282603561878, 'iter_time': 0.49947017461061477, 'iter_general_step_dur': 0.12839337348937988, 'epoch': 1, 'trainer_step': 1500, 'iter_step': 1600}
2026-03-15 13:48:24,924 [DESKTOP-H93RLBF:11400] [INFO] {'iter_loss': 0.31269945070147515, 'iter_time': 0.4873133090138435, 'iter_general_step_dur': 0.12825763702392579, 'epoch': 1, 'trainer_step': 1600, 'iter_step': 1700}
2026-03-15 13:48:58,578 [DESKTOP-H93RLBF:11400] [INFO] {'iter_loss': 0.2993172980844975, 'iter_time': 0.5018324828147889, 'iter_general_step_dur': 0.12839075565338134, 'epoch': 1, 'trainer_step': 1700, 'iter_step': 1800}
2026-03-15 13:49:32,557 [DESKTOP-H93RLBF:11400] [INFO] {'iter_loss': 0.3093560715019703, 'iter_time': 0.5084540557861328, 'iter_general_step_dur': 0.1272602128982544, 'epoch': 1, 'trainer_step': 1800, 'iter_step': 1900}
2026-03-15 13:50:06,498 [DESKTOP-H93RLBF:11400] [INFO] {'iter_loss': 0.3037532553076744, 'iter_time': 0.49922814637422563, 'iter_general_step_dur': 0.1273460555076599, 'epoch': 1, 'trainer_step': 1900, 'iter_step': 2000}
2026-03-15 13:50:40,720 [DESKTOP-H93RLBF:11400] [INFO] {'iter_loss': 0.30997324615716937, 'iter_time': 0.503181631565094, 'iter_general_step_dur': 0.12672856330871582, 'epoch': 1, 'trainer_step': 2000, 'iter_step': 2100}
2026-03-15 13:50:52,985 [DESKTOP-H93RLBF:11400] [INFO] {'val_loss': 0.290753269046545, 'val_time': 0.4898923763632774, 'val_general_step_dur': 0.12017550706863403, 'epoch': 1, 'trainer_step': 2000, 'iter_step': 2200}
2026-03-15 13:50:52,987 [DESKTOP-H93RLBF:11400] [INFO] {'train_loss': 0.314742919921875, 'train_time': 0.49971124848723414, 'train_general_step_dur': 0.1275397527217865, 'epoch': 1, 'trainer_step': 2000, 'iter_step': 2200}
2026-03-15 13:51:27,514 [DESKTOP-H93RLBF:11400] [INFO] {'iter_loss': 0.31421996653079987, 'iter_time': 0.5159779188036918, 'iter_general_step_dur': 0.12734921932220458, 'epoch': 2, 'trainer_step': 2100, 'iter_step': 2300}
2026-03-15 13:52:01,239 [DESKTOP-H93RLBF:11400] [INFO] {'iter_loss': 0.2975501798093319, 'iter_time': 0.4900310257077217, 'iter_general_step_dur': 0.1278468441963196, 'epoch': 2, 'trainer_step': 2200, 'iter_step': 2400}
2026-03-15 13:52:35,289 [DESKTOP-H93RLBF:11400] [INFO] {'iter_loss': 0.30531136587262153, 'iter_time': 0.5017829051613808, 'iter_general_step_dur': 0.1284731960296631, 'epoch': 2, 'trainer_step': 2300, 'iter_step': 2500}
2026-03-15 13:53:09,271 [DESKTOP-H93RLBF:11400] [INFO] {'iter_loss': 0.2997338530421257, 'iter_time': 0.4975205883383751, 'iter_general_step_dur': 0.12832908868789672, 'epoch': 2, 'trainer_step': 2400, 'iter_step': 2600}
2026-03-15 13:53:42,989 [DESKTOP-H93RLBF:11400] [INFO] {'iter_loss': 0.2901329481601715, 'iter_time': 0.4989940920472145, 'iter_general_step_dur': 0.1284225082397461, 'epoch': 2, 'trainer_step': 2500, 'iter_step': 2700}
2026-03-15 13:54:16,533 [DESKTOP-H93RLBF:11400] [INFO] {'iter_loss': 0.28688071221113204, 'iter_time': 0.49360796093940734, 'iter_general_step_dur': 0.1278125023841858, 'epoch': 2, 'trainer_step': 2600, 'iter_step': 2800}
2026-03-15 13:54:50,706 [DESKTOP-H93RLBF:11400] [INFO] {'iter_loss': 0.29571269229054453, 'iter_time': 0.4899365872144699, 'iter_general_step_dur': 0.12779551029205322, 'epoch': 2, 'trainer_step': 2700, 'iter_step': 2900}
2026-03-15 13:55:24,825 [DESKTOP-H93RLBF:11400] [INFO] {'iter_loss': 0.2977705402672291, 'iter_time': 0.500201404094696, 'iter_general_step_dur': 0.12806461572647096, 'epoch': 2, 'trainer_step': 2800, 'iter_step': 3000}
2026-03-15 13:55:58,170 [DESKTOP-H93RLBF:11400] [INFO] {'iter_loss': 0.2905978998541832, 'iter_time': 0.5042122992873191, 'iter_general_step_dur': 0.12778130054473877, 'epoch': 2, 'trainer_step': 2900, 'iter_step': 3100}
2026-03-15 13:56:31,811 [DESKTOP-H93RLBF:11400] [INFO] {'iter_loss': 0.2974581053853035, 'iter_time': 0.5020421782135963, 'iter_general_step_dur': 0.12626659631729126, 'epoch': 2, 'trainer_step': 3000, 'iter_step': 3200}
2026-03-15 13:56:43,917 [DESKTOP-H93RLBF:11400] [INFO] {'val_loss': 0.30765884459018705, 'val_time': 0.511293133199215, 'val_general_step_dur': 0.1185238790512085, 'epoch': 2, 'trainer_step': 3000, 'iter_step': 3300}
2026-03-15 13:56:43,919 [DESKTOP-H93RLBF:11400] [INFO] {'train_loss': 0.2975368263423443, 'train_time': 0.49943069598078726, 'train_general_step_dur': 0.127814138174057, 'epoch': 2, 'trainer_step': 3000, 'iter_step': 3300}
2026-03-15 13:57:18,464 [DESKTOP-H93RLBF:11400] [INFO] {'iter_loss': 0.2975178161263466, 'iter_time': 0.5037665939331055, 'iter_general_step_dur': 0.1272003698348999, 'epoch': 3, 'trainer_step': 3100, 'iter_step': 3400}
2026-03-15 13:57:52,406 [DESKTOP-H93RLBF:11400] [INFO] {'iter_loss': 0.2955806539952755, 'iter_time': 0.49767890334129333, 'iter_general_step_dur': 0.12743149280548097, 'epoch': 3, 'trainer_step': 3200, 'iter_step': 3500}
2026-03-15 13:58:26,250 [DESKTOP-H93RLBF:11400] [INFO] {'iter_loss': 0.28886400401592255, 'iter_time': 0.4996688210964203, 'iter_general_step_dur': 0.12875519037246705, 'epoch': 3, 'trainer_step': 3300, 'iter_step': 3600}
2026-03-15 13:59:00,291 [DESKTOP-H93RLBF:11400] [INFO] {'iter_loss': 0.28946466207504273, 'iter_time': 0.4962978398799896, 'iter_general_step_dur': 0.12749894142150878, 'epoch': 3, 'trainer_step': 3400, 'iter_step': 3700}
2026-03-15 13:59:34,076 [DESKTOP-H93RLBF:11400] [INFO] {'iter_loss': 0.29161550402641295, 'iter_time': 0.5025321352481842, 'iter_general_step_dur': 0.1273527240753174, 'epoch': 3, 'trainer_step': 3500, 'iter_step': 3800}
2026-03-15 14:00:07,830 [DESKTOP-H93RLBF:11400] [INFO] {'iter_loss': 0.2871991391479969, 'iter_time': 0.4859633442759514, 'iter_general_step_dur': 0.1281504201889038, 'epoch': 3, 'trainer_step': 3600, 'iter_step': 3900}
2026-03-15 14:00:41,717 [DESKTOP-H93RLBF:11400] [INFO] {'iter_loss': 0.2842737394571304, 'iter_time': 0.4996234202384949, 'iter_general_step_dur': 0.12714184761047365, 'epoch': 3, 'trainer_step': 3700, 'iter_step': 4000}
2026-03-15 14:01:15,435 [DESKTOP-H93RLBF:11400] [INFO] {'iter_loss': 0.2903414763510227, 'iter_time': 0.49413632541894914, 'iter_general_step_dur': 0.1282942295074463, 'epoch': 3, 'trainer_step': 3800, 'iter_step': 4100}
2026-03-15 14:01:49,364 [DESKTOP-H93RLBF:11400] [INFO] {'iter_loss': 0.2895115041732788, 'iter_time': 0.49428730189800263, 'iter_general_step_dur': 0.12681939125061034, 'epoch': 3, 'trainer_step': 3900, 'iter_step': 4200}
2026-03-15 14:02:23,348 [DESKTOP-H93RLBF:11400] [INFO] {'iter_loss': 0.29396374434232714, 'iter_time': 0.49883658677339554, 'iter_general_step_dur': 0.12579886198043824, 'epoch': 3, 'trainer_step': 4000, 'iter_step': 4300}
2026-03-15 14:02:35,674 [DESKTOP-H93RLBF:11400] [INFO] {'val_loss': 0.2842351634800434, 'val_time': 0.5056814002990723, 'val_general_step_dur': 0.12061722755432129, 'epoch': 3, 'trainer_step': 4000, 'iter_step': 4400}
2026-03-15 14:02:35,676 [DESKTOP-H93RLBF:11400] [INFO] {'train_loss': 0.2908332243710756, 'train_time': 0.49727912721037865, 'train_general_step_dur': 0.12744434690475465, 'epoch': 3, 'trainer_step': 4000, 'iter_step': 4400}
2026-03-15 14:03:10,145 [DESKTOP-H93RLBF:11400] [INFO] {'iter_loss': 0.29794576615095136, 'iter_time': 0.5007239073514939, 'iter_general_step_dur': 0.1268531060218811, 'epoch': 4, 'trainer_step': 4100, 'iter_step': 4500}
2026-03-15 14:03:43,944 [DESKTOP-H93RLBF:11400] [INFO] {'iter_loss': 0.2782222606241703, 'iter_time': 0.4909085750579834, 'iter_general_step_dur': 0.12790505409240724, 'epoch': 4, 'trainer_step': 4200, 'iter_step': 4600}
2026-03-15 14:04:17,702 [DESKTOP-H93RLBF:11400] [INFO] {'iter_loss': 0.29171725913882257, 'iter_time': 0.504992114007473, 'iter_general_step_dur': 0.12787003993988036, 'epoch': 4, 'trainer_step': 4300, 'iter_step': 4700}
2026-03-15 14:04:51,215 [DESKTOP-H93RLBF:11400] [INFO] {'iter_loss': 0.2826988318562508, 'iter_time': 0.4906678116321564, 'iter_general_step_dur': 0.12782089948654174, 'epoch': 4, 'trainer_step': 4400, 'iter_step': 4800}
2026-03-15 14:05:25,052 [DESKTOP-H93RLBF:11400] [INFO] {'iter_loss': 0.27530051782727244, 'iter_time': 0.5037908038496971, 'iter_general_step_dur': 0.12658472537994384, 'epoch': 4, 'trainer_step': 4500, 'iter_step': 4900}
2026-03-15 14:05:58,379 [DESKTOP-H93RLBF:11400] [INFO] {'iter_loss': 0.2793474207818508, 'iter_time': 0.49616332292556764, 'iter_general_step_dur': 0.12838397264480592, 'epoch': 4, 'trainer_step': 4600, 'iter_step': 5000}
2026-03-15 14:06:32,271 [DESKTOP-H93RLBF:11400] [INFO] {'iter_loss': 0.28357880011200903, 'iter_time': 0.49436237156391144, 'iter_general_step_dur': 0.12843554258346557, 'epoch': 4, 'trainer_step': 4700, 'iter_step': 5100}
2026-03-15 14:07:05,797 [DESKTOP-H93RLBF:11400] [INFO] {'iter_loss': 0.28881585389375686, 'iter_time': 0.5050608798861503, 'iter_general_step_dur': 0.12685580253601075, 'epoch': 4, 'trainer_step': 4800, 'iter_step': 5200}
2026-03-15 14:07:39,586 [DESKTOP-H93RLBF:11400] [INFO] {'iter_loss': 0.2758164077997208, 'iter_time': 0.5029957804083824, 'iter_general_step_dur': 0.12675315618515015, 'epoch': 4, 'trainer_step': 4900, 'iter_step': 5300}
2026-03-15 14:08:13,167 [DESKTOP-H93RLBF:11400] [INFO] {'iter_loss': 0.2903980301320553, 'iter_time': 0.50697645008564, 'iter_general_step_dur': 0.12626869916915895, 'epoch': 4, 'trainer_step': 5000, 'iter_step': 5400}
2026-03-15 14:08:25,413 [DESKTOP-H93RLBF:11400] [INFO] {'val_loss': 0.28674962267279624, 'val_time': 0.5014058542251587, 'val_general_step_dur': 0.12007180213928223, 'epoch': 4, 'trainer_step': 5000, 'iter_step': 5500}
2026-03-15 14:08:25,415 [DESKTOP-H93RLBF:11400] [INFO] {'train_loss': 0.284384114831686, 'train_time': 0.49966420167684555, 'train_general_step_dur': 0.12737309980392456, 'epoch': 4, 'trainer_step': 5000, 'iter_step': 5500}
2026-03-15 14:08:59,656 [DESKTOP-H93RLBF:11400] [INFO] {'iter_loss': 0.28034476086497306, 'iter_time': 0.4954250931739807, 'iter_general_step_dur': 0.12486647605895997, 'epoch': 5, 'trainer_step': 5100, 'iter_step': 5600}
2026-03-15 14:09:33,405 [DESKTOP-H93RLBF:11400] [INFO] {'iter_loss': 0.27746176183223725, 'iter_time': 0.5098581871390343, 'iter_general_step_dur': 0.12784549951553345, 'epoch': 5, 'trainer_step': 5200, 'iter_step': 5700}
2026-03-15 14:10:06,811 [DESKTOP-H93RLBF:11400] [INFO] {'iter_loss': 0.27966943114995957, 'iter_time': 0.5085037815570831, 'iter_general_step_dur': 0.12904129981994628, 'epoch': 5, 'trainer_step': 5300, 'iter_step': 5800}
2026-03-15 14:10:40,649 [DESKTOP-H93RLBF:11400] [INFO] {'iter_loss': 0.2825386592745781, 'iter_time': 0.5022004869580269, 'iter_general_step_dur': 0.12768129110336304, 'epoch': 5, 'trainer_step': 5400, 'iter_step': 5900}
2026-03-15 14:11:14,228 [DESKTOP-H93RLBF:11400] [INFO] {'iter_loss': 0.2813319419324398, 'iter_time': 0.5072254604101181, 'iter_general_step_dur': 0.12635911464691163, 'epoch': 5, 'trainer_step': 5500, 'iter_step': 6000}
2026-03-15 14:11:47,602 [DESKTOP-H93RLBF:11400] [INFO] {'iter_loss': 0.2741785359382629, 'iter_time': 0.49986546993255615, 'iter_general_step_dur': 0.12642571449279785, 'epoch': 5, 'trainer_step': 5600, 'iter_step': 6100}
2026-03-15 14:12:21,403 [DESKTOP-H93RLBF:11400] [INFO] {'iter_loss': 0.2848095539212227, 'iter_time': 0.5070694455504418, 'iter_general_step_dur': 0.12779393434524536, 'epoch': 5, 'trainer_step': 5700, 'iter_step': 6200}
2026-03-15 14:12:55,014 [DESKTOP-H93RLBF:11400] [INFO] {'iter_loss': 0.27966963559389113, 'iter_time': 0.5001771008968353, 'iter_general_step_dur': 0.12775325775146484, 'epoch': 5, 'trainer_step': 5800, 'iter_step': 6300}
2026-03-15 14:13:28,797 [DESKTOP-H93RLBF:11400] [INFO] {'iter_loss': 0.27230272769927977, 'iter_time': 0.5028574413061142, 'iter_general_step_dur': 0.12856123685836793, 'epoch': 5, 'trainer_step': 5900, 'iter_step': 6400}
2026-03-15 14:14:02,643 [DESKTOP-H93RLBF:11400] [INFO] {'iter_loss': 0.2759869937598705, 'iter_time': 0.5056369239091874, 'iter_general_step_dur': 0.12540317058563233, 'epoch': 5, 'trainer_step': 6000, 'iter_step': 6500}
2026-03-15 14:14:14,809 [DESKTOP-H93RLBF:11400] [INFO] {'val_loss': 0.27703697070479394, 'val_time': 0.49976796746253965, 'val_general_step_dur': 0.11906560420989991, 'epoch': 5, 'trainer_step': 6000, 'iter_step': 6600}
2026-03-15 14:14:14,811 [DESKTOP-H93RLBF:11400] [INFO] {'train_loss': 0.27882940019667146, 'train_time': 0.5038819390833378, 'train_general_step_dur': 0.12717309951782227, 'epoch': 5, 'trainer_step': 6000, 'iter_step': 6600}
2026-03-15 14:14:49,159 [DESKTOP-H93RLBF:11400] [INFO] {'iter_loss': 0.2767975404858589, 'iter_time': 0.4921037009358406, 'iter_general_step_dur': 0.12434242248535156, 'epoch': 6, 'trainer_step': 6100, 'iter_step': 6700}
2026-03-15 14:15:23,003 [DESKTOP-H93RLBF:11400] [INFO] {'iter_loss': 0.27502275332808496, 'iter_time': 0.4978471276164055, 'iter_general_step_dur': 0.12695666313171386, 'epoch': 6, 'trainer_step': 6200, 'iter_step': 6800}
2026-03-15 14:15:56,592 [DESKTOP-H93RLBF:11400] [INFO] {'iter_loss': 0.2603192576766014, 'iter_time': 0.49147003203630446, 'iter_general_step_dur': 0.12582666635513307, 'epoch': 6, 'trainer_step': 6300, 'iter_step': 6900}
2026-03-15 14:16:30,136 [DESKTOP-H93RLBF:11400] [INFO] {'iter_loss': 0.27314471766352655, 'iter_time': 0.49375246405601503, 'iter_general_step_dur': 0.12738511323928833, 'epoch': 6, 'trainer_step': 6400, 'iter_step': 7000}
2026-03-15 14:17:03,550 [DESKTOP-H93RLBF:11400] [INFO] {'iter_loss': 0.2642801064252853, 'iter_time': 0.4949087285995483, 'iter_general_step_dur': 0.12550694227218628, 'epoch': 6, 'trainer_step': 6500, 'iter_step': 7100}
2026-03-15 14:17:38,118 [DESKTOP-H93RLBF:11400] [INFO] {'iter_loss': 0.2637413635849953, 'iter_time': 0.491901393532753, 'iter_general_step_dur': 0.12609048843383788, 'epoch': 6, 'trainer_step': 6600, 'iter_step': 7200}
2026-03-15 14:18:12,276 [DESKTOP-H93RLBF:11400] [INFO] {'iter_loss': 0.2676969794929028, 'iter_time': 0.50377566665411, 'iter_general_step_dur': 0.12699050188064576, 'epoch': 6, 'trainer_step': 6700, 'iter_step': 7300}
2026-03-15 14:18:47,280 [DESKTOP-H93RLBF:11400] [INFO] {'iter_loss': 0.26922540113329885, 'iter_time': 0.5008062759041786, 'iter_general_step_dur': 0.1294361710548401, 'epoch': 6, 'trainer_step': 6800, 'iter_step': 7400}
2026-03-15 14:19:22,190 [DESKTOP-H93RLBF:11400] [INFO] {'iter_loss': 0.27342884346842766, 'iter_time': 0.4996481522917747, 'iter_general_step_dur': 0.12892725706100464, 'epoch': 6, 'trainer_step': 6900, 'iter_step': 7500}
2026-03-15 14:19:57,159 [DESKTOP-H93RLBF:11400] [INFO] {'iter_loss': 0.26000578492879867, 'iter_time': 0.49582580268383025, 'iter_general_step_dur': 0.12739665508270265, 'epoch': 6, 'trainer_step': 7000, 'iter_step': 7600}
2026-03-15 14:20:09,834 [DESKTOP-H93RLBF:11400] [INFO] {'val_loss': 0.26040496930480006, 'val_time': 0.49368464946746826, 'val_general_step_dur': 0.12404743194580078, 'epoch': 6, 'trainer_step': 7000, 'iter_step': 7700}
2026-03-15 14:20:09,837 [DESKTOP-H93RLBF:11400] [INFO] {'train_loss': 0.26836627481877806, 'train_time': 0.4962039344310761, 'train_general_step_dur': 0.1268858880996704, 'epoch': 6, 'trainer_step': 7000, 'iter_step': 7700}
2026-03-15 14:20:45,483 [DESKTOP-H93RLBF:11400] [INFO] {'iter_loss': 0.25881887644529344, 'iter_time': 0.493386966586113, 'iter_general_step_dur': 0.1276588535308838, 'epoch': 7, 'trainer_step': 7100, 'iter_step': 7800}
2026-03-15 14:21:20,542 [DESKTOP-H93RLBF:11400] [INFO] {'iter_loss': 0.2627571366727352, 'iter_time': 0.5053531357645988, 'iter_general_step_dur': 0.12812281847000123, 'epoch': 7, 'trainer_step': 7200, 'iter_step': 7900}
2026-03-15 14:21:55,244 [DESKTOP-H93RLBF:11400] [INFO] {'iter_loss': 0.2674303291738033, 'iter_time': 0.500887063741684, 'iter_general_step_dur': 0.12710921287536622, 'epoch': 7, 'trainer_step': 7300, 'iter_step': 8000}
2026-03-15 14:22:29,327 [DESKTOP-H93RLBF:11400] [INFO] {'iter_loss': 0.2670440064370632, 'iter_time': 0.5086041903495788, 'iter_general_step_dur': 0.1265031147003174, 'epoch': 7, 'trainer_step': 7400, 'iter_step': 8100}
2026-03-15 14:23:03,414 [DESKTOP-H93RLBF:11400] [INFO] {'iter_loss': 0.2612527611851692, 'iter_time': 0.5029237568378448, 'iter_general_step_dur': 0.1275302791595459, 'epoch': 7, 'trainer_step': 7500, 'iter_step': 8200}
2026-03-15 14:23:37,226 [DESKTOP-H93RLBF:11400] [INFO] {'iter_loss': 0.2580760742723942, 'iter_time': 0.5015159863233566, 'iter_general_step_dur': 0.1275209641456604, 'epoch': 7, 'trainer_step': 7600, 'iter_step': 8300}
2026-03-15 14:24:10,998 [DESKTOP-H93RLBF:11400] [INFO] {'iter_loss': 0.2571843038499355, 'iter_time': 0.4859022116661072, 'iter_general_step_dur': 0.12774380445480346, 'epoch': 7, 'trainer_step': 7700, 'iter_step': 8400}
2026-03-15 14:24:44,843 [DESKTOP-H93RLBF:11400] [INFO] {'iter_loss': 0.2663020306825638, 'iter_time': 0.511265632212162, 'iter_general_step_dur': 0.12807376861572264, 'epoch': 7, 'trainer_step': 7800, 'iter_step': 8500}
2026-03-15 14:25:18,346 [DESKTOP-H93RLBF:11400] [INFO] {'iter_loss': 0.26152323886752127, 'iter_time': 0.49726880371570586, 'iter_general_step_dur': 0.12836220026016235, 'epoch': 7, 'trainer_step': 7900, 'iter_step': 8600}
2026-03-15 14:25:52,188 [DESKTOP-H93RLBF:11400] [INFO] {'iter_loss': 0.26419101893901825, 'iter_time': 0.5004898679256439, 'iter_general_step_dur': 0.12846421718597412, 'epoch': 7, 'trainer_step': 8000, 'iter_step': 8700}
2026-03-15 14:26:04,591 [DESKTOP-H93RLBF:11400] [INFO] {'val_loss': 0.2615830712020397, 'val_time': 0.4986610755324364, 'val_general_step_dur': 0.12138011693954467, 'epoch': 7, 'trainer_step': 8000, 'iter_step': 8800}
2026-03-15 14:26:04,593 [DESKTOP-H93RLBF:11400] [INFO] {'train_loss': 0.26245797765254975, 'train_time': 0.5007597615122795, 'train_general_step_dur': 0.12770892333984374, 'epoch': 7, 'trainer_step': 8000, 'iter_step': 8800}
2026-03-15 14:26:39,149 [DESKTOP-H93RLBF:11400] [INFO] {'iter_loss': 0.26392962723970415, 'iter_time': 0.49249808847904203, 'iter_general_step_dur': 0.12645392417907714, 'epoch': 8, 'trainer_step': 8100, 'iter_step': 8900}
2026-03-15 14:27:12,760 [DESKTOP-H93RLBF:11400] [INFO] {'iter_loss': 0.25949166372418403, 'iter_time': 0.5079920583963394, 'iter_general_step_dur': 0.12656988620758056, 'epoch': 8, 'trainer_step': 8200, 'iter_step': 9000}
2026-03-15 14:27:46,635 [DESKTOP-H93RLBF:11400] [INFO] {'iter_loss': 0.2660280106961727, 'iter_time': 0.49351857662200926, 'iter_general_step_dur': 0.12554673194885255, 'epoch': 8, 'trainer_step': 8300, 'iter_step': 9100}
2026-03-15 14:28:20,392 [DESKTOP-H93RLBF:11400] [INFO] {'iter_loss': 0.26587729454040526, 'iter_time': 0.5006310242414475, 'iter_general_step_dur': 0.1280703353881836, 'epoch': 8, 'trainer_step': 8400, 'iter_step': 9200}
2026-03-15 14:28:54,051 [DESKTOP-H93RLBF:11400] [INFO] {'iter_loss': 0.2698377451300621, 'iter_time': 0.4986988466978073, 'iter_general_step_dur': 0.12896036386489867, 'epoch': 8, 'trainer_step': 8500, 'iter_step': 9300}
2026-03-15 14:29:27,951 [DESKTOP-H93RLBF:11400] [INFO] {'iter_loss': 0.25336375042796133, 'iter_time': 0.5028555178642273, 'iter_general_step_dur': 0.12910749197006224, 'epoch': 8, 'trainer_step': 8600, 'iter_step': 9400}
2026-03-15 14:30:02,068 [DESKTOP-H93RLBF:11400] [INFO] {'iter_loss': 0.2582183945178986, 'iter_time': 0.5002546772360802, 'iter_general_step_dur': 0.12898582220077515, 'epoch': 8, 'trainer_step': 8700, 'iter_step': 9500}
2026-03-15 14:30:35,870 [DESKTOP-H93RLBF:11400] [INFO] {'iter_loss': 0.24581387415528297, 'iter_time': 0.48310001045465467, 'iter_general_step_dur': 0.1291217851638794, 'epoch': 8, 'trainer_step': 8800, 'iter_step': 9600}
2026-03-15 14:31:09,634 [DESKTOP-H93RLBF:11400] [INFO] {'iter_loss': 0.25649716183543203, 'iter_time': 0.49725958168506623, 'iter_general_step_dur': 0.1280654811859131, 'epoch': 8, 'trainer_step': 8900, 'iter_step': 9700}
2026-03-15 14:31:43,230 [DESKTOP-H93RLBF:11400] [INFO] {'iter_loss': 0.2580396015942097, 'iter_time': 0.5047014597058296, 'iter_general_step_dur': 0.12853601932525635, 'epoch': 8, 'trainer_step': 9000, 'iter_step': 9800}
2026-03-15 14:31:55,657 [DESKTOP-H93RLBF:11400] [INFO] {'val_loss': 0.2550542524456978, 'val_time': 0.48465449005365374, 'val_general_step_dur': 0.12167080163955689, 'epoch': 8, 'trainer_step': 9000, 'iter_step': 9900}
2026-03-15 14:31:55,660 [DESKTOP-H93RLBF:11400] [INFO] {'train_loss': 0.2597097123861313, 'train_time': 0.4981509841382504, 'train_general_step_dur': 0.12794178414344787, 'epoch': 8, 'trainer_step': 9000, 'iter_step': 9900}
2026-03-15 14:32:30,315 [DESKTOP-H93RLBF:11400] [INFO] {'iter_loss': 0.2577195857465267, 'iter_time': 0.4949046760797501, 'iter_general_step_dur': 0.1256967306137085, 'epoch': 9, 'trainer_step': 9100, 'iter_step': 10000}
2026-03-15 14:33:04,190 [DESKTOP-H93RLBF:11400] [INFO] {'iter_loss': 0.2523785938322544, 'iter_time': 0.506824115216732, 'iter_general_step_dur': 0.1255280089378357, 'epoch': 9, 'trainer_step': 9200, 'iter_step': 10100}
2026-03-15 14:33:37,752 [DESKTOP-H93RLBF:11400] [INFO] {'iter_loss': 0.25343746349215507, 'iter_time': 0.4932353153824806, 'iter_general_step_dur': 0.12730637073516846, 'epoch': 9, 'trainer_step': 9300, 'iter_step': 10200}
2026-03-15 14:34:11,353 [DESKTOP-H93RLBF:11400] [INFO] {'iter_loss': 0.25469259575009345, 'iter_time': 0.5004264405369758, 'iter_general_step_dur': 0.12820124864578247, 'epoch': 9, 'trainer_step': 9400, 'iter_step': 10300}
2026-03-15 14:34:45,065 [DESKTOP-H93RLBF:11400] [INFO] {'iter_loss': 0.26698487177491187, 'iter_time': 0.5092192816734314, 'iter_general_step_dur': 0.1278333568572998, 'epoch': 9, 'trainer_step': 9500, 'iter_step': 10400}
2026-03-15 14:35:18,500 [DESKTOP-H93RLBF:11400] [INFO] {'iter_loss': 0.24630010560154914, 'iter_time': 0.494204606115818, 'iter_general_step_dur': 0.12965245723724364, 'epoch': 9, 'trainer_step': 9600, 'iter_step': 10500}
2026-03-15 14:35:52,477 [DESKTOP-H93RLBF:11400] [INFO] {'iter_loss': 0.2508128125965595, 'iter_time': 0.5006042978167534, 'iter_general_step_dur': 0.1282170295715332, 'epoch': 9, 'trainer_step': 9700, 'iter_step': 10600}
2026-03-15 14:36:26,185 [DESKTOP-H93RLBF:11400] [INFO] {'iter_loss': 0.2574684908986092, 'iter_time': 0.4943257856369019, 'iter_general_step_dur': 0.12826838493347167, 'epoch': 9, 'trainer_step': 9800, 'iter_step': 10700}
2026-03-15 14:36:59,777 [DESKTOP-H93RLBF:11400] [INFO] {'iter_loss': 0.25501047655940057, 'iter_time': 0.5000928252935409, 'iter_general_step_dur': 0.12774970293045043, 'epoch': 9, 'trainer_step': 9900, 'iter_step': 10800}
2026-03-15 14:37:33,469 [DESKTOP-H93RLBF:11400] [INFO] {'iter_loss': 0.26067436471581457, 'iter_time': 0.5043493196368217, 'iter_general_step_dur': 0.12760453939437866, 'epoch': 9, 'trainer_step': 10000, 'iter_step': 10900}
2026-03-15 14:37:45,870 [DESKTOP-H93RLBF:11400] [INFO] {'val_loss': 0.2572997662425041, 'val_time': 0.503259097635746, 'val_general_step_dur': 0.12185273885726929, 'epoch': 9, 'trainer_step': 10000, 'iter_step': 11000}
2026-03-15 14:37:45,872 [DESKTOP-H93RLBF:11400] [INFO] {'train_loss': 0.25554793609678744, 'train_time': 0.4998186663389206, 'train_general_step_dur': 0.12760578298568725, 'epoch': 9, 'trainer_step': 10000, 'iter_step': 11000}
2026-03-15 14:38:20,464 [DESKTOP-H93RLBF:11400] [INFO] {'iter_loss': 0.24483840599656104, 'iter_time': 0.4951976925134659, 'iter_general_step_dur': 0.12668444395065306, 'epoch': 10, 'trainer_step': 10100, 'iter_step': 11100}
2026-03-15 14:38:54,656 [DESKTOP-H93RLBF:11400] [INFO] {'iter_loss': 0.2608652234077454, 'iter_time': 0.5080503579974175, 'iter_general_step_dur': 0.12730035781860352, 'epoch': 10, 'trainer_step': 10200, 'iter_step': 11200}
2026-03-15 14:39:28,391 [DESKTOP-H93RLBF:11400] [INFO] {'iter_loss': 0.26105551674962046, 'iter_time': 0.5033750933408737, 'iter_general_step_dur': 0.1277220392227173, 'epoch': 10, 'trainer_step': 10300, 'iter_step': 11300}
2026-03-15 14:40:02,238 [DESKTOP-H93RLBF:11400] [INFO] {'iter_loss': 0.2562148769199848, 'iter_time': 0.5100101140141488, 'iter_general_step_dur': 0.12641772031784057, 'epoch': 10, 'trainer_step': 10400, 'iter_step': 11400}
2026-03-15 14:40:36,256 [DESKTOP-H93RLBF:11400] [INFO] {'iter_loss': 0.2538056503236294, 'iter_time': 0.50445442289114, 'iter_general_step_dur': 0.1294144558906555, 'epoch': 10, 'trainer_step': 10500, 'iter_step': 11500}
2026-03-15 14:41:10,199 [DESKTOP-H93RLBF:11400] [INFO] {'iter_loss': 0.2560547631978989, 'iter_time': 0.5169470536708832, 'iter_general_step_dur': 0.12833374738693237, 'epoch': 10, 'trainer_step': 10600, 'iter_step': 11600}
2026-03-15 14:41:44,260 [DESKTOP-H93RLBF:11400] [INFO] {'iter_loss': 0.2512440352141857, 'iter_time': 0.5062594690918922, 'iter_general_step_dur': 0.1289494490623474, 'epoch': 10, 'trainer_step': 10700, 'iter_step': 11700}
2026-03-15 14:42:17,911 [DESKTOP-H93RLBF:11400] [INFO] {'iter_loss': 0.24691646575927734, 'iter_time': 0.5051110088825226, 'iter_general_step_dur': 0.1274094772338867, 'epoch': 10, 'trainer_step': 10800, 'iter_step': 11800}
2026-03-15 14:42:52,028 [DESKTOP-H93RLBF:11400] [INFO] {'iter_loss': 0.2505550138652325, 'iter_time': 0.4983194479346275, 'iter_general_step_dur': 0.12805933952331544, 'epoch': 10, 'trainer_step': 10900, 'iter_step': 11900}
2026-03-15 14:43:25,897 [DESKTOP-H93RLBF:11400] [INFO] {'iter_loss': 0.24547872573137283, 'iter_time': 0.49438103049993515, 'iter_general_step_dur': 0.1277818775177002, 'epoch': 10, 'trainer_step': 11000, 'iter_step': 12000}
2026-03-15 14:43:38,322 [DESKTOP-H93RLBF:11400] [INFO] {'val_loss': 0.24378616631031036, 'val_time': 0.5025174352526665, 'val_general_step_dur': 0.12178192615509033, 'epoch': 10, 'trainer_step': 11000, 'iter_step': 12100}
2026-03-15 14:43:38,324 [DESKTOP-H93RLBF:11400] [INFO] {'train_loss': 0.2527028677165508, 'train_time': 0.5042105690836907, 'train_general_step_dur': 0.12780729079246522, 'epoch': 10, 'trainer_step': 11000, 'iter_step': 12100}
2026-03-15 14:44:13,033 [DESKTOP-H93RLBF:11400] [INFO] {'iter_loss': 0.2520587831735611, 'iter_time': 0.49620424121618273, 'iter_general_step_dur': 0.1280447292327881, 'epoch': 11, 'trainer_step': 11100, 'iter_step': 12200}
2026-03-15 14:44:47,353 [DESKTOP-H93RLBF:11400] [INFO] {'iter_loss': 0.2578253650665283, 'iter_time': 0.4996145582199097, 'iter_general_step_dur': 0.1262665033340454, 'epoch': 11, 'trainer_step': 11200, 'iter_step': 12300}
2026-03-15 14:45:21,048 [DESKTOP-H93RLBF:11400] [INFO] {'iter_loss': 0.2585136242210865, 'iter_time': 0.5072971880435944, 'iter_general_step_dur': 0.12782593250274657, 'epoch': 11, 'trainer_step': 11300, 'iter_step': 12400}
2026-03-15 14:45:54,607 [DESKTOP-H93RLBF:11400] [INFO] {'iter_loss': 0.25172319799661635, 'iter_time': 0.5121761366724968, 'iter_general_step_dur': 0.12717918872833253, 'epoch': 11, 'trainer_step': 11400, 'iter_step': 12500}
2026-03-15 14:46:28,373 [DESKTOP-H93RLBF:11400] [INFO] {'iter_loss': 0.252008692920208, 'iter_time': 0.5145558553934098, 'iter_general_step_dur': 0.1281224513053894, 'epoch': 11, 'trainer_step': 11500, 'iter_step': 12600}
2026-03-15 14:47:02,219 [DESKTOP-H93RLBF:11400] [INFO] {'iter_loss': 0.23891087010502815, 'iter_time': 0.49547417819499967, 'iter_general_step_dur': 0.12867387533187866, 'epoch': 11, 'trainer_step': 11600, 'iter_step': 12700}
2026-03-15 14:47:36,049 [DESKTOP-H93RLBF:11400] [INFO] {'iter_loss': 0.2544233354926109, 'iter_time': 0.5005833125114441, 'iter_general_step_dur': 0.12794827461242675, 'epoch': 11, 'trainer_step': 11700, 'iter_step': 12800}
2026-03-15 14:48:10,090 [DESKTOP-H93RLBF:11400] [INFO] {'iter_loss': 0.25449691861867907, 'iter_time': 0.5006646174192428, 'iter_general_step_dur': 0.12884446620941162, 'epoch': 11, 'trainer_step': 11800, 'iter_step': 12900}
2026-03-15 14:48:44,236 [DESKTOP-H93RLBF:11400] [INFO] {'iter_loss': 0.25445547625422477, 'iter_time': 0.5017065781354905, 'iter_general_step_dur': 0.12884174585342406, 'epoch': 11, 'trainer_step': 11900, 'iter_step': 13000}
2026-03-15 14:49:18,424 [DESKTOP-H93RLBF:11400] [INFO] {'iter_loss': 0.2445405313372612, 'iter_time': 0.49773781895637514, 'iter_general_step_dur': 0.12771565198898316, 'epoch': 11, 'trainer_step': 12000, 'iter_step': 13100}
2026-03-15 14:49:30,992 [DESKTOP-H93RLBF:11400] [INFO] {'val_loss': 0.24454302117228507, 'val_time': 0.5096665957570076, 'val_general_step_dur': 0.12307473182678223, 'epoch': 11, 'trainer_step': 12000, 'iter_step': 13200}
2026-03-15 14:49:30,993 [DESKTOP-H93RLBF:11400] [INFO] {'train_loss': 0.25189567951858044, 'train_time': 0.5026014484763145, 'train_general_step_dur': 0.12794628190994262, 'epoch': 11, 'trainer_step': 12000, 'iter_step': 13200}
2026-03-15 14:50:05,325 [DESKTOP-H93RLBF:11400] [INFO] {'iter_loss': 0.24873810455203058, 'iter_time': 0.516530585885048, 'iter_general_step_dur': 0.12755544424057008, 'epoch': 12, 'trainer_step': 12100, 'iter_step': 13300}
2026-03-15 14:50:39,387 [DESKTOP-H93RLBF:11400] [INFO] {'iter_loss': 0.25249820336699486, 'iter_time': 0.5047288279235363, 'iter_general_step_dur': 0.1268241000175476, 'epoch': 12, 'trainer_step': 12200, 'iter_step': 13400}
2026-03-15 14:51:13,245 [DESKTOP-H93RLBF:11400] [INFO] {'iter_loss': 0.23918115243315696, 'iter_time': 0.4894449329376221, 'iter_general_step_dur': 0.1262256121635437, 'epoch': 12, 'trainer_step': 12300, 'iter_step': 13500}
2026-03-15 14:51:46,880 [DESKTOP-H93RLBF:11400] [INFO] {'iter_loss': 0.2512600471079349, 'iter_time': 0.5064506223797798, 'iter_general_step_dur': 0.12611378431320192, 'epoch': 12, 'trainer_step': 12400, 'iter_step': 13600}
2026-03-15 14:52:20,511 [DESKTOP-H93RLBF:11400] [INFO] {'iter_loss': 0.24656988099217414, 'iter_time': 0.494750349521637, 'iter_general_step_dur': 0.12470860481262207, 'epoch': 12, 'trainer_step': 12500, 'iter_step': 13700}
2026-03-15 14:52:54,486 [DESKTOP-H93RLBF:11400] [INFO] {'iter_loss': 0.24701683044433595, 'iter_time': 0.4971891313791275, 'iter_general_step_dur': 0.1251453638076782, 'epoch': 12, 'trainer_step': 12600, 'iter_step': 13800}
2026-03-15 14:53:28,057 [DESKTOP-H93RLBF:11400] [INFO] {'iter_loss': 0.24108838483691217, 'iter_time': 0.49918307214975355, 'iter_general_step_dur': 0.1269997763633728, 'epoch': 12, 'trainer_step': 12700, 'iter_step': 13900}
2026-03-15 14:54:01,631 [DESKTOP-H93RLBF:11400] [INFO] {'iter_loss': 0.24454133853316307, 'iter_time': 0.504483214020729, 'iter_general_step_dur': 0.12636833906173706, 'epoch': 12, 'trainer_step': 12800, 'iter_step': 14000}
2026-03-15 14:54:35,715 [DESKTOP-H93RLBF:11400] [INFO] {'iter_loss': 0.2451290214061737, 'iter_time': 0.49515770822763444, 'iter_general_step_dur': 0.1268475580215454, 'epoch': 12, 'trainer_step': 12900, 'iter_step': 14100}
2026-03-15 14:55:09,398 [DESKTOP-H93RLBF:11400] [INFO] {'iter_loss': 0.23826437950134277, 'iter_time': 0.5010980206727982, 'iter_general_step_dur': 0.12788487195968629, 'epoch': 12, 'trainer_step': 13000, 'iter_step': 14200}
2026-03-15 14:55:21,889 [DESKTOP-H93RLBF:11400] [INFO] {'val_loss': 0.24151960670948028, 'val_time': 0.5001364654302597, 'val_general_step_dur': 0.122195143699646, 'epoch': 12, 'trainer_step': 13000, 'iter_step': 14300}
2026-03-15 14:55:21,891 [DESKTOP-H93RLBF:11400] [INFO] {'train_loss': 0.2454287343174219, 'train_time': 0.5009016465097665, 'train_general_step_dur': 0.12646734547615052, 'epoch': 12, 'trainer_step': 13000, 'iter_step': 14300}
2026-03-15 14:55:56,219 [DESKTOP-H93RLBF:11400] [INFO] {'iter_loss': 0.2475914639234543, 'iter_time': 0.49455730825662614, 'iter_general_step_dur': 0.1292648983001709, 'epoch': 13, 'trainer_step': 13100, 'iter_step': 14400}
2026-03-15 14:56:30,112 [DESKTOP-H93RLBF:11400] [INFO] {'iter_loss': 0.24593640327453614, 'iter_time': 0.5022928985953331, 'iter_general_step_dur': 0.12532565116882324, 'epoch': 13, 'trainer_step': 13200, 'iter_step': 14500}
2026-03-15 14:57:03,982 [DESKTOP-H93RLBF:11400] [INFO] {'iter_loss': 0.2407504454255104, 'iter_time': 0.5005633774399757, 'iter_general_step_dur': 0.12597543001174927, 'epoch': 13, 'trainer_step': 13300, 'iter_step': 14600}
2026-03-15 14:57:37,748 [DESKTOP-H93RLBF:11400] [INFO] {'iter_loss': 0.24672145277261734, 'iter_time': 0.4988356864452362, 'iter_general_step_dur': 0.12550637006759643, 'epoch': 13, 'trainer_step': 13400, 'iter_step': 14700}
2026-03-15 14:58:11,562 [DESKTOP-H93RLBF:11400] [INFO] {'iter_loss': 0.2504502409696579, 'iter_time': 0.5011634340882302, 'iter_general_step_dur': 0.1265239882469177, 'epoch': 13, 'trainer_step': 13500, 'iter_step': 14800}
2026-03-15 14:58:45,182 [DESKTOP-H93RLBF:11400] [INFO] {'iter_loss': 0.2357123489677906, 'iter_time': 0.4968043211102486, 'iter_general_step_dur': 0.12649890184402465, 'epoch': 13, 'trainer_step': 13600, 'iter_step': 14900}
2026-03-15 14:59:18,564 [DESKTOP-H93RLBF:11400] [INFO] {'iter_loss': 0.23270367845892906, 'iter_time': 0.4993272888660431, 'iter_general_step_dur': 0.12703892707824707, 'epoch': 13, 'trainer_step': 13700, 'iter_step': 15000}
2026-03-15 14:59:51,841 [DESKTOP-H93RLBF:11400] [INFO] {'iter_loss': 0.25120083525776865, 'iter_time': 0.49817910611629485, 'iter_general_step_dur': 0.12416867971420288, 'epoch': 13, 'trainer_step': 13800, 'iter_step': 15100}
2026-03-15 15:00:25,852 [DESKTOP-H93RLBF:11400] [INFO] {'iter_loss': 0.23068879812955856, 'iter_time': 0.49133614748716353, 'iter_general_step_dur': 0.12922521829605102, 'epoch': 13, 'trainer_step': 13900, 'iter_step': 15200}
2026-03-15 15:00:59,910 [DESKTOP-H93RLBF:11400] [INFO] {'iter_loss': 0.24372056797146796, 'iter_time': 0.4970473673939705, 'iter_general_step_dur': 0.12764150619506837, 'epoch': 13, 'trainer_step': 14000, 'iter_step': 15300}
2026-03-15 15:01:12,363 [DESKTOP-H93RLBF:11400] [INFO] {'val_loss': 0.2482873173058033, 'val_time': 0.5017445594072342, 'val_general_step_dur': 0.1220407772064209, 'epoch': 13, 'trainer_step': 14000, 'iter_step': 15400}
2026-03-15 15:01:12,366 [DESKTOP-H93RLBF:11400] [INFO] {'train_loss': 0.2425476235151291, 'train_time': 0.4980106935799122, 'train_general_step_dur': 0.12671695709228514, 'epoch': 13, 'trainer_step': 14000, 'iter_step': 15400}
2026-03-15 15:01:46,786 [DESKTOP-H93RLBF:11400] [INFO] {'iter_loss': 0.23943888455629347, 'iter_time': 0.503066358268261, 'iter_general_step_dur': 0.12708041191101074, 'epoch': 14, 'trainer_step': 14100, 'iter_step': 15500}
2026-03-15 15:02:20,427 [DESKTOP-H93RLBF:11400] [INFO] {'iter_loss': 0.22974123179912567, 'iter_time': 0.4902859577536583, 'iter_general_step_dur': 0.1259576725959778, 'epoch': 14, 'trainer_step': 14200, 'iter_step': 15600}
2026-03-15 15:02:54,152 [DESKTOP-H93RLBF:11400] [INFO] {'iter_loss': 0.24048688128590584, 'iter_time': 0.49501570641994475, 'iter_general_step_dur': 0.124373037815094, 'epoch': 14, 'trainer_step': 14300, 'iter_step': 15700}
2026-03-15 15:03:27,836 [DESKTOP-H93RLBF:11400] [INFO] {'iter_loss': 0.24026478320360184, 'iter_time': 0.4940985777974129, 'iter_general_step_dur': 0.12676363229751586, 'epoch': 14, 'trainer_step': 14400, 'iter_step': 15800}
2026-03-15 15:04:01,612 [DESKTOP-H93RLBF:11400] [INFO] {'iter_loss': 0.24777812868356705, 'iter_time': 0.5068113771080971, 'iter_general_step_dur': 0.12569278478622437, 'epoch': 14, 'trainer_step': 14500, 'iter_step': 15900}
2026-03-15 15:04:35,119 [DESKTOP-H93RLBF:11400] [INFO] {'iter_loss': 0.23498819023370743, 'iter_time': 0.49258707970380783, 'iter_general_step_dur': 0.12584880828857423, 'epoch': 14, 'trainer_step': 14600, 'iter_step': 16000}
2026-03-15 15:05:08,892 [DESKTOP-H93RLBF:11400] [INFO] {'iter_loss': 0.22621531024575234, 'iter_time': 0.4995776826143265, 'iter_general_step_dur': 0.126495099067688, 'epoch': 14, 'trainer_step': 14700, 'iter_step': 16100}
2026-03-15 15:05:42,239 [DESKTOP-H93RLBF:11400] [INFO] {'iter_loss': 0.2403345799446106, 'iter_time': 0.5060242012143135, 'iter_general_step_dur': 0.12729368925094606, 'epoch': 14, 'trainer_step': 14800, 'iter_step': 16200}
2026-03-15 15:06:15,649 [DESKTOP-H93RLBF:11400] [INFO] {'iter_loss': 0.24195695474743842, 'iter_time': 0.4997818532586098, 'iter_general_step_dur': 0.12722980499267578, 'epoch': 14, 'trainer_step': 14900, 'iter_step': 16300}
2026-03-15 15:06:49,960 [DESKTOP-H93RLBF:11400] [INFO] {'iter_loss': 0.23953523620963096, 'iter_time': 0.48863993704319, 'iter_general_step_dur': 0.12728251934051513, 'epoch': 14, 'trainer_step': 15000, 'iter_step': 16400}
2026-03-15 15:07:02,465 [DESKTOP-H93RLBF:11400] [INFO] {'val_loss': 0.24011871874332427, 'val_time': 0.4982261782884598, 'val_general_step_dur': 0.12240705966949463, 'epoch': 14, 'trainer_step': 15000, 'iter_step': 16500}
2026-03-15 15:07:02,467 [DESKTOP-H93RLBF:11400] [INFO] {'train_loss': 0.23807401809096337, 'train_time': 0.49758887311816213, 'train_general_step_dur': 0.1264017460346222, 'epoch': 14, 'trainer_step': 15000, 'iter_step': 16500}
2026-03-15 15:07:36,579 [DESKTOP-H93RLBF:11400] [INFO] {'iter_loss': 0.24367229163646698, 'iter_time': 0.5006621539592743, 'iter_general_step_dur': 0.12760789155960084, 'epoch': 15, 'trainer_step': 15100, 'iter_step': 16600}
2026-03-15 15:08:10,215 [DESKTOP-H93RLBF:11400] [INFO] {'iter_loss': 0.2482329288125038, 'iter_time': 0.5033901864290238, 'iter_general_step_dur': 0.1274764609336853, 'epoch': 15, 'trainer_step': 15200, 'iter_step': 16700}
2026-03-15 15:08:43,832 [DESKTOP-H93RLBF:11400] [INFO] {'iter_loss': 0.2353124961256981, 'iter_time': 0.5026814720034599, 'iter_general_step_dur': 0.12503602981567383, 'epoch': 15, 'trainer_step': 15300, 'iter_step': 16800}
2026-03-15 15:09:17,419 [DESKTOP-H93RLBF:11400] [INFO] {'iter_loss': 0.23510958671569823, 'iter_time': 0.49350091874599455, 'iter_general_step_dur': 0.12547730684280395, 'epoch': 15, 'trainer_step': 15400, 'iter_step': 16900}
2026-03-15 15:09:51,167 [DESKTOP-H93RLBF:11400] [INFO] {'iter_loss': 0.23418197080492972, 'iter_time': 0.4977329072356224, 'iter_general_step_dur': 0.1278715682029724, 'epoch': 15, 'trainer_step': 15500, 'iter_step': 17000}
2026-03-15 15:10:24,982 [DESKTOP-H93RLBF:11400] [INFO] {'iter_loss': 0.2398221670091152, 'iter_time': 0.49575172290205954, 'iter_general_step_dur': 0.1265408229827881, 'epoch': 15, 'trainer_step': 15600, 'iter_step': 17100}
2026-03-15 15:10:58,833 [DESKTOP-H93RLBF:11400] [INFO] {'iter_loss': 0.24212050139904023, 'iter_time': 0.5033598563075066, 'iter_general_step_dur': 0.12773029565811156, 'epoch': 15, 'trainer_step': 15700, 'iter_step': 17200}
2026-03-15 15:11:32,384 [DESKTOP-H93RLBF:11400] [INFO] {'iter_loss': 0.23342610523104668, 'iter_time': 0.4967908412218094, 'iter_general_step_dur': 0.1274632215499878, 'epoch': 15, 'trainer_step': 15800, 'iter_step': 17300}
2026-03-15 15:12:06,080 [DESKTOP-H93RLBF:11400] [INFO] {'iter_loss': 0.23558931276202202, 'iter_time': 0.5021576490998269, 'iter_general_step_dur': 0.12777792930603027, 'epoch': 15, 'trainer_step': 15900, 'iter_step': 17400}
2026-03-15 15:12:40,043 [DESKTOP-H93RLBF:11400] [INFO] {'iter_loss': 0.24805942475795745, 'iter_time': 0.5091690763831138, 'iter_general_step_dur': 0.1284967517852783, 'epoch': 15, 'trainer_step': 16000, 'iter_step': 17500}
2026-03-15 15:12:52,437 [DESKTOP-H93RLBF:11400] [INFO] {'val_loss': 0.23712387412786484, 'val_time': 0.5157392802834511, 'val_general_step_dur': 0.12150866985321045, 'epoch': 15, 'trainer_step': 16000, 'iter_step': 17600}
2026-03-15 15:12:52,440 [DESKTOP-H93RLBF:11400] [INFO] {'train_loss': 0.23955267852544784, 'train_time': 0.5005196784287691, 'train_general_step_dur': 0.12714782786369325, 'epoch': 15, 'trainer_step': 16000, 'iter_step': 17600}
2026-03-15 15:13:26,579 [DESKTOP-H93RLBF:11400] [INFO] {'iter_loss': 0.22401727348566056, 'iter_time': 0.48937101155519486, 'iter_general_step_dur': 0.12622344493865967, 'epoch': 16, 'trainer_step': 16100, 'iter_step': 17700}
2026-03-15 15:14:00,605 [DESKTOP-H93RLBF:11400] [INFO] {'iter_loss': 0.23662567570805548, 'iter_time': 0.5036305609345436, 'iter_general_step_dur': 0.1259537434577942, 'epoch': 16, 'trainer_step': 16200, 'iter_step': 17800}
2026-03-15 15:14:34,645 [DESKTOP-H93RLBF:11400] [INFO] {'iter_loss': 0.22714268863201142, 'iter_time': 0.5057514941692353, 'iter_general_step_dur': 0.12722399711608887, 'epoch': 16, 'trainer_step': 16300, 'iter_step': 17900}
2026-03-15 15:15:08,169 [DESKTOP-H93RLBF:11400] [INFO] {'iter_loss': 0.23479426339268683, 'iter_time': 0.5105220967531204, 'iter_general_step_dur': 0.12631484031677245, 'epoch': 16, 'trainer_step': 16400, 'iter_step': 18000}
2026-03-15 15:15:41,817 [DESKTOP-H93RLBF:11400] [INFO] {'iter_loss': 0.22824492990970613, 'iter_time': 0.506787394285202, 'iter_general_step_dur': 0.1278000831604004, 'epoch': 16, 'trainer_step': 16500, 'iter_step': 18100}
2026-03-15 15:16:16,027 [DESKTOP-H93RLBF:11400] [INFO] {'iter_loss': 0.2361726301908493, 'iter_time': 0.5026387104392052, 'iter_general_step_dur': 0.128539137840271, 'epoch': 16, 'trainer_step': 16600, 'iter_step': 18200}
2026-03-15 15:16:49,860 [DESKTOP-H93RLBF:11400] [INFO] {'iter_loss': 0.22681480333209036, 'iter_time': 0.48961299657821655, 'iter_general_step_dur': 0.1274485969543457, 'epoch': 16, 'trainer_step': 16700, 'iter_step': 18300}
2026-03-15 15:17:23,777 [DESKTOP-H93RLBF:11400] [INFO] {'iter_loss': 0.24000082924962043, 'iter_time': 0.4994433969259262, 'iter_general_step_dur': 0.12836478471755983, 'epoch': 16, 'trainer_step': 16800, 'iter_step': 18400}
2026-03-15 15:17:58,577 [DESKTOP-H93RLBF:11400] [INFO] {'iter_loss': 0.23378710135817526, 'iter_time': 0.5005049666762352, 'iter_general_step_dur': 0.1294840979576111, 'epoch': 16, 'trainer_step': 16900, 'iter_step': 18500}
2026-03-15 15:18:33,549 [DESKTOP-H93RLBF:11400] [INFO] {'iter_loss': 0.23338533878326417, 'iter_time': 0.5056714099645615, 'iter_general_step_dur': 0.13045208930969238, 'epoch': 16, 'trainer_step': 17000, 'iter_step': 18600}
2026-03-15 15:18:46,318 [DESKTOP-H93RLBF:11400] [INFO] {'val_loss': 0.24145608469843866, 'val_time': 0.5066480001807213, 'val_general_step_dur': 0.12500404357910155, 'epoch': 16, 'trainer_step': 17000, 'iter_step': 18700}
2026-03-15 15:18:46,321 [DESKTOP-H93RLBF:11400] [INFO] {'train_loss': 0.232098553404212, 'train_time': 0.5013934038281441, 'train_general_step_dur': 0.12778048157691957, 'epoch': 16, 'trainer_step': 17000, 'iter_step': 18700}
2026-03-15 15:19:22,113 [DESKTOP-H93RLBF:11400] [INFO] {'iter_loss': 0.23781202107667923, 'iter_time': 0.5087142759561538, 'iter_general_step_dur': 0.1293868041038513, 'epoch': 17, 'trainer_step': 17100, 'iter_step': 18800}
2026-03-15 15:19:57,230 [DESKTOP-H93RLBF:11400] [INFO] {'iter_loss': 0.23704376295208932, 'iter_time': 0.5041974994540215, 'iter_general_step_dur': 0.12759600400924684, 'epoch': 17, 'trainer_step': 17200, 'iter_step': 18900}
2026-03-15 15:20:32,325 [DESKTOP-H93RLBF:11400] [INFO] {'iter_loss': 0.2279091128706932, 'iter_time': 0.4910281080007553, 'iter_general_step_dur': 0.12705934286117554, 'epoch': 17, 'trainer_step': 17300, 'iter_step': 19000}
2026-03-15 15:21:07,329 [DESKTOP-H93RLBF:11400] [INFO] {'iter_loss': 0.22454919591546058, 'iter_time': 0.5028961953520775, 'iter_general_step_dur': 0.12726118564605712, 'epoch': 17, 'trainer_step': 17400, 'iter_step': 19100}
2026-03-15 15:21:42,827 [DESKTOP-H93RLBF:11400] [INFO] {'iter_loss': 0.23420341387391092, 'iter_time': 0.5173495516180993, 'iter_general_step_dur': 0.12908245325088502, 'epoch': 17, 'trainer_step': 17500, 'iter_step': 19200}
2026-03-15 15:22:16,693 [DESKTOP-H93RLBF:11400] [INFO] {'iter_loss': 0.2273472398519516, 'iter_time': 0.4887336230278015, 'iter_general_step_dur': 0.12709962844848632, 'epoch': 17, 'trainer_step': 17600, 'iter_step': 19300}
2026-03-15 15:22:50,248 [DESKTOP-H93RLBF:11400] [INFO] {'iter_loss': 0.2262921492755413, 'iter_time': 0.49052167028188703, 'iter_general_step_dur': 0.12884243249893187, 'epoch': 17, 'trainer_step': 17700, 'iter_step': 19400}
2026-03-15 15:23:23,919 [DESKTOP-H93RLBF:11400] [INFO] {'iter_loss': 0.22754293724894523, 'iter_time': 0.5031630554795266, 'iter_general_step_dur': 0.12836166143417357, 'epoch': 17, 'trainer_step': 17800, 'iter_step': 19500}
2026-03-15 15:23:58,053 [DESKTOP-H93RLBF:11400] [INFO] {'iter_loss': 0.2323310360312462, 'iter_time': 0.5000736862421036, 'iter_general_step_dur': 0.1281527805328369, 'epoch': 17, 'trainer_step': 17900, 'iter_step': 19600}
2026-03-15 15:24:31,679 [DESKTOP-H93RLBF:11400] [INFO] {'iter_loss': 0.22473968520760537, 'iter_time': 0.5019822487235069, 'iter_general_step_dur': 0.12719055891036987, 'epoch': 17, 'trainer_step': 18000, 'iter_step': 19700}
2026-03-15 15:24:44,155 [DESKTOP-H93RLBF:11400] [INFO] {'val_loss': 0.22879577547311783, 'val_time': 0.5068285736441612, 'val_general_step_dur': 0.122024405002594, 'epoch': 17, 'trainer_step': 18000, 'iter_step': 19800}
2026-03-15 15:24:44,157 [DESKTOP-H93RLBF:11400] [INFO] {'train_loss': 0.2299770554304123, 'train_time': 0.5008659914135933, 'train_general_step_dur': 0.12800328516960144, 'epoch': 17, 'trainer_step': 18000, 'iter_step': 19800}
2026-03-15 15:25:18,136 [DESKTOP-H93RLBF:11400] [INFO] {'iter_loss': 0.23405284941196441, 'iter_time': 0.5013448506593704, 'iter_general_step_dur': 0.1272164750099182, 'epoch': 18, 'trainer_step': 18100, 'iter_step': 19900}
2026-03-15 15:25:51,881 [DESKTOP-H93RLBF:11400] [INFO] {'iter_loss': 0.2374985346198082, 'iter_time': 0.5003889405727386, 'iter_general_step_dur': 0.12755827426910402, 'epoch': 18, 'trainer_step': 18200, 'iter_step': 20000}
2026-03-15 15:26:25,560 [DESKTOP-H93RLBF:11400] [INFO] {'iter_loss': 0.2250228036940098, 'iter_time': 0.49486176878213883, 'iter_general_step_dur': 0.12585855960845949, 'epoch': 18, 'trainer_step': 18300, 'iter_step': 20100}
2026-03-15 15:26:59,229 [DESKTOP-H93RLBF:11400] [INFO] {'iter_loss': 0.2293582320213318, 'iter_time': 0.5014534044265747, 'iter_general_step_dur': 0.12501725435256958, 'epoch': 18, 'trainer_step': 18400, 'iter_step': 20200}
2026-03-15 15:27:33,060 [DESKTOP-H93RLBF:11400] [INFO] {'iter_loss': 0.22711453586816788, 'iter_time': 0.5003894659876823, 'iter_general_step_dur': 0.12763992547988892, 'epoch': 18, 'trainer_step': 18500, 'iter_step': 20300}
2026-03-15 15:28:06,746 [DESKTOP-H93RLBF:11400] [INFO] {'iter_loss': 0.2338120833039284, 'iter_time': 0.5085349291563034, 'iter_general_step_dur': 0.12801031827926634, 'epoch': 18, 'trainer_step': 18600, 'iter_step': 20400}
2026-03-15 15:28:40,530 [DESKTOP-H93RLBF:11400] [INFO] {'iter_loss': 0.221748193949461, 'iter_time': 0.4870509520173073, 'iter_general_step_dur': 0.1288103914260864, 'epoch': 18, 'trainer_step': 18700, 'iter_step': 20500}
2026-03-15 15:29:14,196 [DESKTOP-H93RLBF:11400] [INFO] {'iter_loss': 0.22669632747769355, 'iter_time': 0.48877563774585725, 'iter_general_step_dur': 0.12811413526535034, 'epoch': 18, 'trainer_step': 18800, 'iter_step': 20600}
2026-03-15 15:29:48,135 [DESKTOP-H93RLBF:11400] [INFO] {'iter_loss': 0.2333111847937107, 'iter_time': 0.5029406675696373, 'iter_general_step_dur': 0.12875880241394044, 'epoch': 18, 'trainer_step': 18900, 'iter_step': 20700}
2026-03-15 15:30:21,818 [DESKTOP-H93RLBF:11400] [INFO] {'iter_loss': 0.22500255689024926, 'iter_time': 0.5056305143237114, 'iter_general_step_dur': 0.12757783889770508, 'epoch': 18, 'trainer_step': 19000, 'iter_step': 20800}
2026-03-15 15:30:34,244 [DESKTOP-H93RLBF:11400] [INFO] {'val_loss': 0.2284392586350441, 'val_time': 0.5088337084650993, 'val_general_step_dur': 0.12168639898300171, 'epoch': 18, 'trainer_step': 19000, 'iter_step': 20900}
2026-03-15 15:30:34,247 [DESKTOP-H93RLBF:11400] [INFO] {'train_loss': 0.2293617302030325, 'train_time': 0.49913711312413217, 'train_general_step_dur': 0.12745619750022888, 'epoch': 18, 'trainer_step': 19000, 'iter_step': 20900}
2026-03-15 15:31:08,563 [DESKTOP-H93RLBF:11400] [INFO] {'iter_loss': 0.2228751502931118, 'iter_time': 0.5070216962695122, 'iter_general_step_dur': 0.12867190361022948, 'epoch': 19, 'trainer_step': 19100, 'iter_step': 21000}
2026-03-15 15:31:42,494 [DESKTOP-H93RLBF:11400] [INFO] {'iter_loss': 0.22864918261766434, 'iter_time': 0.4826758441329002, 'iter_general_step_dur': 0.12656620264053345, 'epoch': 19, 'trainer_step': 19200, 'iter_step': 21100}
2026-03-15 15:32:15,721 [DESKTOP-H93RLBF:11400] [INFO] {'iter_loss': 0.22882781460881232, 'iter_time': 0.5037152603268623, 'iter_general_step_dur': 0.12591439247131347, 'epoch': 19, 'trainer_step': 19300, 'iter_step': 21200}
2026-03-15 15:32:49,480 [DESKTOP-H93RLBF:11400] [INFO] {'iter_loss': 0.22496217206120492, 'iter_time': 0.49424816101789476, 'iter_general_step_dur': 0.12506238222122193, 'epoch': 19, 'trainer_step': 19400, 'iter_step': 21300}
2026-03-15 15:33:23,194 [DESKTOP-H93RLBF:11400] [INFO] {'iter_loss': 0.23281104519963264, 'iter_time': 0.5079862487316131, 'iter_general_step_dur': 0.12822191238403322, 'epoch': 19, 'trainer_step': 19500, 'iter_step': 21400}
2026-03-15 15:33:56,804 [DESKTOP-H93RLBF:11400] [INFO] {'iter_loss': 0.22790787279605865, 'iter_time': 0.5041808074712754, 'iter_general_step_dur': 0.12692970991134644, 'epoch': 19, 'trainer_step': 19600, 'iter_step': 21500}
2026-03-15 15:34:30,452 [DESKTOP-H93RLBF:11400] [INFO] {'iter_loss': 0.22685219407081603, 'iter_time': 0.5030433514714241, 'iter_general_step_dur': 0.13007492542266846, 'epoch': 19, 'trainer_step': 19700, 'iter_step': 21600}
2026-03-15 15:35:04,139 [DESKTOP-H93RLBF:11400] [INFO] {'iter_loss': 0.2210425069928169, 'iter_time': 0.5130614638328552, 'iter_general_step_dur': 0.1302169990539551, 'epoch': 19, 'trainer_step': 19800, 'iter_step': 21700}
2026-03-15 15:35:38,013 [DESKTOP-H93RLBF:11400] [INFO] {'iter_loss': 0.22699936196208, 'iter_time': 0.501319876909256, 'iter_general_step_dur': 0.12876731157302856, 'epoch': 19, 'trainer_step': 19900, 'iter_step': 21800}
2026-03-15 15:36:11,989 [DESKTOP-H93RLBF:11400] [INFO] {'iter_loss': 0.22359131678938865, 'iter_time': 0.5104517218470573, 'iter_general_step_dur': 0.12840745687484742, 'epoch': 19, 'trainer_step': 20000, 'iter_step': 21900}
2026-03-15 15:36:24,329 [DESKTOP-H93RLBF:11400] [INFO] {'val_loss': 0.22475674211978913, 'val_time': 0.5052603259682655, 'val_general_step_dur': 0.12086422443389892, 'epoch': 19, 'trainer_step': 20000, 'iter_step': 22000}
2026-03-15 15:36:24,332 [DESKTOP-H93RLBF:11400] [INFO] {'train_loss': 0.22645186173915863, 'train_time': 0.502770443201065, 'train_general_step_dur': 0.12788331961631774, 'epoch': 19, 'trainer_step': 20000, 'iter_step': 22000}
2026-03-15 15:36:58,619 [DESKTOP-H93RLBF:11400] [INFO] {'iter_loss': 0.21519968077540397, 'iter_time': 0.49116736471652983, 'iter_general_step_dur': 0.12879069566726684, 'epoch': 20, 'trainer_step': 20100, 'iter_step': 22100}
2026-03-15 15:37:32,334 [DESKTOP-H93RLBF:11400] [INFO] {'iter_loss': 0.2164514596760273, 'iter_time': 0.5041790530085564, 'iter_general_step_dur': 0.1272158932685852, 'epoch': 20, 'trainer_step': 20200, 'iter_step': 22200}
2026-03-15 15:38:06,175 [DESKTOP-H93RLBF:11400] [INFO] {'iter_loss': 0.2171137510240078, 'iter_time': 0.5060491248965263, 'iter_general_step_dur': 0.12733763694763184, 'epoch': 20, 'trainer_step': 20300, 'iter_step': 22300}
2026-03-15 15:38:39,924 [DESKTOP-H93RLBF:11400] [INFO] {'iter_loss': 0.21862510323524476, 'iter_time': 0.5086947393417358, 'iter_general_step_dur': 0.12517088174819946, 'epoch': 20, 'trainer_step': 20400, 'iter_step': 22400}
2026-03-15 15:39:13,715 [DESKTOP-H93RLBF:11400] [INFO] {'iter_loss': 0.22086279794573785, 'iter_time': 0.5067819827795028, 'iter_general_step_dur': 0.12440894365310669, 'epoch': 20, 'trainer_step': 20500, 'iter_step': 22500}
2026-03-15 15:39:47,462 [DESKTOP-H93RLBF:11400] [INFO] {'iter_loss': 0.2222946660220623, 'iter_time': 0.5017740473151207, 'iter_general_step_dur': 0.12570602655410767, 'epoch': 20, 'trainer_step': 20600, 'iter_step': 22600}
2026-03-15 15:40:20,774 [DESKTOP-H93RLBF:11400] [INFO] {'iter_loss': 0.23145273804664612, 'iter_time': 0.5026335516571998, 'iter_general_step_dur': 0.12512044429779054, 'epoch': 20, 'trainer_step': 20700, 'iter_step': 22700}
2026-03-15 15:40:54,333 [DESKTOP-H93RLBF:11400] [INFO] {'iter_loss': 0.2214508083462715, 'iter_time': 0.4996321401000023, 'iter_general_step_dur': 0.12832394123077392, 'epoch': 20, 'trainer_step': 20800, 'iter_step': 22800}
2026-03-15 15:41:27,975 [DESKTOP-H93RLBF:11400] [INFO] {'iter_loss': 0.2193300896883011, 'iter_time': 0.5007908999919891, 'iter_general_step_dur': 0.12675631999969483, 'epoch': 20, 'trainer_step': 20900, 'iter_step': 22900}
2026-03-15 15:42:01,758 [DESKTOP-H93RLBF:11400] [INFO] {'iter_loss': 0.21461723774671554, 'iter_time': 0.4938461485505104, 'iter_general_step_dur': 0.12681638479232787, 'epoch': 20, 'trainer_step': 21000, 'iter_step': 23000}
2026-03-15 15:42:14,160 [DESKTOP-H93RLBF:11400] [INFO] {'val_loss': 0.21880328878760338, 'val_time': 0.4995452496409416, 'val_general_step_dur': 0.12150007486343384, 'epoch': 20, 'trainer_step': 21000, 'iter_step': 23100}
2026-03-15 15:42:14,162 [DESKTOP-H93RLBF:11400] [INFO] {'train_loss': 0.21973983325064184, 'train_time': 0.5015549052357674, 'train_general_step_dur': 0.1265647168159485, 'epoch': 20, 'trainer_step': 21000, 'iter_step': 23100}
2026-03-15 15:42:48,643 [DESKTOP-H93RLBF:11400] [INFO] {'iter_loss': 0.2165377253293991, 'iter_time': 0.4954023587703705, 'iter_general_step_dur': 0.1284224271774292, 'epoch': 21, 'trainer_step': 21100, 'iter_step': 23200}
2026-03-15 15:43:22,439 [DESKTOP-H93RLBF:11400] [INFO] {'iter_loss': 0.22470235869288444, 'iter_time': 0.5123524656891822, 'iter_general_step_dur': 0.12729156732559205, 'epoch': 21, 'trainer_step': 21200, 'iter_step': 23300}
2026-03-15 15:43:56,281 [DESKTOP-H93RLBF:11400] [INFO] {'iter_loss': 0.2261328062415123, 'iter_time': 0.5043229806423187, 'iter_general_step_dur': 0.12851707696914672, 'epoch': 21, 'trainer_step': 21300, 'iter_step': 23400}
2026-03-15 15:44:29,776 [DESKTOP-H93RLBF:11400] [INFO] {'iter_loss': 0.22742266714572906, 'iter_time': 0.501913749575615, 'iter_general_step_dur': 0.12536220073699952, 'epoch': 21, 'trainer_step': 21400, 'iter_step': 23500}
2026-03-15 15:45:03,635 [DESKTOP-H93RLBF:11400] [INFO] {'iter_loss': 0.21459021672606468, 'iter_time': 0.47686840981245043, 'iter_general_step_dur': 0.12521516799926757, 'epoch': 21, 'trainer_step': 21500, 'iter_step': 23600}
2026-03-15 15:45:37,346 [DESKTOP-H93RLBF:11400] [INFO] {'iter_loss': 0.2278304924070835, 'iter_time': 0.5156671151518821, 'iter_general_step_dur': 0.12686758756637573, 'epoch': 21, 'trainer_step': 21600, 'iter_step': 23700}
2026-03-15 15:46:10,987 [DESKTOP-H93RLBF:11400] [INFO] {'iter_loss': 0.2182207652926445, 'iter_time': 0.5096542632579804, 'iter_general_step_dur': 0.1267279839515686, 'epoch': 21, 'trainer_step': 21700, 'iter_step': 23800}
2026-03-15 15:46:44,740 [DESKTOP-H93RLBF:11400] [INFO] {'iter_loss': 0.21665295094251633, 'iter_time': 0.5013580518960953, 'iter_general_step_dur': 0.12810345888137817, 'epoch': 21, 'trainer_step': 21800, 'iter_step': 23900}
2026-03-15 15:47:18,547 [DESKTOP-H93RLBF:11400] [INFO] {'iter_loss': 0.21518564954400063, 'iter_time': 0.49647371381521227, 'iter_general_step_dur': 0.1262192177772522, 'epoch': 21, 'trainer_step': 21900, 'iter_step': 24000}
2026-03-15 15:47:52,762 [DESKTOP-H93RLBF:11400] [INFO] {'iter_loss': 0.21965250998735428, 'iter_time': 0.49060781866312025, 'iter_general_step_dur': 0.1271094012260437, 'epoch': 21, 'trainer_step': 22000, 'iter_step': 24100}
2026-03-15 15:48:05,214 [DESKTOP-H93RLBF:11400] [INFO] {'val_loss': 0.22591640397906304, 'val_time': 0.5012608328461647, 'val_general_step_dur': 0.12206583976745605, 'epoch': 21, 'trainer_step': 22000, 'iter_step': 24200}
2026-03-15 15:48:05,215 [DESKTOP-H93RLBF:11400] [INFO] {'train_loss': 0.22069281423091888, 'train_time': 0.5004620927274227, 'train_general_step_dur': 0.12698360896110536, 'epoch': 21, 'trainer_step': 22000, 'iter_step': 24200}
2026-03-15 15:48:39,261 [DESKTOP-H93RLBF:11400] [INFO] {'iter_loss': 0.21321588292717933, 'iter_time': 0.4931976965069771, 'iter_general_step_dur': 0.12784350872039796, 'epoch': 22, 'trainer_step': 22100, 'iter_step': 24300}
2026-03-15 15:49:12,773 [DESKTOP-H93RLBF:11400] [INFO] {'iter_loss': 0.2215978756546974, 'iter_time': 0.5048363390564918, 'iter_general_step_dur': 0.12691566228866577, 'epoch': 22, 'trainer_step': 22200, 'iter_step': 24400}
2026-03-15 15:49:46,494 [DESKTOP-H93RLBF:11400] [INFO] {'iter_loss': 0.2261370325088501, 'iter_time': 0.5103262385725975, 'iter_general_step_dur': 0.12769701719284057, 'epoch': 22, 'trainer_step': 22300, 'iter_step': 24500}
2026-03-15 15:50:20,249 [DESKTOP-H93RLBF:11400] [INFO] {'iter_loss': 0.21944182381033897, 'iter_time': 0.49342377185821534, 'iter_general_step_dur': 0.124546959400177, 'epoch': 22, 'trainer_step': 22400, 'iter_step': 24600}
2026-03-15 15:50:53,957 [DESKTOP-H93RLBF:11400] [INFO] {'iter_loss': 0.22660495087504387, 'iter_time': 0.5120451399683952, 'iter_general_step_dur': 0.12547283411026, 'epoch': 22, 'trainer_step': 22500, 'iter_step': 24700}
2026-03-15 15:51:27,768 [DESKTOP-H93RLBF:11400] [INFO] {'iter_loss': 0.2147644890844822, 'iter_time': 0.49046500146389005, 'iter_general_step_dur': 0.126344518661499, 'epoch': 22, 'trainer_step': 22600, 'iter_step': 24800}
2026-03-15 15:52:01,575 [DESKTOP-H93RLBF:11400] [INFO] {'iter_loss': 0.21768535494804384, 'iter_time': 0.49666657388210295, 'iter_general_step_dur': 0.1261443614959717, 'epoch': 22, 'trainer_step': 22700, 'iter_step': 24900}
2026-03-15 15:52:34,994 [DESKTOP-H93RLBF:11400] [INFO] {'iter_loss': 0.21952924579381944, 'iter_time': 0.4974799907207489, 'iter_general_step_dur': 0.126651349067688, 'epoch': 22, 'trainer_step': 22800, 'iter_step': 25000}
2026-03-15 15:53:08,678 [DESKTOP-H93RLBF:11400] [INFO] {'iter_loss': 0.22115621611475944, 'iter_time': 0.49412149101495745, 'iter_general_step_dur': 0.12480463266372681, 'epoch': 22, 'trainer_step': 22900, 'iter_step': 25100}
2026-03-15 15:53:42,039 [DESKTOP-H93RLBF:11400] [INFO] {'iter_loss': 0.21542777493596077, 'iter_time': 0.49452595829963686, 'iter_general_step_dur': 0.12608078241348267, 'epoch': 22, 'trainer_step': 23000, 'iter_step': 25200}
2026-03-15 15:53:54,358 [DESKTOP-H93RLBF:11400] [INFO] {'val_loss': 0.22340553283691406, 'val_time': 0.5111823451519012, 'val_general_step_dur': 0.1208231258392334, 'epoch': 22, 'trainer_step': 23000, 'iter_step': 25300}
2026-03-15 15:53:54,360 [DESKTOP-H93RLBF:11400] [INFO] {'train_loss': 0.21955606466531755, 'train_time': 0.4987088201344013, 'train_general_step_dur': 0.12625016260147096, 'epoch': 22, 'trainer_step': 23000, 'iter_step': 25300}
2026-03-15 15:54:28,679 [DESKTOP-H93RLBF:11400] [INFO] {'iter_loss': 0.22040241181850434, 'iter_time': 0.5007253667712211, 'iter_general_step_dur': 0.12719282388687134, 'epoch': 23, 'trainer_step': 23100, 'iter_step': 25400}
2026-03-15 15:55:02,156 [DESKTOP-H93RLBF:11400] [INFO] {'iter_loss': 0.2112146534025669, 'iter_time': 0.4985764408111572, 'iter_general_step_dur': 0.12751739740371704, 'epoch': 23, 'trainer_step': 23200, 'iter_step': 25500}
2026-03-15 15:55:35,844 [DESKTOP-H93RLBF:11400] [INFO] {'iter_loss': 0.22081621438264848, 'iter_time': 0.4838989216089249, 'iter_general_step_dur': 0.1276612710952759, 'epoch': 23, 'trainer_step': 23300, 'iter_step': 25600}
2026-03-15 15:56:09,330 [DESKTOP-H93RLBF:11400] [INFO] {'iter_loss': 0.21427747815847398, 'iter_time': 0.49677831143140794, 'iter_general_step_dur': 0.12500274658203125, 'epoch': 23, 'trainer_step': 23400, 'iter_step': 25700}
2026-03-15 15:56:42,960 [DESKTOP-H93RLBF:11400] [INFO] {'iter_loss': 0.20963558241724967, 'iter_time': 0.48966007560491565, 'iter_general_step_dur': 0.12362110376358032, 'epoch': 23, 'trainer_step': 23500, 'iter_step': 25800}
2026-03-15 15:57:16,918 [DESKTOP-H93RLBF:11400] [INFO] {'iter_loss': 0.21447574958205223, 'iter_time': 0.5090117743611335, 'iter_general_step_dur': 0.1250930142402649, 'epoch': 23, 'trainer_step': 23600, 'iter_step': 25900}
2026-03-15 15:57:50,587 [DESKTOP-H93RLBF:11400] [INFO] {'iter_loss': 0.21991694390773772, 'iter_time': 0.5017090651392937, 'iter_general_step_dur': 0.12599334001541138, 'epoch': 23, 'trainer_step': 23700, 'iter_step': 26000}
2026-03-15 15:58:23,771 [DESKTOP-H93RLBF:11400] [INFO] {'iter_loss': 0.20639779791235924, 'iter_time': 0.5036733284592628, 'iter_general_step_dur': 0.1259339642524719, 'epoch': 23, 'trainer_step': 23800, 'iter_step': 26100}
2026-03-15 15:58:57,321 [DESKTOP-H93RLBF:11400] [INFO] {'iter_loss': 0.2216639532148838, 'iter_time': 0.5027790087461471, 'iter_general_step_dur': 0.12825347661972045, 'epoch': 23, 'trainer_step': 23900, 'iter_step': 26200}
2026-03-15 15:59:31,228 [DESKTOP-H93RLBF:11400] [INFO] {'iter_loss': 0.21734284237027168, 'iter_time': 0.49617471992969514, 'iter_general_step_dur': 0.1285679531097412, 'epoch': 23, 'trainer_step': 24000, 'iter_step': 26300}
2026-03-15 15:59:43,542 [DESKTOP-H93RLBF:11400] [INFO] {'val_loss': 0.20775476068258286, 'val_time': 0.4979927721619606, 'val_general_step_dur': 0.1206178069114685, 'epoch': 23, 'trainer_step': 24000, 'iter_step': 26400}
2026-03-15 15:59:43,544 [DESKTOP-H93RLBF:11400] [INFO] {'train_loss': 0.2156143627166748, 'train_time': 0.4982987012863159, 'train_general_step_dur': 0.12648370909690856, 'epoch': 23, 'trainer_step': 24000, 'iter_step': 26400}
2026-03-15 16:00:17,881 [DESKTOP-H93RLBF:11400] [INFO] {'iter_loss': 0.21279798299074174, 'iter_time': 0.5020994880795479, 'iter_general_step_dur': 0.1274689507484436, 'epoch': 24, 'trainer_step': 24100, 'iter_step': 26500}
2026-03-15 16:00:51,544 [DESKTOP-H93RLBF:11400] [INFO] {'iter_loss': 0.2163446728885174, 'iter_time': 0.5056200835108757, 'iter_general_step_dur': 0.12706879138946534, 'epoch': 24, 'trainer_step': 24200, 'iter_step': 26600}
2026-03-15 16:01:25,140 [DESKTOP-H93RLBF:11400] [INFO] {'iter_loss': 0.2158131293952465, 'iter_time': 0.5012133568525314, 'iter_general_step_dur': 0.12702643871307373, 'epoch': 24, 'trainer_step': 24300, 'iter_step': 26700}
2026-03-15 16:01:59,066 [DESKTOP-H93RLBF:11400] [INFO] {'iter_loss': 0.21822921827435493, 'iter_time': 0.5072887870669365, 'iter_general_step_dur': 0.12733254432678223, 'epoch': 24, 'trainer_step': 24400, 'iter_step': 26800}
2026-03-15 16:02:32,874 [DESKTOP-H93RLBF:11400] [INFO] {'iter_loss': 0.2139282876253128, 'iter_time': 0.5041448935866356, 'iter_general_step_dur': 0.1268518352508545, 'epoch': 24, 'trainer_step': 24500, 'iter_step': 26900}
2026-03-15 16:03:06,792 [DESKTOP-H93RLBF:11400] [INFO] {'iter_loss': 0.21613414466381073, 'iter_time': 0.499124273955822, 'iter_general_step_dur': 0.1263378691673279, 'epoch': 24, 'trainer_step': 24600, 'iter_step': 27000}
2026-03-15 16:03:40,765 [DESKTOP-H93RLBF:11400] [INFO] {'iter_loss': 0.21505688592791558, 'iter_time': 0.5104930883646012, 'iter_general_step_dur': 0.1278962731361389, 'epoch': 24, 'trainer_step': 24700, 'iter_step': 27100}
2026-03-15 16:04:14,305 [DESKTOP-H93RLBF:11400] [INFO] {'iter_loss': 0.2098903588950634, 'iter_time': 0.5039592784643173, 'iter_general_step_dur': 0.12849414587020874, 'epoch': 24, 'trainer_step': 24800, 'iter_step': 27200}
2026-03-15 16:04:48,101 [DESKTOP-H93RLBF:11400] [INFO] {'iter_loss': 0.20235709980130195, 'iter_time': 0.48602033853530885, 'iter_general_step_dur': 0.12909254789352417, 'epoch': 24, 'trainer_step': 24900, 'iter_step': 27300}
2026-03-15 16:05:21,992 [DESKTOP-H93RLBF:11400] [INFO] {'iter_loss': 0.21503540843725205, 'iter_time': 0.49640232264995576, 'iter_general_step_dur': 0.12858781337738037, 'epoch': 24, 'trainer_step': 25000, 'iter_step': 27400}
2026-03-15 16:05:34,479 [DESKTOP-H93RLBF:11400] [INFO] {'val_loss': 0.20969071090221406, 'val_time': 0.49104332119226457, 'val_general_step_dur': 0.12218687295913697, 'epoch': 24, 'trainer_step': 25000, 'iter_step': 27500}
2026-03-15 16:05:34,481 [DESKTOP-H93RLBF:11400] [INFO] {'train_loss': 0.2135587188899517, 'train_time': 0.5016365911066533, 'train_general_step_dur': 0.12761572098731994, 'epoch': 24, 'trainer_step': 25000, 'iter_step': 27500}
2026-03-15 16:06:09,060 [DESKTOP-H93RLBF:11400] [INFO] {'iter_loss': 0.21556779101490975, 'iter_time': 0.5121927651762962, 'iter_general_step_dur': 0.1273021864891052, 'epoch': 25, 'trainer_step': 25100, 'iter_step': 27600}
2026-03-15 16:06:43,023 [DESKTOP-H93RLBF:11400] [INFO] {'iter_loss': 0.21051527082920074, 'iter_time': 0.49207581594586375, 'iter_general_step_dur': 0.12780972719192504, 'epoch': 25, 'trainer_step': 25200, 'iter_step': 27700}
2026-03-15 16:07:16,803 [DESKTOP-H93RLBF:11400] [INFO] {'iter_loss': 0.2042565366625786, 'iter_time': 0.49600220620632174, 'iter_general_step_dur': 0.12817276239395142, 'epoch': 25, 'trainer_step': 25300, 'iter_step': 27800}
2026-03-15 16:07:50,479 [DESKTOP-H93RLBF:11400] [INFO] {'iter_loss': 0.2073695629835129, 'iter_time': 0.5059724298119544, 'iter_general_step_dur': 0.12651721477508546, 'epoch': 25, 'trainer_step': 25400, 'iter_step': 27900}
2026-03-15 16:08:24,223 [DESKTOP-H93RLBF:11400] [INFO] {'iter_loss': 0.2129753564298153, 'iter_time': 0.5061531901359558, 'iter_general_step_dur': 0.12486068725585937, 'epoch': 25, 'trainer_step': 25500, 'iter_step': 28000}
2026-03-15 16:08:58,252 [DESKTOP-H93RLBF:11400] [INFO] {'iter_loss': 0.2136185473203659, 'iter_time': 0.5009771257638931, 'iter_general_step_dur': 0.12568460702896117, 'epoch': 25, 'trainer_step': 25600, 'iter_step': 28100}
2026-03-15 16:09:32,124 [DESKTOP-H93RLBF:11400] [INFO] {'iter_loss': 0.2109653617441654, 'iter_time': 0.5160923591256141, 'iter_general_step_dur': 0.12589266538619995, 'epoch': 25, 'trainer_step': 25700, 'iter_step': 28200}
2026-03-15 16:10:05,801 [DESKTOP-H93RLBF:11400] [INFO] {'iter_loss': 0.20688095599412917, 'iter_time': 0.4919728437066078, 'iter_general_step_dur': 0.12785998106002808, 'epoch': 25, 'trainer_step': 25800, 'iter_step': 28300}
2026-03-15 16:10:39,100 [DESKTOP-H93RLBF:11400] [INFO] {'iter_loss': 0.2059131981432438, 'iter_time': 0.5034313622117043, 'iter_general_step_dur': 0.12778359174728393, 'epoch': 25, 'trainer_step': 25900, 'iter_step': 28400}
2026-03-15 16:11:12,729 [DESKTOP-H93RLBF:11400] [INFO] {'iter_loss': 0.20674459457397462, 'iter_time': 0.49414725497365, 'iter_general_step_dur': 0.12880081176757813, 'epoch': 25, 'trainer_step': 26000, 'iter_step': 28500}
2026-03-15 16:11:25,097 [DESKTOP-H93RLBF:11400] [INFO] {'val_loss': 0.20886246398091315, 'val_time': 0.4907574263215065, 'val_general_step_dur': 0.12125796556472779, 'epoch': 25, 'trainer_step': 26000, 'iter_step': 28600}
2026-03-15 16:11:25,098 [DESKTOP-H93RLBF:11400] [INFO] {'train_loss': 0.2094807175695896, 'train_time': 0.5019017353057861, 'train_general_step_dur': 0.12706842350959777, 'epoch': 25, 'trainer_step': 26000, 'iter_step': 28600}
2026-03-15 16:11:59,943 [DESKTOP-H93RLBF:11400] [INFO] {'iter_loss': 0.21334966883063317, 'iter_time': 0.5039967608451843, 'iter_general_step_dur': 0.12795006036758422, 'epoch': 26, 'trainer_step': 26100, 'iter_step': 28700}
2026-03-15 16:12:33,708 [DESKTOP-H93RLBF:11400] [INFO] {'iter_loss': 0.20847357735037803, 'iter_time': 0.5048574870824813, 'iter_general_step_dur': 0.1284305953979492, 'epoch': 26, 'trainer_step': 26200, 'iter_step': 28800}
2026-03-15 16:13:07,369 [DESKTOP-H93RLBF:11400] [INFO] {'iter_loss': 0.21075640484690666, 'iter_time': 0.5114323490858078, 'iter_general_step_dur': 0.12865301847457886, 'epoch': 26, 'trainer_step': 26300, 'iter_step': 28900}
2026-03-15 16:13:41,031 [DESKTOP-H93RLBF:11400] [INFO] {'iter_loss': 0.20768575444817544, 'iter_time': 0.5025413677096366, 'iter_general_step_dur': 0.12747360229492188, 'epoch': 26, 'trainer_step': 26400, 'iter_step': 29000}
2026-03-15 16:14:14,915 [DESKTOP-H93RLBF:11400] [INFO] {'iter_loss': 0.20591861575841905, 'iter_time': 0.4958774572610855, 'iter_general_step_dur': 0.1268945336341858, 'epoch': 26, 'trainer_step': 26500, 'iter_step': 29100}
2026-03-15 16:14:48,546 [DESKTOP-H93RLBF:11400] [INFO] {'iter_loss': 0.2110938137769699, 'iter_time': 0.500395350754261, 'iter_general_step_dur': 0.1242111587524414, 'epoch': 26, 'trainer_step': 26600, 'iter_step': 29200}
2026-03-15 16:15:22,141 [DESKTOP-H93RLBF:11400] [INFO] {'iter_loss': 0.2073240275681019, 'iter_time': 0.49759439170360564, 'iter_general_step_dur': 0.12624624490737915, 'epoch': 26, 'trainer_step': 26700, 'iter_step': 29300}
2026-03-15 16:15:55,909 [DESKTOP-H93RLBF:11400] [INFO] {'iter_loss': 0.2080131435394287, 'iter_time': 0.4903899136185646, 'iter_general_step_dur': 0.12669297695159912, 'epoch': 26, 'trainer_step': 26800, 'iter_step': 29400}
2026-03-15 16:16:29,757 [DESKTOP-H93RLBF:11400] [INFO] {'iter_loss': 0.2029069583117962, 'iter_time': 0.48755545347929, 'iter_general_step_dur': 0.12813716173171996, 'epoch': 26, 'trainer_step': 26900, 'iter_step': 29500}
2026-03-15 16:17:03,580 [DESKTOP-H93RLBF:11400] [INFO] {'iter_loss': 0.21073696613311768, 'iter_time': 0.4990291211009026, 'iter_general_step_dur': 0.12835626125335695, 'epoch': 26, 'trainer_step': 27000, 'iter_step': 29600}
2026-03-15 16:17:15,876 [DESKTOP-H93RLBF:11400] [INFO] {'val_loss': 0.2057345962524414, 'val_time': 0.507748843729496, 'val_general_step_dur': 0.12043939590454102, 'epoch': 26, 'trainer_step': 27000, 'iter_step': 29700}
2026-03-15 16:17:15,878 [DESKTOP-H93RLBF:11400] [INFO] {'train_loss': 0.20862589305639268, 'train_time': 0.499366965264082, 'train_general_step_dur': 0.12730456137657165, 'epoch': 26, 'trainer_step': 27000, 'iter_step': 29700}
2026-03-15 16:17:50,756 [DESKTOP-H93RLBF:11400] [INFO] {'iter_loss': 0.19729315847158432, 'iter_time': 0.4815211492776871, 'iter_general_step_dur': 0.12869441032409668, 'epoch': 27, 'trainer_step': 27100, 'iter_step': 29800}
2026-03-15 16:18:25,944 [DESKTOP-H93RLBF:11400] [INFO] {'iter_loss': 0.20497340023517607, 'iter_time': 0.49886236190795896, 'iter_general_step_dur': 0.12987859964370727, 'epoch': 27, 'trainer_step': 27200, 'iter_step': 29900}
2026-03-15 16:19:00,951 [DESKTOP-H93RLBF:11400] [INFO] {'iter_loss': 0.21538776963949202, 'iter_time': 0.4992140394449234, 'iter_general_step_dur': 0.1291283917427063, 'epoch': 27, 'trainer_step': 27300, 'iter_step': 30000}
2026-03-15 16:19:36,028 [DESKTOP-H93RLBF:11400] [INFO] {'iter_loss': 0.19879806101322173, 'iter_time': 0.4929556718468666, 'iter_general_step_dur': 0.12864553689956665, 'epoch': 27, 'trainer_step': 27400, 'iter_step': 30100}
2026-03-15 16:20:11,083 [DESKTOP-H93RLBF:11400] [INFO] {'iter_loss': 0.20185781627893448, 'iter_time': 0.49835010468959806, 'iter_general_step_dur': 0.1279192328453064, 'epoch': 27, 'trainer_step': 27500, 'iter_step': 30200}
2026-03-15 16:20:46,020 [DESKTOP-H93RLBF:11400] [INFO] {'iter_loss': 0.20469561636447905, 'iter_time': 0.49857002377510073, 'iter_general_step_dur': 0.1266706395149231, 'epoch': 27, 'trainer_step': 27600, 'iter_step': 30300}
2026-03-15 16:21:21,205 [DESKTOP-H93RLBF:11400] [INFO] {'iter_loss': 0.21233077362179756, 'iter_time': 0.5092917051911354, 'iter_general_step_dur': 0.12867822170257567, 'epoch': 27, 'trainer_step': 27700, 'iter_step': 30400}
2026-03-15 16:21:56,478 [DESKTOP-H93RLBF:11400] [INFO] {'iter_loss': 0.20952614411711692, 'iter_time': 0.5143461364507675, 'iter_general_step_dur': 0.12942999362945556, 'epoch': 27, 'trainer_step': 27800, 'iter_step': 30500}
2026-03-15 16:22:30,422 [DESKTOP-H93RLBF:11400] [INFO] {'iter_loss': 0.21456561952829362, 'iter_time': 0.49960724771022796, 'iter_general_step_dur': 0.12803964376449584, 'epoch': 27, 'trainer_step': 27900, 'iter_step': 30600}
2026-03-15 16:23:04,094 [DESKTOP-H93RLBF:11400] [INFO] {'iter_loss': 0.20959460571408273, 'iter_time': 0.5011766585707664, 'iter_general_step_dur': 0.12772825002670288, 'epoch': 27, 'trainer_step': 28000, 'iter_step': 30700}
2026-03-15 16:23:16,427 [DESKTOP-H93RLBF:11400] [INFO] {'val_loss': 0.19991422161459924, 'val_time': 0.49716739982366565, 'val_general_step_dur': 0.12099018812179566, 'epoch': 27, 'trainer_step': 28000, 'iter_step': 30800}
2026-03-15 16:23:16,429 [DESKTOP-H93RLBF:11400] [INFO] {'train_loss': 0.20690229649841785, 'train_time': 0.4993895098865032, 'train_general_step_dur': 0.12848129200935363, 'epoch': 27, 'trainer_step': 28000, 'iter_step': 30800}
2026-03-15 16:23:50,491 [DESKTOP-H93RLBF:11400] [INFO] {'iter_loss': 0.2066430677473545, 'iter_time': 0.5062904664874077, 'iter_general_step_dur': 0.12592292547225953, 'epoch': 28, 'trainer_step': 28100, 'iter_step': 30900}
2026-03-15 16:24:24,355 [DESKTOP-H93RLBF:11400] [INFO] {'iter_loss': 0.2088569135963917, 'iter_time': 0.5060221171379089, 'iter_general_step_dur': 0.12737794399261473, 'epoch': 28, 'trainer_step': 28200, 'iter_step': 31000}
2026-03-15 16:24:57,728 [DESKTOP-H93RLBF:11400] [INFO] {'iter_loss': 0.20423731803894044, 'iter_time': 0.508092180788517, 'iter_general_step_dur': 0.1267373538017273, 'epoch': 28, 'trainer_step': 28300, 'iter_step': 31100}
2026-03-15 16:25:31,324 [DESKTOP-H93RLBF:11400] [INFO] {'iter_loss': 0.20962122246623038, 'iter_time': 0.4994313725829124, 'iter_general_step_dur': 0.12773382902145386, 'epoch': 28, 'trainer_step': 28400, 'iter_step': 31200}
2026-03-15 16:26:04,928 [DESKTOP-H93RLBF:11400] [INFO] {'iter_loss': 0.19860411047935486, 'iter_time': 0.48964768528938296, 'iter_general_step_dur': 0.12382227659225464, 'epoch': 28, 'trainer_step': 28500, 'iter_step': 31300}
2026-03-15 16:26:38,521 [DESKTOP-H93RLBF:11400] [INFO] {'iter_loss': 0.20295639961957931, 'iter_time': 0.5041745412349701, 'iter_general_step_dur': 0.12481448411941529, 'epoch': 28, 'trainer_step': 28600, 'iter_step': 31400}
2026-03-15 16:27:12,186 [DESKTOP-H93RLBF:11400] [INFO] {'iter_loss': 0.20570943221449853, 'iter_time': 0.5018827667832375, 'iter_general_step_dur': 0.12620507001876832, 'epoch': 28, 'trainer_step': 28700, 'iter_step': 31500}
2026-03-15 16:27:45,752 [DESKTOP-H93RLBF:11400] [INFO] {'iter_loss': 0.1952620939910412, 'iter_time': 0.4961245971918106, 'iter_general_step_dur': 0.12708929300308228, 'epoch': 28, 'trainer_step': 28800, 'iter_step': 31600}
2026-03-15 16:28:19,650 [DESKTOP-H93RLBF:11400] [INFO] {'iter_loss': 0.20234248295426369, 'iter_time': 0.4892163717746735, 'iter_general_step_dur': 0.1272571611404419, 'epoch': 28, 'trainer_step': 28900, 'iter_step': 31700}
2026-03-15 16:28:53,480 [DESKTOP-H93RLBF:11400] [INFO] {'iter_loss': 0.20338631480932234, 'iter_time': 0.5103585559129715, 'iter_general_step_dur': 0.1285352563858032, 'epoch': 28, 'trainer_step': 29000, 'iter_step': 31800}
2026-03-15 16:29:05,897 [DESKTOP-H93RLBF:11400] [INFO] {'val_loss': 0.20559037253260612, 'val_time': 0.4928212624788284, 'val_general_step_dur': 0.12150254249572753, 'epoch': 28, 'trainer_step': 29000, 'iter_step': 31900}
2026-03-15 16:29:05,902 [DESKTOP-H93RLBF:11400] [INFO] {'train_loss': 0.2037619355916977, 'train_time': 0.5011240655183792, 'train_general_step_dur': 0.1265495593547821, 'epoch': 28, 'trainer_step': 29000, 'iter_step': 31900}
2026-03-15 16:29:40,212 [DESKTOP-H93RLBF:11400] [INFO] {'iter_loss': 0.19922104671597482, 'iter_time': 0.5016284343600274, 'iter_general_step_dur': 0.12698062896728515, 'epoch': 29, 'trainer_step': 29100, 'iter_step': 32000}
2026-03-15 16:30:14,097 [DESKTOP-H93RLBF:11400] [INFO] {'iter_loss': 0.20873436763882636, 'iter_time': 0.5136247405409813, 'iter_general_step_dur': 0.12675350189208984, 'epoch': 29, 'trainer_step': 29200, 'iter_step': 32100}
2026-03-15 16:30:47,956 [DESKTOP-H93RLBF:11400] [INFO] {'iter_loss': 0.19774999871850013, 'iter_time': 0.4956548562645912, 'iter_general_step_dur': 0.12784659147262573, 'epoch': 29, 'trainer_step': 29300, 'iter_step': 32200}
2026-03-15 16:31:21,392 [DESKTOP-H93RLBF:11400] [INFO] {'iter_loss': 0.2170863477885723, 'iter_time': 0.5157218006253242, 'iter_general_step_dur': 0.1271590757369995, 'epoch': 29, 'trainer_step': 29400, 'iter_step': 32300}
2026-03-15 16:31:55,193 [DESKTOP-H93RLBF:11400] [INFO] {'iter_loss': 0.20704036042094232, 'iter_time': 0.502357403934002, 'iter_general_step_dur': 0.1266433334350586, 'epoch': 29, 'trainer_step': 29500, 'iter_step': 32400}
2026-03-15 16:32:29,021 [DESKTOP-H93RLBF:11400] [INFO] {'iter_loss': 0.199712543040514, 'iter_time': 0.5009676390886306, 'iter_general_step_dur': 0.12538764953613282, 'epoch': 29, 'trainer_step': 29600, 'iter_step': 32500}
2026-03-15 16:33:02,755 [DESKTOP-H93RLBF:11400] [INFO] {'iter_loss': 0.1965457133948803, 'iter_time': 0.4914633056521416, 'iter_general_step_dur': 0.12585586309432983, 'epoch': 29, 'trainer_step': 29700, 'iter_step': 32600}
2026-03-15 16:33:36,394 [DESKTOP-H93RLBF:11400] [INFO] {'iter_loss': 0.21213931813836098, 'iter_time': 0.5111397692561149, 'iter_general_step_dur': 0.12818079948425293, 'epoch': 29, 'trainer_step': 29800, 'iter_step': 32700}
2026-03-15 16:34:10,316 [DESKTOP-H93RLBF:11400] [INFO] {'iter_loss': 0.20180455178022386, 'iter_time': 0.491874515414238, 'iter_general_step_dur': 0.1281908392906189, 'epoch': 29, 'trainer_step': 29900, 'iter_step': 32800}
2026-03-15 16:34:43,830 [DESKTOP-H93RLBF:11400] [INFO] {'iter_loss': 0.20404894828796385, 'iter_time': 0.4965589025616646, 'iter_general_step_dur': 0.12815642356872559, 'epoch': 29, 'trainer_step': 30000, 'iter_step': 32900}
2026-03-15 16:34:56,266 [DESKTOP-H93RLBF:11400] [INFO] {'val_loss': 0.2046365560591221, 'val_time': 0.5027942258119583, 'val_general_step_dur': 0.12182904481887817, 'epoch': 29, 'trainer_step': 30000, 'iter_step': 33000}
2026-03-15 16:34:56,267 [DESKTOP-H93RLBF:11400] [INFO] {'train_loss': 0.20440831959247588, 'train_time': 0.5020991367697716, 'train_general_step_dur': 0.1271154706478119, 'epoch': 29, 'trainer_step': 30000, 'iter_step': 33000}
2026-03-15 16:35:30,791 [DESKTOP-H93RLBF:11400] [INFO] {'iter_loss': 0.19056187570095062, 'iter_time': 0.48894333839416504, 'iter_general_step_dur': 0.1281700301170349, 'epoch': 30, 'trainer_step': 30100, 'iter_step': 33100}
2026-03-15 16:36:04,615 [DESKTOP-H93RLBF:11400] [INFO] {'iter_loss': 0.2141924326121807, 'iter_time': 0.5138135424256325, 'iter_general_step_dur': 0.1281471061706543, 'epoch': 30, 'trainer_step': 30200, 'iter_step': 33200}
2026-03-15 16:36:38,571 [DESKTOP-H93RLBF:11400] [INFO] {'iter_loss': 0.2002328597009182, 'iter_time': 0.4995299506187439, 'iter_general_step_dur': 0.12782387018203736, 'epoch': 30, 'trainer_step': 30300, 'iter_step': 33300}
2026-03-15 16:37:12,174 [DESKTOP-H93RLBF:11400] [INFO] {'iter_loss': 0.18862851276993753, 'iter_time': 0.4847259667515755, 'iter_general_step_dur': 0.12843496561050416, 'epoch': 30, 'trainer_step': 30400, 'iter_step': 33400}
2026-03-15 16:37:45,944 [DESKTOP-H93RLBF:11400] [INFO] {'iter_loss': 0.2004325732588768, 'iter_time': 0.5069514286518096, 'iter_general_step_dur': 0.12821383714675905, 'epoch': 30, 'trainer_step': 30500, 'iter_step': 33500}
2026-03-15 16:38:19,888 [DESKTOP-H93RLBF:11400] [INFO] {'iter_loss': 0.19986204624176027, 'iter_time': 0.5086856082081794, 'iter_general_step_dur': 0.12730847120285035, 'epoch': 30, 'trainer_step': 30600, 'iter_step': 33600}
2026-03-15 16:38:53,714 [DESKTOP-H93RLBF:11400] [INFO] {'iter_loss': 0.1934155309200287, 'iter_time': 0.484564847946167, 'iter_general_step_dur': 0.12548494338989258, 'epoch': 30, 'trainer_step': 30700, 'iter_step': 33700}
2026-03-15 16:39:27,685 [DESKTOP-H93RLBF:11400] [INFO] {'iter_loss': 0.19761211201548576, 'iter_time': 0.5126699709892273, 'iter_general_step_dur': 0.12735845804214477, 'epoch': 30, 'trainer_step': 30800, 'iter_step': 33800}
2026-03-15 16:40:01,862 [DESKTOP-H93RLBF:11400] [INFO] {'iter_loss': 0.19370018541812897, 'iter_time': 0.5045774051547051, 'iter_general_step_dur': 0.12654064178466798, 'epoch': 30, 'trainer_step': 30900, 'iter_step': 33900}
2026-03-15 16:40:36,121 [DESKTOP-H93RLBF:11400] [INFO] {'iter_loss': 0.20093437522649765, 'iter_time': 0.501993659734726, 'iter_general_step_dur': 0.12813687086105346, 'epoch': 30, 'trainer_step': 31000, 'iter_step': 34000}
2026-03-15 16:40:48,503 [DESKTOP-H93RLBF:11400] [INFO] {'val_loss': 0.19297026425600053, 'val_time': 0.49551906138658525, 'val_general_step_dur': 0.12122324228286743, 'epoch': 30, 'trainer_step': 31000, 'iter_step': 34100}
2026-03-15 16:40:48,505 [DESKTOP-H93RLBF:11400] [INFO] {'train_loss': 0.19795725038647652, 'train_time': 0.5006455718874931, 'train_general_step_dur': 0.1275619194507599, 'epoch': 30, 'trainer_step': 31000, 'iter_step': 34100}
2026-03-15 16:41:23,039 [DESKTOP-H93RLBF:11400] [INFO] {'iter_loss': 0.19192252799868584, 'iter_time': 0.49899456232786177, 'iter_general_step_dur': 0.12881447076797486, 'epoch': 31, 'trainer_step': 31100, 'iter_step': 34200}
2026-03-15 16:41:56,747 [DESKTOP-H93RLBF:11400] [INFO] {'iter_loss': 0.20480748698115347, 'iter_time': 0.5061884963512421, 'iter_general_step_dur': 0.12860821962356567, 'epoch': 31, 'trainer_step': 31200, 'iter_step': 34300}
2026-03-15 16:42:30,954 [DESKTOP-H93RLBF:11400] [INFO] {'iter_loss': 0.2043902748823166, 'iter_time': 0.4904377001523972, 'iter_general_step_dur': 0.127667396068573, 'epoch': 31, 'trainer_step': 31300, 'iter_step': 34400}
2026-03-15 16:43:04,410 [DESKTOP-H93RLBF:11400] [INFO] {'iter_loss': 0.20697615548968315, 'iter_time': 0.5007592394948006, 'iter_general_step_dur': 0.12877098560333253, 'epoch': 31, 'trainer_step': 31400, 'iter_step': 34500}
2026-03-15 16:43:37,998 [DESKTOP-H93RLBF:11400] [INFO] {'iter_loss': 0.2017022556066513, 'iter_time': 0.5046121910214424, 'iter_general_step_dur': 0.1278669023513794, 'epoch': 31, 'trainer_step': 31500, 'iter_step': 34600}
2026-03-15 16:44:11,584 [DESKTOP-H93RLBF:11400] [INFO] {'iter_loss': 0.20368525505065918, 'iter_time': 0.5160849183797837, 'iter_general_step_dur': 0.1271156859397888, 'epoch': 31, 'trainer_step': 31600, 'iter_step': 34700}
2026-03-15 16:44:45,470 [DESKTOP-H93RLBF:11400] [INFO] {'iter_loss': 0.20015503317117692, 'iter_time': 0.4901842501759529, 'iter_general_step_dur': 0.12615254163742065, 'epoch': 31, 'trainer_step': 31700, 'iter_step': 34800}
2026-03-15 16:45:19,101 [DESKTOP-H93RLBF:11400] [INFO] {'iter_loss': 0.19491986110806464, 'iter_time': 0.4936286610364914, 'iter_general_step_dur': 0.12672351360321044, 'epoch': 31, 'trainer_step': 31800, 'iter_step': 34900}
2026-03-15 16:45:52,770 [DESKTOP-H93RLBF:11400] [INFO] {'iter_loss': 0.19161671355366708, 'iter_time': 0.4994026669859886, 'iter_general_step_dur': 0.12720855236053466, 'epoch': 31, 'trainer_step': 31900, 'iter_step': 35000}
2026-03-15 16:46:26,815 [DESKTOP-H93RLBF:11400] [INFO] {'iter_loss': 0.1966131955385208, 'iter_time': 0.4850812631845474, 'iter_general_step_dur': 0.12814659833908082, 'epoch': 31, 'trainer_step': 32000, 'iter_step': 35100}
2026-03-15 16:46:39,217 [DESKTOP-H93RLBF:11400] [INFO] {'val_loss': 0.19258192420005799, 'val_time': 0.5087875503301621, 'val_general_step_dur': 0.1215012502670288, 'epoch': 31, 'trainer_step': 32000, 'iter_step': 35200}
2026-03-15 16:46:39,219 [DESKTOP-H93RLBF:11400] [INFO] {'train_loss': 0.1996788759380579, 'train_time': 0.4985373949110508, 'train_general_step_dur': 0.12770748662948608, 'epoch': 31, 'trainer_step': 32000, 'iter_step': 35200}
2026-03-15 16:47:13,420 [DESKTOP-H93RLBF:11400] [INFO] {'iter_loss': 0.1963173346221447, 'iter_time': 0.4953323593735695, 'iter_general_step_dur': 0.12921931743621826, 'epoch': 32, 'trainer_step': 32100, 'iter_step': 35300}
2026-03-15 16:47:47,026 [DESKTOP-H93RLBF:11400] [INFO] {'iter_loss': 0.20189786255359649, 'iter_time': 0.5044699043035508, 'iter_general_step_dur': 0.12828752517700195, 'epoch': 32, 'trainer_step': 32200, 'iter_step': 35400}
2026-03-15 16:48:20,959 [DESKTOP-H93RLBF:11400] [INFO] {'iter_loss': 0.19208298042416572, 'iter_time': 0.4989649936556816, 'iter_general_step_dur': 0.12694512844085692, 'epoch': 32, 'trainer_step': 32300, 'iter_step': 35500}
2026-03-15 16:48:54,574 [DESKTOP-H93RLBF:11400] [INFO] {'iter_loss': 0.19714009821414946, 'iter_time': 0.50523904889822, 'iter_general_step_dur': 0.12765426635742189, 'epoch': 32, 'trainer_step': 32400, 'iter_step': 35600}
2026-03-15 16:49:28,572 [DESKTOP-H93RLBF:11400] [INFO] {'iter_loss': 0.1987505930662155, 'iter_time': 0.49331668436527254, 'iter_general_step_dur': 0.12868507862091064, 'epoch': 32, 'trainer_step': 32500, 'iter_step': 35700}
2026-03-15 16:50:02,368 [DESKTOP-H93RLBF:11400] [INFO] {'iter_loss': 0.19962729290127754, 'iter_time': 0.5006752967834472, 'iter_general_step_dur': 0.1266670346260071, 'epoch': 32, 'trainer_step': 32600, 'iter_step': 35800}
2026-03-15 16:50:35,987 [DESKTOP-H93RLBF:11400] [INFO] {'iter_loss': 0.2009059554338455, 'iter_time': 0.5025163981318473, 'iter_general_step_dur': 0.1241792917251587, 'epoch': 32, 'trainer_step': 32700, 'iter_step': 35900}
2026-03-15 16:51:09,896 [DESKTOP-H93RLBF:11400] [INFO] {'iter_loss': 0.20188974350690841, 'iter_time': 0.498261045217514, 'iter_general_step_dur': 0.12665624141693116, 'epoch': 32, 'trainer_step': 32800, 'iter_step': 36000}
2026-03-15 16:51:43,807 [DESKTOP-H93RLBF:11400] [INFO] {'iter_loss': 0.19775570273399354, 'iter_time': 0.5016008147597313, 'iter_general_step_dur': 0.12750813722610474, 'epoch': 32, 'trainer_step': 32900, 'iter_step': 36100}
2026-03-15 16:52:17,447 [DESKTOP-H93RLBF:11400] [INFO] {'iter_loss': 0.1948076717555523, 'iter_time': 0.5028081011772155, 'iter_general_step_dur': 0.12792293787002562, 'epoch': 32, 'trainer_step': 33000, 'iter_step': 36200}
2026-03-15 16:52:29,777 [DESKTOP-H93RLBF:11400] [INFO] {'val_loss': 0.19204598776996135, 'val_time': 0.5023276320099831, 'val_general_step_dur': 0.12075785160064698, 'epoch': 32, 'trainer_step': 33000, 'iter_step': 36300}
2026-03-15 16:52:29,778 [DESKTOP-H93RLBF:11400] [INFO] {'train_loss': 0.19811752352118492, 'train_time': 0.500318464666605, 'train_general_step_dur': 0.1273724958896637, 'epoch': 32, 'trainer_step': 33000, 'iter_step': 36300}
2026-03-15 16:53:04,057 [DESKTOP-H93RLBF:11400] [INFO] {'iter_loss': 0.19402417659759522, 'iter_time': 0.4967470923066139, 'iter_general_step_dur': 0.1275240135192871, 'epoch': 33, 'trainer_step': 33100, 'iter_step': 36400}
2026-03-15 16:53:37,709 [DESKTOP-H93RLBF:11400] [INFO] {'iter_loss': 0.19094951316714287, 'iter_time': 0.4916642716526985, 'iter_general_step_dur': 0.12884786367416382, 'epoch': 33, 'trainer_step': 33200, 'iter_step': 36500}
2026-03-15 16:54:11,977 [DESKTOP-H93RLBF:11400] [INFO] {'iter_loss': 0.19588498815894126, 'iter_time': 0.5066339153051377, 'iter_general_step_dur': 0.12846832513809203, 'epoch': 33, 'trainer_step': 33300, 'iter_step': 36600}
2026-03-15 16:54:45,753 [DESKTOP-H93RLBF:11400] [INFO] {'iter_loss': 0.19842487201094627, 'iter_time': 0.49391217052936554, 'iter_general_step_dur': 0.12792247772216797, 'epoch': 33, 'trainer_step': 33400, 'iter_step': 36700}
2026-03-15 16:55:19,626 [DESKTOP-H93RLBF:11400] [INFO] {'iter_loss': 0.19539867870509625, 'iter_time': 0.5072293549776077, 'iter_general_step_dur': 0.12827982664108276, 'epoch': 33, 'trainer_step': 33500, 'iter_step': 36800}
2026-03-15 16:55:53,084 [DESKTOP-H93RLBF:11400] [INFO] {'iter_loss': 0.19550026029348375, 'iter_time': 0.4993742313981056, 'iter_general_step_dur': 0.12733856439590455, 'epoch': 33, 'trainer_step': 33600, 'iter_step': 36900}
2026-03-15 16:56:26,770 [DESKTOP-H93RLBF:11400] [INFO] {'iter_loss': 0.19668408304452897, 'iter_time': 0.4988441136479378, 'iter_general_step_dur': 0.12616079330444335, 'epoch': 33, 'trainer_step': 33700, 'iter_step': 37000}
2026-03-15 16:57:00,712 [DESKTOP-H93RLBF:11400] [INFO] {'iter_loss': 0.1898273867368698, 'iter_time': 0.49319964289665225, 'iter_general_step_dur': 0.1272424030303955, 'epoch': 33, 'trainer_step': 33800, 'iter_step': 37100}
2026-03-15 16:57:34,377 [DESKTOP-H93RLBF:11400] [INFO] {'iter_loss': 0.18526487231254576, 'iter_time': 0.4856168407201767, 'iter_general_step_dur': 0.1277751135826111, 'epoch': 33, 'trainer_step': 33900, 'iter_step': 37200}
2026-03-15 16:58:08,540 [DESKTOP-H93RLBF:11400] [INFO] {'iter_loss': 0.1956068016588688, 'iter_time': 0.49963482081890104, 'iter_general_step_dur': 0.12877005815505982, 'epoch': 33, 'trainer_step': 34000, 'iter_step': 37300}
2026-03-15 16:58:20,872 [DESKTOP-H93RLBF:11400] [INFO] {'val_loss': 0.20158386781811713, 'val_time': 0.5075021710991859, 'val_general_step_dur': 0.12071348428726196, 'epoch': 33, 'trainer_step': 34000, 'iter_step': 37400}
2026-03-15 16:58:20,874 [DESKTOP-H93RLBF:11400] [INFO] {'train_loss': 0.19375656326860188, 'train_time': 0.49728564542531967, 'train_general_step_dur': 0.1278329439163208, 'epoch': 33, 'trainer_step': 34000, 'iter_step': 37400}
2026-03-15 16:58:55,101 [DESKTOP-H93RLBF:11400] [INFO] {'iter_loss': 0.1983301605284214, 'iter_time': 0.5020666006207466, 'iter_general_step_dur': 0.1292668414115906, 'epoch': 34, 'trainer_step': 34100, 'iter_step': 37500}
2026-03-15 16:59:28,784 [DESKTOP-H93RLBF:11400] [INFO] {'iter_loss': 0.20145089983940123, 'iter_time': 0.5051960527896882, 'iter_general_step_dur': 0.1299987530708313, 'epoch': 34, 'trainer_step': 34200, 'iter_step': 37600}
2026-03-15 17:00:02,604 [DESKTOP-H93RLBF:11400] [INFO] {'iter_loss': 0.18889933645725251, 'iter_time': 0.5019674682617188, 'iter_general_step_dur': 0.12895906686782838, 'epoch': 34, 'trainer_step': 34300, 'iter_step': 37700}
2026-03-15 17:00:36,491 [DESKTOP-H93RLBF:11400] [INFO] {'iter_loss': 0.19999363884329796, 'iter_time': 0.5043228760361671, 'iter_general_step_dur': 0.12779215574264527, 'epoch': 34, 'trainer_step': 34400, 'iter_step': 37800}
2026-03-15 17:01:10,312 [DESKTOP-H93RLBF:11400] [INFO] {'iter_loss': 0.1953459168970585, 'iter_time': 0.5073581457138061, 'iter_general_step_dur': 0.12734235048294068, 'epoch': 34, 'trainer_step': 34500, 'iter_step': 37900}
2026-03-15 17:01:43,926 [DESKTOP-H93RLBF:11400] [INFO] {'iter_loss': 0.19735131964087485, 'iter_time': 0.5026834893226624, 'iter_general_step_dur': 0.1274368953704834, 'epoch': 34, 'trainer_step': 34600, 'iter_step': 38000}
2026-03-15 17:02:17,733 [DESKTOP-H93RLBF:11400] [INFO] {'iter_loss': 0.192429601252079, 'iter_time': 0.5068423935770988, 'iter_general_step_dur': 0.1249207615852356, 'epoch': 34, 'trainer_step': 34700, 'iter_step': 38100}
2026-03-15 17:02:51,578 [DESKTOP-H93RLBF:11400] [INFO] {'iter_loss': 0.1920019391924143, 'iter_time': 0.49156150966882706, 'iter_general_step_dur': 0.12656036138534546, 'epoch': 34, 'trainer_step': 34800, 'iter_step': 38200}
2026-03-15 17:03:25,333 [DESKTOP-H93RLBF:11400] [INFO] {'iter_loss': 0.19818797148764133, 'iter_time': 0.5011263230443, 'iter_general_step_dur': 0.12657652139663697, 'epoch': 34, 'trainer_step': 34900, 'iter_step': 38300}
2026-03-15 17:03:59,311 [DESKTOP-H93RLBF:11400] [INFO] {'iter_loss': 0.19809831082820892, 'iter_time': 0.5086984002590179, 'iter_general_step_dur': 0.12723883628845215, 'epoch': 34, 'trainer_step': 35000, 'iter_step': 38400}
2026-03-15 17:04:11,821 [DESKTOP-H93RLBF:11400] [INFO] {'val_loss': 0.1996068039536476, 'val_time': 0.5114302548766136, 'val_general_step_dur': 0.12227469444274902, 'epoch': 34, 'trainer_step': 35000, 'iter_step': 38500}
2026-03-15 17:04:11,823 [DESKTOP-H93RLBF:11400] [INFO] {'train_loss': 0.196208909496665, 'train_time': 0.5031823259294033, 'train_general_step_dur': 0.127609254360199, 'epoch': 34, 'trainer_step': 35000, 'iter_step': 38500}
2026-03-15 17:04:46,297 [DESKTOP-H93RLBF:11400] [INFO] {'iter_loss': 0.19170965030789375, 'iter_time': 0.49578511744737624, 'iter_general_step_dur': 0.12757400035858155, 'epoch': 35, 'trainer_step': 35100, 'iter_step': 38600}
2026-03-15 17:05:19,893 [DESKTOP-H93RLBF:11400] [INFO] {'iter_loss': 0.1865551944077015, 'iter_time': 0.5085250335931778, 'iter_general_step_dur': 0.1294546127319336, 'epoch': 35, 'trainer_step': 35200, 'iter_step': 38700}
2026-03-15 17:05:53,778 [DESKTOP-H93RLBF:11400] [INFO] {'iter_loss': 0.19683226704597473, 'iter_time': 0.5088710868358612, 'iter_general_step_dur': 0.1280307388305664, 'epoch': 35, 'trainer_step': 35300, 'iter_step': 38800}
2026-03-15 17:06:27,832 [DESKTOP-H93RLBF:11400] [INFO] {'iter_loss': 0.1886962428689003, 'iter_time': 0.5102310252189636, 'iter_general_step_dur': 0.12942640781402587, 'epoch': 35, 'trainer_step': 35400, 'iter_step': 38900}
2026-03-15 17:07:01,625 [DESKTOP-H93RLBF:11400] [INFO] {'iter_loss': 0.1896952434629202, 'iter_time': 0.4967972493171692, 'iter_general_step_dur': 0.12780272960662842, 'epoch': 35, 'trainer_step': 35500, 'iter_step': 39000}
2026-03-15 17:07:34,959 [DESKTOP-H93RLBF:11400] [INFO] {'iter_loss': 0.1867438054084778, 'iter_time': 0.4791513952612877, 'iter_general_step_dur': 0.1275928521156311, 'epoch': 35, 'trainer_step': 35600, 'iter_step': 39100}
2026-03-15 17:08:08,468 [DESKTOP-H93RLBF:11400] [INFO] {'iter_loss': 0.19592331930994988, 'iter_time': 0.5076175051927566, 'iter_general_step_dur': 0.12758464336395264, 'epoch': 35, 'trainer_step': 35700, 'iter_step': 39200}
2026-03-15 17:08:42,006 [DESKTOP-H93RLBF:11400] [INFO] {'iter_loss': 0.18329547934234142, 'iter_time': 0.496427589058876, 'iter_general_step_dur': 0.12612186193466188, 'epoch': 35, 'trainer_step': 35800, 'iter_step': 39300}
2026-03-15 17:09:15,783 [DESKTOP-H93RLBF:11400] [INFO] {'iter_loss': 0.1912053447216749, 'iter_time': 0.5011333411931992, 'iter_general_step_dur': 0.12605740785598754, 'epoch': 35, 'trainer_step': 35900, 'iter_step': 39400}
2026-03-15 17:09:49,225 [DESKTOP-H93RLBF:11400] [INFO] {'iter_loss': 0.18815480567514897, 'iter_time': 0.506213193833828, 'iter_general_step_dur': 0.1272367262840271, 'epoch': 35, 'trainer_step': 36000, 'iter_step': 39500}
2026-03-15 17:10:01,631 [DESKTOP-H93RLBF:11400] [INFO] {'val_loss': 0.1952247639000416, 'val_time': 0.5091169059276581, 'val_general_step_dur': 0.12149365186691284, 'epoch': 35, 'trainer_step': 36000, 'iter_step': 39600}
2026-03-15 17:10:01,633 [DESKTOP-H93RLBF:11400] [INFO] {'train_loss': 0.18988113525509834, 'train_time': 0.5010752536952495, 'train_general_step_dur': 0.1276881980895996, 'epoch': 35, 'trainer_step': 36000, 'iter_step': 39600}
2026-03-15 17:10:36,176 [DESKTOP-H93RLBF:11400] [INFO] {'iter_loss': 0.18739112138748168, 'iter_time': 0.4936732664704323, 'iter_general_step_dur': 0.12720988750457762, 'epoch': 36, 'trainer_step': 36100, 'iter_step': 39700}
2026-03-15 17:11:09,889 [DESKTOP-H93RLBF:11400] [INFO] {'iter_loss': 0.19165199048817158, 'iter_time': 0.4953618600964546, 'iter_general_step_dur': 0.1281726861000061, 'epoch': 36, 'trainer_step': 36200, 'iter_step': 39800}
2026-03-15 17:11:43,767 [DESKTOP-H93RLBF:11400] [INFO] {'iter_loss': 0.19329863525927066, 'iter_time': 0.5082886177301407, 'iter_general_step_dur': 0.12766987800598145, 'epoch': 36, 'trainer_step': 36300, 'iter_step': 39900}
2026-03-15 17:12:17,409 [DESKTOP-H93RLBF:11400] [INFO] {'iter_loss': 0.1854810583591461, 'iter_time': 0.5052796956896782, 'iter_general_step_dur': 0.12806021690368652, 'epoch': 36, 'trainer_step': 36400, 'iter_step': 40000}
2026-03-15 17:12:51,092 [DESKTOP-H93RLBF:11400] [INFO] {'iter_loss': 0.18523296274244785, 'iter_time': 0.48893154799938204, 'iter_general_step_dur': 0.1273069930076599, 'epoch': 36, 'trainer_step': 36500, 'iter_step': 40100}
2026-03-15 17:13:24,833 [DESKTOP-H93RLBF:11400] [INFO] {'iter_loss': 0.18604614287614823, 'iter_time': 0.49015731424093245, 'iter_general_step_dur': 0.12735243558883666, 'epoch': 36, 'trainer_step': 36600, 'iter_step': 40200}
2026-03-15 17:13:58,619 [DESKTOP-H93RLBF:11400] [INFO] {'iter_loss': 0.1858480703830719, 'iter_time': 0.5034781005978585, 'iter_general_step_dur': 0.12767671585083007, 'epoch': 36, 'trainer_step': 36700, 'iter_step': 40300}
2026-03-15 17:14:32,161 [DESKTOP-H93RLBF:11400] [INFO] {'iter_loss': 0.1960422645509243, 'iter_time': 0.5112568745017052, 'iter_general_step_dur': 0.12387293577194214, 'epoch': 36, 'trainer_step': 36800, 'iter_step': 40400}
2026-03-15 17:15:06,026 [DESKTOP-H93RLBF:11400] [INFO] {'iter_loss': 0.18663959160447122, 'iter_time': 0.4983751931786537, 'iter_general_step_dur': 0.12433982372283936, 'epoch': 36, 'trainer_step': 36900, 'iter_step': 40500}
2026-03-15 17:15:39,630 [DESKTOP-H93RLBF:11400] [INFO] {'iter_loss': 0.18350234001874924, 'iter_time': 0.4995145097374916, 'iter_general_step_dur': 0.1265905261039734, 'epoch': 36, 'trainer_step': 37000, 'iter_step': 40600}
2026-03-15 17:15:51,944 [DESKTOP-H93RLBF:11400] [INFO] {'val_loss': 0.18862182594835758, 'val_time': 0.50420663356781, 'val_general_step_dur': 0.12074275970458985, 'epoch': 36, 'trainer_step': 37000, 'iter_step': 40700}
2026-03-15 17:15:51,946 [DESKTOP-H93RLBF:11400] [INFO] {'train_loss': 0.18811341776698828, 'train_time': 0.4994316980242729, 'train_general_step_dur': 0.12682520985603332, 'epoch': 36, 'trainer_step': 37000, 'iter_step': 40700}
2026-03-15 17:16:26,291 [DESKTOP-H93RLBF:11400] [INFO] {'iter_loss': 0.1868203277885914, 'iter_time': 0.5132580161094665, 'iter_general_step_dur': 0.12698090314865113, 'epoch': 37, 'trainer_step': 37100, 'iter_step': 40800}
2026-03-15 17:17:00,411 [DESKTOP-H93RLBF:11400] [INFO] {'iter_loss': 0.18175674110651016, 'iter_time': 0.49617238968610766, 'iter_general_step_dur': 0.12683382987976075, 'epoch': 37, 'trainer_step': 37200, 'iter_step': 40900}
2026-03-15 17:17:33,864 [DESKTOP-H93RLBF:11400] [INFO] {'iter_loss': 0.18526075556874275, 'iter_time': 0.49861960709095, 'iter_general_step_dur': 0.1281946134567261, 'epoch': 37, 'trainer_step': 37300, 'iter_step': 41000}
2026-03-15 17:18:08,611 [DESKTOP-H93RLBF:11400] [INFO] {'iter_loss': 0.18423609673976898, 'iter_time': 0.5060774716734886, 'iter_general_step_dur': 0.12845010042190552, 'epoch': 37, 'trainer_step': 37400, 'iter_step': 41100}
2026-03-15 17:18:43,288 [DESKTOP-H93RLBF:11400] [INFO] {'iter_loss': 0.19069029517471792, 'iter_time': 0.5064502683281898, 'iter_general_step_dur': 0.12819076538085938, 'epoch': 37, 'trainer_step': 37500, 'iter_step': 41200}
2026-03-15 17:19:18,288 [DESKTOP-H93RLBF:11400] [INFO] {'iter_loss': 0.18918442137539387, 'iter_time': 0.5150488284230232, 'iter_general_step_dur': 0.1279401683807373, 'epoch': 37, 'trainer_step': 37600, 'iter_step': 41300}
2026-03-15 17:19:53,294 [DESKTOP-H93RLBF:11400] [INFO] {'iter_loss': 0.18322364769876004, 'iter_time': 0.4985388526320457, 'iter_general_step_dur': 0.12806881904602052, 'epoch': 37, 'trainer_step': 37700, 'iter_step': 41400}
2026-03-15 17:20:28,634 [DESKTOP-H93RLBF:11400] [INFO] {'iter_loss': 0.18975238099694253, 'iter_time': 0.49588857144117354, 'iter_general_step_dur': 0.12719983816146851, 'epoch': 37, 'trainer_step': 37800, 'iter_step': 41500}
2026-03-15 17:21:04,031 [DESKTOP-H93RLBF:11400] [INFO] {'iter_loss': 0.19371388360857963, 'iter_time': 0.5071144932508469, 'iter_general_step_dur': 0.12963778734207154, 'epoch': 37, 'trainer_step': 37900, 'iter_step': 41600}
2026-03-15 17:21:38,964 [DESKTOP-H93RLBF:11400] [INFO] {'iter_loss': 0.18682784497737884, 'iter_time': 0.4886965397000313, 'iter_general_step_dur': 0.12725969314575195, 'epoch': 37, 'trainer_step': 38000, 'iter_step': 41700}
2026-03-15 17:21:51,545 [DESKTOP-H93RLBF:11400] [INFO] {'val_loss': 0.1875766658037901, 'val_time': 0.49755033671855925, 'val_general_step_dur': 0.12293049097061157, 'epoch': 37, 'trainer_step': 38000, 'iter_step': 41800}
2026-03-15 17:21:51,547 [DESKTOP-H93RLBF:11400] [INFO] {'train_loss': 0.1871466395035386, 'train_time': 0.5025865038335323, 'train_general_step_dur': 0.12787565183639527, 'epoch': 37, 'trainer_step': 38000, 'iter_step': 41800}
2026-03-15 17:22:27,092 [DESKTOP-H93RLBF:11400] [INFO] {'iter_loss': 0.1886891108006239, 'iter_time': 0.4980933919548988, 'iter_general_step_dur': 0.12931057214736938, 'epoch': 38, 'trainer_step': 38100, 'iter_step': 41900}
2026-03-15 17:23:01,732 [DESKTOP-H93RLBF:11400] [INFO] {'iter_loss': 0.19862007796764375, 'iter_time': 0.509962942302227, 'iter_general_step_dur': 0.12887584447860717, 'epoch': 38, 'trainer_step': 38200, 'iter_step': 42000}
2026-03-15 17:23:36,379 [DESKTOP-H93RLBF:11400] [INFO] {'iter_loss': 0.1882882646471262, 'iter_time': 0.5012999495863915, 'iter_general_step_dur': 0.12614454984664916, 'epoch': 38, 'trainer_step': 38300, 'iter_step': 42100}
2026-03-15 17:24:10,214 [DESKTOP-H93RLBF:11400] [INFO] {'iter_loss': 0.18436791613698006, 'iter_time': 0.49980228453874587, 'iter_general_step_dur': 0.12651571989059449, 'epoch': 38, 'trainer_step': 38400, 'iter_step': 42200}
2026-03-15 17:24:43,636 [DESKTOP-H93RLBF:11400] [INFO] {'iter_loss': 0.18696481473743914, 'iter_time': 0.5017049935460091, 'iter_general_step_dur': 0.12635242462158203, 'epoch': 38, 'trainer_step': 38500, 'iter_step': 42300}
2026-03-15 17:25:16,846 [DESKTOP-H93RLBF:11400] [INFO] {'iter_loss': 0.18358171433210374, 'iter_time': 0.48252111196517944, 'iter_general_step_dur': 0.12693505764007568, 'epoch': 38, 'trainer_step': 38600, 'iter_step': 42400}
2026-03-15 17:25:50,293 [DESKTOP-H93RLBF:11400] [INFO] {'iter_loss': 0.18442136600613593, 'iter_time': 0.49144024193286895, 'iter_general_step_dur': 0.12817631006240846, 'epoch': 38, 'trainer_step': 38700, 'iter_step': 42500}
2026-03-15 17:26:24,120 [DESKTOP-H93RLBF:11400] [INFO] {'iter_loss': 0.18182089492678644, 'iter_time': 0.5004227328300476, 'iter_general_step_dur': 0.12413764715194703, 'epoch': 38, 'trainer_step': 38800, 'iter_step': 42600}
2026-03-15 17:26:57,829 [DESKTOP-H93RLBF:11400] [INFO] {'iter_loss': 0.18687840387225152, 'iter_time': 0.5009651309251786, 'iter_general_step_dur': 0.12390203952789307, 'epoch': 38, 'trainer_step': 38900, 'iter_step': 42700}
2026-03-15 17:27:31,400 [DESKTOP-H93RLBF:11400] [INFO] {'iter_loss': 0.18470474526286126, 'iter_time': 0.5141086381673813, 'iter_general_step_dur': 0.12728535413742065, 'epoch': 38, 'trainer_step': 39000, 'iter_step': 42800}
2026-03-15 17:27:43,761 [DESKTOP-H93RLBF:11400] [INFO] {'val_loss': 0.18021759189665318, 'val_time': 0.4973147839307785, 'val_general_step_dur': 0.12088901042938233, 'epoch': 38, 'trainer_step': 39000, 'iter_step': 42900}
2026-03-15 17:27:43,764 [DESKTOP-H93RLBF:11400] [INFO] {'train_loss': 0.18683373086899518, 'train_time': 0.5000321417748929, 'train_general_step_dur': 0.12676355195045472, 'epoch': 38, 'trainer_step': 39000, 'iter_step': 42900}
2026-03-15 17:28:18,289 [DESKTOP-H93RLBF:11400] [INFO] {'iter_loss': 0.19149758607149125, 'iter_time': 0.5006584662199021, 'iter_general_step_dur': 0.1262303924560547, 'epoch': 39, 'trainer_step': 39100, 'iter_step': 43000}
2026-03-15 17:28:52,002 [DESKTOP-H93RLBF:11400] [INFO] {'iter_loss': 0.18084998488426207, 'iter_time': 0.48863372951745987, 'iter_general_step_dur': 0.12846556663513184, 'epoch': 39, 'trainer_step': 39200, 'iter_step': 43100}
2026-03-15 17:29:25,810 [DESKTOP-H93RLBF:11400] [INFO] {'iter_loss': 0.17723826132714748, 'iter_time': 0.49419483423233035, 'iter_general_step_dur': 0.12982169151306153, 'epoch': 39, 'trainer_step': 39300, 'iter_step': 43200}
2026-03-15 17:29:59,645 [DESKTOP-H93RLBF:11400] [INFO] {'iter_loss': 0.18144859582185746, 'iter_time': 0.4991669446229935, 'iter_general_step_dur': 0.12778127908706666, 'epoch': 39, 'trainer_step': 39400, 'iter_step': 43300}
2026-03-15 17:30:33,356 [DESKTOP-H93RLBF:11400] [INFO] {'iter_loss': 0.1888432078063488, 'iter_time': 0.5076244422793388, 'iter_general_step_dur': 0.12833209991455077, 'epoch': 39, 'trainer_step': 39500, 'iter_step': 43400}
2026-03-15 17:31:07,073 [DESKTOP-H93RLBF:11400] [INFO] {'iter_loss': 0.18346137262880802, 'iter_time': 0.5022172769904136, 'iter_general_step_dur': 0.12721112489700317, 'epoch': 39, 'trainer_step': 39600, 'iter_step': 43500}
2026-03-15 17:31:40,905 [DESKTOP-H93RLBF:11400] [INFO] {'iter_loss': 0.18370891861617566, 'iter_time': 0.5064711061120033, 'iter_general_step_dur': 0.12646714925765992, 'epoch': 39, 'trainer_step': 39700, 'iter_step': 43600}
2026-03-15 17:32:14,757 [DESKTOP-H93RLBF:11400] [INFO] {'iter_loss': 0.18246457330882548, 'iter_time': 0.4992485684156418, 'iter_general_step_dur': 0.12685723066329957, 'epoch': 39, 'trainer_step': 39800, 'iter_step': 43700}
2026-03-15 17:32:48,203 [DESKTOP-H93RLBF:11400] [INFO] {'iter_loss': 0.17899626262485982, 'iter_time': 0.497996843457222, 'iter_general_step_dur': 0.12537287950515746, 'epoch': 39, 'trainer_step': 39900, 'iter_step': 43800}
2026-03-15 17:33:22,065 [DESKTOP-H93RLBF:11400] [INFO] {'iter_loss': 0.17686856299638748, 'iter_time': 0.49524844020605086, 'iter_general_step_dur': 0.12668785333633423, 'epoch': 39, 'trainer_step': 40000, 'iter_step': 43900}
2026-03-15 17:33:34,415 [DESKTOP-H93RLBF:11400] [INFO] {'val_loss': 0.16973050780594348, 'val_time': 0.4979910710453987, 'val_general_step_dur': 0.1209589433670044, 'epoch': 39, 'trainer_step': 40000, 'iter_step': 44000}
2026-03-15 17:33:34,417 [DESKTOP-H93RLBF:11400] [INFO] {'train_loss': 0.18253773260861636, 'train_time': 0.4991460652053356, 'train_general_step_dur': 0.12732272672653197, 'epoch': 39, 'trainer_step': 40000, 'iter_step': 44000}
2026-03-15 17:34:08,306 [DESKTOP-H93RLBF:11400] [INFO] {'iter_loss': 0.18782600305974484, 'iter_time': 0.5053284776210785, 'iter_general_step_dur': 0.12718312501907347, 'epoch': 40, 'trainer_step': 40100, 'iter_step': 44100}
2026-03-15 17:34:41,747 [DESKTOP-H93RLBF:11400] [INFO] {'iter_loss': 0.19155729867517948, 'iter_time': 0.4962552535533905, 'iter_general_step_dur': 0.12814719438552857, 'epoch': 40, 'trainer_step': 40200, 'iter_step': 44200}
2026-03-15 17:35:15,133 [DESKTOP-H93RLBF:11400] [INFO] {'iter_loss': 0.18949088968336583, 'iter_time': 0.5005388358235359, 'iter_general_step_dur': 0.12837218284606933, 'epoch': 40, 'trainer_step': 40300, 'iter_step': 44300}
2026-03-15 17:35:49,166 [DESKTOP-H93RLBF:11400] [INFO] {'iter_loss': 0.17972749553620815, 'iter_time': 0.5095515337586403, 'iter_general_step_dur': 0.12882700204849243, 'epoch': 40, 'trainer_step': 40400, 'iter_step': 44400}
2026-03-15 17:36:23,009 [DESKTOP-H93RLBF:11400] [INFO] {'iter_loss': 0.18363342069089414, 'iter_time': 0.49994037687778475, 'iter_general_step_dur': 0.12836373329162598, 'epoch': 40, 'trainer_step': 40500, 'iter_step': 44500}
2026-03-15 17:36:56,617 [DESKTOP-H93RLBF:11400] [INFO] {'iter_loss': 0.1735175509005785, 'iter_time': 0.4997578063607216, 'iter_general_step_dur': 0.12839939832687378, 'epoch': 40, 'trainer_step': 40600, 'iter_step': 44600}
2026-03-15 17:37:30,488 [DESKTOP-H93RLBF:11400] [INFO] {'iter_loss': 0.17973754696547986, 'iter_time': 0.5000635713338852, 'iter_general_step_dur': 0.12754178762435914, 'epoch': 40, 'trainer_step': 40700, 'iter_step': 44700}
2026-03-15 17:38:04,311 [DESKTOP-H93RLBF:11400] [INFO] {'iter_loss': 0.1835336036235094, 'iter_time': 0.5026820120215416, 'iter_general_step_dur': 0.12816156387329103, 'epoch': 40, 'trainer_step': 40800, 'iter_step': 44800}
2026-03-15 17:38:38,159 [DESKTOP-H93RLBF:11400] [INFO] {'iter_loss': 0.18510645769536496, 'iter_time': 0.5096264988183975, 'iter_general_step_dur': 0.12552146434783937, 'epoch': 40, 'trainer_step': 40900, 'iter_step': 44900}
2026-03-15 17:39:12,160 [DESKTOP-H93RLBF:11400] [INFO] {'iter_loss': 0.17557556740939617, 'iter_time': 0.5006612518429756, 'iter_general_step_dur': 0.12680742025375366, 'epoch': 40, 'trainer_step': 41000, 'iter_step': 45000}
2026-03-15 17:39:24,638 [DESKTOP-H93RLBF:11400] [INFO] {'val_loss': 0.17597242325544357, 'val_time': 0.4939835160970688, 'val_general_step_dur': 0.12202633142471314, 'epoch': 40, 'trainer_step': 41000, 'iter_step': 45100}
2026-03-15 17:39:24,640 [DESKTOP-H93RLBF:11400] [INFO] {'train_loss': 0.18297058342397213, 'train_time': 0.5024405618011951, 'train_general_step_dur': 0.12773248720169067, 'epoch': 40, 'trainer_step': 41000, 'iter_step': 45100}
2026-03-15 17:39:58,973 [DESKTOP-H93RLBF:11400] [INFO] {'iter_loss': 0.18402238361537457, 'iter_time': 0.5038379219174385, 'iter_general_step_dur': 0.1283051562309265, 'epoch': 41, 'trainer_step': 41100, 'iter_step': 45200}
2026-03-15 17:40:32,863 [DESKTOP-H93RLBF:11400] [INFO] {'iter_loss': 0.17739780455827714, 'iter_time': 0.49420946776866914, 'iter_general_step_dur': 0.12825637578964233, 'epoch': 41, 'trainer_step': 41200, 'iter_step': 45300}
2026-03-15 17:41:06,525 [DESKTOP-H93RLBF:11400] [INFO] {'iter_loss': 0.18260680973529816, 'iter_time': 0.5109007638692856, 'iter_general_step_dur': 0.1294063711166382, 'epoch': 41, 'trainer_step': 41300, 'iter_step': 45400}
2026-03-15 17:41:40,427 [DESKTOP-H93RLBF:11400] [INFO] {'iter_loss': 0.1788777493685484, 'iter_time': 0.4942800569534302, 'iter_general_step_dur': 0.12759436368942262, 'epoch': 41, 'trainer_step': 41400, 'iter_step': 45500}
2026-03-15 17:42:14,534 [DESKTOP-H93RLBF:11400] [INFO] {'iter_loss': 0.1801538186520338, 'iter_time': 0.49603879630565645, 'iter_general_step_dur': 0.12937238693237305, 'epoch': 41, 'trainer_step': 41500, 'iter_step': 45600}
2026-03-15 17:42:48,425 [DESKTOP-H93RLBF:11400] [INFO] {'iter_loss': 0.17952679373323918, 'iter_time': 0.500589466392994, 'iter_general_step_dur': 0.12772045373916627, 'epoch': 41, 'trainer_step': 41600, 'iter_step': 45700}
2026-03-15 17:43:22,092 [DESKTOP-H93RLBF:11400] [INFO] {'iter_loss': 0.1704825270175934, 'iter_time': 0.4938919275999069, 'iter_general_step_dur': 0.12730584621429444, 'epoch': 41, 'trainer_step': 41700, 'iter_step': 45800}
2026-03-15 17:43:55,880 [DESKTOP-H93RLBF:11400] [INFO] {'iter_loss': 0.18678511790931224, 'iter_time': 0.5116569104790688, 'iter_general_step_dur': 0.12727970600128174, 'epoch': 41, 'trainer_step': 41800, 'iter_step': 45900}
2026-03-15 17:44:29,574 [DESKTOP-H93RLBF:11400] [INFO] {'iter_loss': 0.1820551884919405, 'iter_time': 0.5054251056909561, 'iter_general_step_dur': 0.12692689180374145, 'epoch': 41, 'trainer_step': 41900, 'iter_step': 46000}
2026-03-15 17:45:03,381 [DESKTOP-H93RLBF:11400] [INFO] {'iter_loss': 0.18348743535578252, 'iter_time': 0.4985405686497688, 'iter_general_step_dur': 0.1262944197654724, 'epoch': 41, 'trainer_step': 42000, 'iter_step': 46100}
2026-03-15 17:45:15,806 [DESKTOP-H93RLBF:11400] [INFO] {'val_loss': 0.17779570318758486, 'val_time': 0.5020497125387192, 'val_general_step_dur': 0.1215587592124939, 'epoch': 41, 'trainer_step': 42000, 'iter_step': 46200}
2026-03-15 17:45:15,808 [DESKTOP-H93RLBF:11400] [INFO] {'train_loss': 0.18053956284373998, 'train_time': 0.5009370985627174, 'train_general_step_dur': 0.1278461971282959, 'epoch': 41, 'trainer_step': 42000, 'iter_step': 46200}
2026-03-15 17:45:50,551 [DESKTOP-H93RLBF:11400] [INFO] {'iter_loss': 0.1844675622880459, 'iter_time': 0.497104110121727, 'iter_general_step_dur': 0.12837375879287719, 'epoch': 42, 'trainer_step': 42100, 'iter_step': 46300}
2026-03-15 17:46:25,663 [DESKTOP-H93RLBF:11400] [INFO] {'iter_loss': 0.17380004167556762, 'iter_time': 0.49568819224834443, 'iter_general_step_dur': 0.12841527462005614, 'epoch': 42, 'trainer_step': 42200, 'iter_step': 46400}
2026-03-15 17:47:00,268 [DESKTOP-H93RLBF:11400] [INFO] {'iter_loss': 0.1807069782912731, 'iter_time': 0.5006668284535408, 'iter_general_step_dur': 0.1295134139060974, 'epoch': 42, 'trainer_step': 42300, 'iter_step': 46500}
2026-03-15 17:47:34,908 [DESKTOP-H93RLBF:11400] [INFO] {'iter_loss': 0.1857786950469017, 'iter_time': 0.517851028740406, 'iter_general_step_dur': 0.128120379447937, 'epoch': 42, 'trainer_step': 42400, 'iter_step': 46600}
2026-03-15 17:48:09,763 [DESKTOP-H93RLBF:11400] [INFO] {'iter_loss': 0.18791109673678874, 'iter_time': 0.4989821273088455, 'iter_general_step_dur': 0.12793230295181274, 'epoch': 42, 'trainer_step': 42500, 'iter_step': 46700}
2026-03-15 17:48:44,869 [DESKTOP-H93RLBF:11400] [INFO] {'iter_loss': 0.17260380946099757, 'iter_time': 0.508322765827179, 'iter_general_step_dur': 0.12870577335357666, 'epoch': 42, 'trainer_step': 42600, 'iter_step': 46800}
2026-03-15 17:49:19,568 [DESKTOP-H93RLBF:11400] [INFO] {'iter_loss': 0.1792404992133379, 'iter_time': 0.5005665835738182, 'iter_general_step_dur': 0.12824656009674074, 'epoch': 42, 'trainer_step': 42700, 'iter_step': 46900}
2026-03-15 17:49:54,894 [DESKTOP-H93RLBF:11400] [INFO] {'iter_loss': 0.18532011643052101, 'iter_time': 0.511099808216095, 'iter_general_step_dur': 0.1291555118560791, 'epoch': 42, 'trainer_step': 42800, 'iter_step': 47000}
2026-03-15 17:50:29,603 [DESKTOP-H93RLBF:11400] [INFO] {'iter_loss': 0.17098966605961322, 'iter_time': 0.49963751941919327, 'iter_general_step_dur': 0.1268005323410034, 'epoch': 42, 'trainer_step': 42900, 'iter_step': 47100}
2026-03-15 17:51:03,374 [DESKTOP-H93RLBF:11400] [INFO] {'iter_loss': 0.1831775715202093, 'iter_time': 0.500060966014862, 'iter_general_step_dur': 0.12619227886199952, 'epoch': 42, 'trainer_step': 43000, 'iter_step': 47200}
2026-03-15 17:51:15,803 [DESKTOP-H93RLBF:11400] [INFO] {'val_loss': 0.18329351767897606, 'val_time': 0.49973529160022734, 'val_general_step_dur': 0.12167176485061645, 'epoch': 42, 'trainer_step': 43000, 'iter_step': 47300}
2026-03-15 17:51:15,807 [DESKTOP-H93RLBF:11400] [INFO] {'train_loss': 0.1803996036723256, 'train_time': 0.5029979929924011, 'train_general_step_dur': 0.128145578622818, 'epoch': 42, 'trainer_step': 43000, 'iter_step': 47300}
2026-03-15 17:51:50,112 [DESKTOP-H93RLBF:11400] [INFO] {'iter_loss': 0.17772525042295456, 'iter_time': 0.5073232528567314, 'iter_general_step_dur': 0.1272428035736084, 'epoch': 43, 'trainer_step': 43100, 'iter_step': 47400}
2026-03-15 17:52:24,009 [DESKTOP-H93RLBF:11400] [INFO] {'iter_loss': 0.16912108071148396, 'iter_time': 0.48965277820825576, 'iter_general_step_dur': 0.1283934783935547, 'epoch': 43, 'trainer_step': 43200, 'iter_step': 47500}
2026-03-15 17:52:57,637 [DESKTOP-H93RLBF:11400] [INFO] {'iter_loss': 0.17218330509960653, 'iter_time': 0.49872573345899585, 'iter_general_step_dur': 0.12836360692977905, 'epoch': 43, 'trainer_step': 43300, 'iter_step': 47600}
2026-03-15 17:53:31,647 [DESKTOP-H93RLBF:11400] [INFO] {'iter_loss': 0.17266183637082577, 'iter_time': 0.5057079821825028, 'iter_general_step_dur': 0.12818218469619752, 'epoch': 43, 'trainer_step': 43400, 'iter_step': 47700}
2026-03-15 17:54:05,168 [DESKTOP-H93RLBF:11400] [INFO] {'iter_loss': 0.1796088695526123, 'iter_time': 0.5085447153449059, 'iter_general_step_dur': 0.12879828691482545, 'epoch': 43, 'trainer_step': 43500, 'iter_step': 47800}
2026-03-15 17:54:38,789 [DESKTOP-H93RLBF:11400] [INFO] {'iter_loss': 0.17489209473133088, 'iter_time': 0.4999386486411095, 'iter_general_step_dur': 0.12741279363632202, 'epoch': 43, 'trainer_step': 43600, 'iter_step': 47900}
2026-03-15 17:55:12,460 [DESKTOP-H93RLBF:11400] [INFO] {'iter_loss': 0.1827200211584568, 'iter_time': 0.5048448875546455, 'iter_general_step_dur': 0.12710864067077637, 'epoch': 43, 'trainer_step': 43700, 'iter_step': 48000}
2026-03-15 17:55:46,407 [DESKTOP-H93RLBF:11400] [INFO] {'iter_loss': 0.1685802412778139, 'iter_time': 0.49890714287757876, 'iter_general_step_dur': 0.12749972820281982, 'epoch': 43, 'trainer_step': 43800, 'iter_step': 48100}
2026-03-15 17:56:20,295 [DESKTOP-H93RLBF:11400] [INFO] {'iter_loss': 0.17678007811307908, 'iter_time': 0.4973860278725624, 'iter_general_step_dur': 0.1264052891731262, 'epoch': 43, 'trainer_step': 43900, 'iter_step': 48200}
2026-03-15 17:56:54,383 [DESKTOP-H93RLBF:11400] [INFO] {'iter_loss': 0.17235007658600807, 'iter_time': 0.510671274960041, 'iter_general_step_dur': 0.12579430818557738, 'epoch': 43, 'trainer_step': 44000, 'iter_step': 48300}
2026-03-15 17:57:06,748 [DESKTOP-H93RLBF:11400] [INFO] {'val_loss': 0.1739209286868572, 'val_time': 0.49727889001369474, 'val_general_step_dur': 0.12096254348754883, 'epoch': 43, 'trainer_step': 44000, 'iter_step': 48400}
2026-03-15 17:57:06,751 [DESKTOP-H93RLBF:11400] [INFO] {'train_loss': 0.17466228540241718, 'train_time': 0.5021702443957329, 'train_general_step_dur': 0.1275201120376587, 'epoch': 43, 'trainer_step': 44000, 'iter_step': 48400}
2026-03-15 17:57:41,299 [DESKTOP-H93RLBF:11400] [INFO] {'iter_loss': 0.17858977280557156, 'iter_time': 0.5053274399042129, 'iter_general_step_dur': 0.12668744325637818, 'epoch': 44, 'trainer_step': 44100, 'iter_step': 48500}
2026-03-15 17:58:15,088 [DESKTOP-H93RLBF:11400] [INFO] {'iter_loss': 0.1781641561537981, 'iter_time': 0.4935625496506691, 'iter_general_step_dur': 0.12880027770996094, 'epoch': 44, 'trainer_step': 44200, 'iter_step': 48600}
2026-03-15 17:58:48,840 [DESKTOP-H93RLBF:11400] [INFO] {'iter_loss': 0.18029280982911586, 'iter_time': 0.5032497832179069, 'iter_general_step_dur': 0.12815078973770141, 'epoch': 44, 'trainer_step': 44300, 'iter_step': 48700}
2026-03-15 17:59:22,204 [DESKTOP-H93RLBF:11400] [INFO] {'iter_loss': 0.17338205099105836, 'iter_time': 0.49701032996177674, 'iter_general_step_dur': 0.12790899276733397, 'epoch': 44, 'trainer_step': 44400, 'iter_step': 48800}
2026-03-15 17:59:55,975 [DESKTOP-H93RLBF:11400] [INFO] {'iter_loss': 0.17797763757407664, 'iter_time': 0.49986762791872025, 'iter_general_step_dur': 0.12913510084152222, 'epoch': 44, 'trainer_step': 44500, 'iter_step': 48900}
2026-03-15 18:00:29,453 [DESKTOP-H93RLBF:11400] [INFO] {'iter_loss': 0.1729636923968792, 'iter_time': 0.4924014437198639, 'iter_general_step_dur': 0.1281315016746521, 'epoch': 44, 'trainer_step': 44600, 'iter_step': 49000}
2026-03-15 18:01:03,342 [DESKTOP-H93RLBF:11400] [INFO] {'iter_loss': 0.1769031685590744, 'iter_time': 0.5040728214383126, 'iter_general_step_dur': 0.12793830156326294, 'epoch': 44, 'trainer_step': 44700, 'iter_step': 49100}
2026-03-15 18:01:37,343 [DESKTOP-H93RLBF:11400] [INFO] {'iter_loss': 0.1733568946272135, 'iter_time': 0.49157809048891066, 'iter_general_step_dur': 0.1263485598564148, 'epoch': 44, 'trainer_step': 44800, 'iter_step': 49200}
2026-03-15 18:02:11,635 [DESKTOP-H93RLBF:11400] [INFO] {'iter_loss': 0.17507156081497668, 'iter_time': 0.4973610779643059, 'iter_general_step_dur': 0.12703098297119142, 'epoch': 44, 'trainer_step': 44900, 'iter_step': 49300}
2026-03-15 18:02:45,346 [DESKTOP-H93RLBF:11400] [INFO] {'iter_loss': 0.1722553812712431, 'iter_time': 0.5045996499061585, 'iter_general_step_dur': 0.1256561326980591, 'epoch': 44, 'trainer_step': 45000, 'iter_step': 49400}
2026-03-15 18:02:57,674 [DESKTOP-H93RLBF:11400] [INFO] {'val_loss': 0.1735667195916176, 'val_time': 0.5058046305179595, 'val_general_step_dur': 0.1208189344406128, 'epoch': 44, 'trainer_step': 45000, 'iter_step': 49500}
2026-03-15 18:02:57,676 [DESKTOP-H93RLBF:11400] [INFO] {'train_loss': 0.17589571250230074, 'train_time': 0.4989030814170837, 'train_general_step_dur': 0.1275788083076477, 'epoch': 44, 'trainer_step': 45000, 'iter_step': 49500}
2026-03-15 18:03:31,912 [DESKTOP-H93RLBF:11400] [INFO] {'iter_loss': 0.17184063084423543, 'iter_time': 0.502641284763813, 'iter_general_step_dur': 0.12417901992797852, 'epoch': 45, 'trainer_step': 45100, 'iter_step': 49600}
2026-03-15 18:04:05,246 [DESKTOP-H93RLBF:11400] [INFO] {'iter_loss': 0.17245058462023735, 'iter_time': 0.4896321934461594, 'iter_general_step_dur': 0.126090669631958, 'epoch': 45, 'trainer_step': 45200, 'iter_step': 49700}
2026-03-15 18:04:39,029 [DESKTOP-H93RLBF:11400] [INFO] {'iter_loss': 0.18293252162635326, 'iter_time': 0.5044122248888016, 'iter_general_step_dur': 0.12735830068588258, 'epoch': 45, 'trainer_step': 45300, 'iter_step': 49800}
2026-03-15 18:05:12,859 [DESKTOP-H93RLBF:11400] [INFO] {'iter_loss': 0.17490010909736156, 'iter_time': 0.5039004895091057, 'iter_general_step_dur': 0.126977801322937, 'epoch': 45, 'trainer_step': 45400, 'iter_step': 49900}
2026-03-15 18:05:46,408 [DESKTOP-H93RLBF:11400] [INFO] {'iter_loss': 0.17626877836883068, 'iter_time': 0.4993069630861282, 'iter_general_step_dur': 0.12770272731781007, 'epoch': 45, 'trainer_step': 45500, 'iter_step': 50000}
2026-03-15 18:06:20,096 [DESKTOP-H93RLBF:11400] [INFO] {'iter_loss': 0.1733991739153862, 'iter_time': 0.4986771446466446, 'iter_general_step_dur': 0.12721437692642212, 'epoch': 45, 'trainer_step': 45600, 'iter_step': 50100}
2026-03-15 18:06:53,837 [DESKTOP-H93RLBF:11400] [INFO] {'iter_loss': 0.179984737560153, 'iter_time': 0.5101655599474907, 'iter_general_step_dur': 0.1280225133895874, 'epoch': 45, 'trainer_step': 45700, 'iter_step': 50200}
2026-03-15 18:07:27,475 [DESKTOP-H93RLBF:11400] [INFO] {'iter_loss': 0.18802837729454042, 'iter_time': 0.5038540235161781, 'iter_general_step_dur': 0.1281928014755249, 'epoch': 45, 'trainer_step': 45800, 'iter_step': 50300}
2026-03-15 18:08:01,577 [DESKTOP-H93RLBF:11400] [INFO] {'iter_loss': 0.18445788465440274, 'iter_time': 0.5122454559803009, 'iter_general_step_dur': 0.12656982421875, 'epoch': 45, 'trainer_step': 45900, 'iter_step': 50400}
2026-03-15 18:08:35,399 [DESKTOP-H93RLBF:11400] [INFO] {'iter_loss': 0.1684218267351389, 'iter_time': 0.49634536236524585, 'iter_general_step_dur': 0.1260871958732605, 'epoch': 45, 'trainer_step': 46000, 'iter_step': 50500}
2026-03-15 18:08:47,672 [DESKTOP-H93RLBF:11400] [INFO] {'val_loss': 0.17467113204300402, 'val_time': 0.5010469484329224, 'val_general_step_dur': 0.12021841526031495, 'epoch': 45, 'trainer_step': 46000, 'iter_step': 50600}
2026-03-15 18:08:47,674 [DESKTOP-H93RLBF:11400] [INFO] {'train_loss': 0.17726846247166395, 'train_time': 0.5021180702149868, 'train_general_step_dur': 0.1268395230770111, 'epoch': 45, 'trainer_step': 46000, 'iter_step': 50600}
2026-03-15 18:09:21,999 [DESKTOP-H93RLBF:11400] [INFO] {'iter_loss': 0.18375240206718446, 'iter_time': 0.5018526557087898, 'iter_general_step_dur': 0.12746259927749634, 'epoch': 46, 'trainer_step': 46100, 'iter_step': 50700}
2026-03-15 18:09:55,731 [DESKTOP-H93RLBF:11400] [INFO] {'iter_loss': 0.17211007431149483, 'iter_time': 0.5064702221751213, 'iter_general_step_dur': 0.12659603357315063, 'epoch': 46, 'trainer_step': 46200, 'iter_step': 50800}
2026-03-15 18:10:29,134 [DESKTOP-H93RLBF:11400] [INFO] {'iter_loss': 0.17113950476050377, 'iter_time': 0.4988099649548531, 'iter_general_step_dur': 0.12741546630859374, 'epoch': 46, 'trainer_step': 46300, 'iter_step': 50900}
2026-03-15 18:11:02,939 [DESKTOP-H93RLBF:11400] [INFO] {'iter_loss': 0.18061535336077214, 'iter_time': 0.5026785978674888, 'iter_general_step_dur': 0.12803837537765503, 'epoch': 46, 'trainer_step': 46400, 'iter_step': 51000}
2026-03-15 18:11:36,911 [DESKTOP-H93RLBF:11400] [INFO] {'iter_loss': 0.17652737647294997, 'iter_time': 0.49904805183410644, 'iter_general_step_dur': 0.1277340006828308, 'epoch': 46, 'trainer_step': 46500, 'iter_step': 51100}
2026-03-15 18:12:10,653 [DESKTOP-H93RLBF:11400] [INFO] {'iter_loss': 0.1772885575145483, 'iter_time': 0.5007423639297486, 'iter_general_step_dur': 0.1284514045715332, 'epoch': 46, 'trainer_step': 46600, 'iter_step': 51200}
2026-03-15 18:12:44,296 [DESKTOP-H93RLBF:11400] [INFO] {'iter_loss': 0.18111024387180805, 'iter_time': 0.5059506630897522, 'iter_general_step_dur': 0.1287624144554138, 'epoch': 46, 'trainer_step': 46700, 'iter_step': 51300}
2026-03-15 18:13:18,147 [DESKTOP-H93RLBF:11400] [INFO] {'iter_loss': 0.16998168043792247, 'iter_time': 0.48877428352832797, 'iter_general_step_dur': 0.12773704767227173, 'epoch': 46, 'trainer_step': 46800, 'iter_step': 51400}
2026-03-15 18:13:52,090 [DESKTOP-H93RLBF:11400] [INFO] {'iter_loss': 0.18024444922804833, 'iter_time': 0.5098361706733704, 'iter_general_step_dur': 0.12736457109451294, 'epoch': 46, 'trainer_step': 46900, 'iter_step': 51500}
2026-03-15 18:14:26,147 [DESKTOP-H93RLBF:11400] [INFO] {'iter_loss': 0.16364323019981383, 'iter_time': 0.48885463654994965, 'iter_general_step_dur': 0.12565960645675658, 'epoch': 46, 'trainer_step': 47000, 'iter_step': 51600}
2026-03-15 18:14:38,449 [DESKTOP-H93RLBF:11400] [INFO] {'val_loss': 0.1720284155011177, 'val_time': 0.5087932822108269, 'val_general_step_dur': 0.12043400764465333, 'epoch': 46, 'trainer_step': 47000, 'iter_step': 51700}
2026-03-15 18:14:38,451 [DESKTOP-H93RLBF:11400] [INFO] {'train_loss': 0.1756412872225046, 'train_time': 0.5003017610311509, 'train_general_step_dur': 0.1275221519470215, 'epoch': 46, 'trainer_step': 47000, 'iter_step': 51700}
2026-03-15 18:15:12,910 [DESKTOP-H93RLBF:11400] [INFO] {'iter_loss': 0.16300743237137794, 'iter_time': 0.4988537037372589, 'iter_general_step_dur': 0.1273261046409607, 'epoch': 47, 'trainer_step': 47100, 'iter_step': 51800}
2026-03-15 18:15:46,414 [DESKTOP-H93RLBF:11400] [INFO] {'iter_loss': 0.1609119775891304, 'iter_time': 0.4952062380313873, 'iter_general_step_dur': 0.12649358034133912, 'epoch': 47, 'trainer_step': 47200, 'iter_step': 51900}
2026-03-15 18:16:20,063 [DESKTOP-H93RLBF:11400] [INFO] {'iter_loss': 0.18015407390892504, 'iter_time': 0.5025719860196114, 'iter_general_step_dur': 0.12584235668182372, 'epoch': 47, 'trainer_step': 47300, 'iter_step': 52000}
2026-03-15 18:16:53,440 [DESKTOP-H93RLBF:11400] [INFO] {'iter_loss': 0.17009456299245357, 'iter_time': 0.49315898686647414, 'iter_general_step_dur': 0.12634453296661377, 'epoch': 47, 'trainer_step': 47400, 'iter_step': 52100}
2026-03-15 18:17:27,212 [DESKTOP-H93RLBF:11400] [INFO] {'iter_loss': 0.169662000015378, 'iter_time': 0.5028716152906418, 'iter_general_step_dur': 0.12728339433670044, 'epoch': 47, 'trainer_step': 47500, 'iter_step': 52200}
2026-03-15 18:18:01,580 [DESKTOP-H93RLBF:11400] [INFO] {'iter_loss': 0.17590023256838322, 'iter_time': 0.4908141991496086, 'iter_general_step_dur': 0.12702566623687744, 'epoch': 47, 'trainer_step': 47600, 'iter_step': 52300}
2026-03-15 18:18:36,108 [DESKTOP-H93RLBF:11400] [INFO] {'iter_loss': 0.17154309213161467, 'iter_time': 0.5017661920189858, 'iter_general_step_dur': 0.1288310980796814, 'epoch': 47, 'trainer_step': 47700, 'iter_step': 52400}
2026-03-15 18:19:10,600 [DESKTOP-H93RLBF:11400] [INFO] {'iter_loss': 0.1709757825732231, 'iter_time': 0.5025178292393684, 'iter_general_step_dur': 0.12847394227981568, 'epoch': 47, 'trainer_step': 47800, 'iter_step': 52500}
2026-03-15 18:19:45,446 [DESKTOP-H93RLBF:11400] [INFO] {'iter_loss': 0.16719213619828224, 'iter_time': 0.5032931914925576, 'iter_general_step_dur': 0.12834932804107665, 'epoch': 47, 'trainer_step': 47900, 'iter_step': 52600}
2026-03-15 18:20:20,537 [DESKTOP-H93RLBF:11400] [INFO] {'iter_loss': 0.17034733943641187, 'iter_time': 0.5028924545645714, 'iter_general_step_dur': 0.1284264612197876, 'epoch': 47, 'trainer_step': 48000, 'iter_step': 52700}
2026-03-15 18:20:33,183 [DESKTOP-H93RLBF:11400] [INFO] {'val_loss': 0.17460593812167644, 'val_time': 0.500732057094574, 'val_general_step_dur': 0.12388615846633912, 'epoch': 47, 'trainer_step': 48000, 'iter_step': 52800}
2026-03-15 18:20:33,185 [DESKTOP-H93RLBF:11400] [INFO] {'train_loss': 0.169978862978518, 'train_time': 0.4993946396410465, 'train_general_step_dur': 0.12743964648246764, 'epoch': 47, 'trainer_step': 48000, 'iter_step': 52800}
2026-03-15 18:21:08,707 [DESKTOP-H93RLBF:11400] [INFO] {'iter_loss': 0.16802681930363178, 'iter_time': 0.5012339669466018, 'iter_general_step_dur': 0.12764570951461793, 'epoch': 48, 'trainer_step': 48100, 'iter_step': 52900}
2026-03-15 18:21:43,440 [DESKTOP-H93RLBF:11400] [INFO] {'iter_loss': 0.16359001725912095, 'iter_time': 0.4957993194460869, 'iter_general_step_dur': 0.1287989592552185, 'epoch': 48, 'trainer_step': 48200, 'iter_step': 53000}
2026-03-15 18:22:17,876 [DESKTOP-H93RLBF:11400] [INFO] {'iter_loss': 0.1705986049771309, 'iter_time': 0.49535165548324583, 'iter_general_step_dur': 0.1299088454246521, 'epoch': 48, 'trainer_step': 48300, 'iter_step': 53100}
2026-03-15 18:22:51,516 [DESKTOP-H93RLBF:11400] [INFO] {'iter_loss': 0.17110477671027183, 'iter_time': 0.502928320467472, 'iter_general_step_dur': 0.12982069253921508, 'epoch': 48, 'trainer_step': 48400, 'iter_step': 53200}
2026-03-15 18:23:24,950 [DESKTOP-H93RLBF:11400] [INFO] {'iter_loss': 0.1633985122293234, 'iter_time': 0.483232658803463, 'iter_general_step_dur': 0.12960220575332643, 'epoch': 48, 'trainer_step': 48500, 'iter_step': 53300}
2026-03-15 18:23:58,732 [DESKTOP-H93RLBF:11400] [INFO] {'iter_loss': 0.17537062615156174, 'iter_time': 0.48724873721599576, 'iter_general_step_dur': 0.12828022956848145, 'epoch': 48, 'trainer_step': 48600, 'iter_step': 53400}
2026-03-15 18:24:32,259 [DESKTOP-H93RLBF:11400] [INFO] {'iter_loss': 0.17070364817976952, 'iter_time': 0.5034941989183426, 'iter_general_step_dur': 0.12883493900299073, 'epoch': 48, 'trainer_step': 48700, 'iter_step': 53500}
2026-03-15 18:25:05,851 [DESKTOP-H93RLBF:11400] [INFO] {'iter_loss': 0.1727595628798008, 'iter_time': 0.4982556176185608, 'iter_general_step_dur': 0.12854271173477172, 'epoch': 48, 'trainer_step': 48800, 'iter_step': 53600}
2026-03-15 18:25:39,837 [DESKTOP-H93RLBF:11400] [INFO] {'iter_loss': 0.17691898994147778, 'iter_time': 0.5040243574976921, 'iter_general_step_dur': 0.12731217384338378, 'epoch': 48, 'trainer_step': 48900, 'iter_step': 53700}
2026-03-15 18:26:14,016 [DESKTOP-H93RLBF:11400] [INFO] {'iter_loss': 0.17066719979047776, 'iter_time': 0.5057099771499634, 'iter_general_step_dur': 0.12722281694412232, 'epoch': 48, 'trainer_step': 49000, 'iter_step': 53800}
2026-03-15 18:26:26,324 [DESKTOP-H93RLBF:11400] [INFO] {'val_loss': 0.16327913604676725, 'val_time': 0.49328554451465606, 'val_general_step_dur': 0.12052873611450195, 'epoch': 48, 'trainer_step': 49000, 'iter_step': 53900}
2026-03-15 18:26:26,326 [DESKTOP-H93RLBF:11400] [INFO] {'train_loss': 0.17031387574225665, 'train_time': 0.4977278809547424, 'train_general_step_dur': 0.128596928358078, 'epoch': 48, 'trainer_step': 49000, 'iter_step': 53900}
2026-03-15 18:27:00,781 [DESKTOP-H93RLBF:11400] [INFO] {'iter_loss': 0.16941967763006688, 'iter_time': 0.4943862697482109, 'iter_general_step_dur': 0.12481231451034545, 'epoch': 49, 'trainer_step': 49100, 'iter_step': 54000}
2026-03-15 18:27:34,532 [DESKTOP-H93RLBF:11400] [INFO] {'iter_loss': 0.17243490159511565, 'iter_time': 0.5071729257702827, 'iter_general_step_dur': 0.1271064567565918, 'epoch': 49, 'trainer_step': 49200, 'iter_step': 54100}
2026-03-15 18:28:08,073 [DESKTOP-H93RLBF:11400] [INFO] {'iter_loss': 0.16989519014954568, 'iter_time': 0.5040506964921951, 'iter_general_step_dur': 0.1272152042388916, 'epoch': 49, 'trainer_step': 49300, 'iter_step': 54200}
2026-03-15 18:28:42,069 [DESKTOP-H93RLBF:11400] [INFO] {'iter_loss': 0.1710071648657322, 'iter_time': 0.504454924762249, 'iter_general_step_dur': 0.12864415884017943, 'epoch': 49, 'trainer_step': 49400, 'iter_step': 54300}
2026-03-15 18:29:16,129 [DESKTOP-H93RLBF:11400] [INFO] {'iter_loss': 0.16544256903231144, 'iter_time': 0.5040190818905831, 'iter_general_step_dur': 0.12780569553375243, 'epoch': 49, 'trainer_step': 49500, 'iter_step': 54400}
2026-03-15 18:29:49,982 [DESKTOP-H93RLBF:11400] [INFO] {'iter_loss': 0.16884746231138706, 'iter_time': 0.5014923790097237, 'iter_general_step_dur': 0.12892526149749756, 'epoch': 49, 'trainer_step': 49600, 'iter_step': 54500}
2026-03-15 18:30:23,813 [DESKTOP-H93RLBF:11400] [INFO] {'iter_loss': 0.16858107753098012, 'iter_time': 0.4901973444223404, 'iter_general_step_dur': 0.12824671506881713, 'epoch': 49, 'trainer_step': 49700, 'iter_step': 54600}
2026-03-15 18:30:57,628 [DESKTOP-H93RLBF:11400] [INFO] {'iter_loss': 0.1662605603784323, 'iter_time': 0.49636033058166507, 'iter_general_step_dur': 0.1284006977081299, 'epoch': 49, 'trainer_step': 49800, 'iter_step': 54700}
2026-03-15 18:31:31,561 [DESKTOP-H93RLBF:11400] [INFO] {'iter_loss': 0.17541757196187974, 'iter_time': 0.5147628584504127, 'iter_general_step_dur': 0.1268537712097168, 'epoch': 49, 'trainer_step': 49900, 'iter_step': 54800}
2026-03-15 18:32:05,275 [DESKTOP-H93RLBF:11400] [INFO] {'iter_loss': 0.17012642279267312, 'iter_time': 0.5066727569699288, 'iter_general_step_dur': 0.12663220405578612, 'epoch': 49, 'trainer_step': 50000, 'iter_step': 54900}
2026-03-15 18:32:17,546 [DESKTOP-H93RLBF:11400] [INFO] {'val_loss': 0.1657959933578968, 'val_time': 0.49188774943351743, 'val_general_step_dur': 0.12022089958190918, 'epoch': 49, 'trainer_step': 50000, 'iter_step': 55000}
2026-03-15 18:32:17,548 [DESKTOP-H93RLBF:11400] [INFO] {'train_loss': 0.16974325982481242, 'train_time': 0.5023569568097591, 'train_general_step_dur': 0.12746424794197084, 'epoch': 49, 'trainer_step': 50000, 'iter_step': 55000}
2026-03-15 18:32:52,039 [DESKTOP-H93RLBF:11400] [INFO] {'iter_loss': 0.1673979189991951, 'iter_time': 0.49662530958652495, 'iter_general_step_dur': 0.12611425638198853, 'epoch': 50, 'trainer_step': 50100, 'iter_step': 55100}
2026-03-15 18:33:25,860 [DESKTOP-H93RLBF:11400] [INFO] {'iter_loss': 0.17288849852979182, 'iter_time': 0.5010916358232498, 'iter_general_step_dur': 0.1280450701713562, 'epoch': 50, 'trainer_step': 50200, 'iter_step': 55200}
2026-03-15 18:33:59,203 [DESKTOP-H93RLBF:11400] [INFO] {'iter_loss': 0.15946528993546963, 'iter_time': 0.5037165662646294, 'iter_general_step_dur': 0.12822696685791016, 'epoch': 50, 'trainer_step': 50300, 'iter_step': 55300}
2026-03-15 18:34:33,231 [DESKTOP-H93RLBF:11400] [INFO] {'iter_loss': 0.17319901287555695, 'iter_time': 0.4872308349609375, 'iter_general_step_dur': 0.12925050497055054, 'epoch': 50, 'trainer_step': 50400, 'iter_step': 55400}
2026-03-15 18:35:07,031 [DESKTOP-H93RLBF:11400] [INFO] {'iter_loss': 0.1732549897581339, 'iter_time': 0.5038348865509034, 'iter_general_step_dur': 0.1281791400909424, 'epoch': 50, 'trainer_step': 50500, 'iter_step': 55500}
2026-03-15 18:35:41,119 [DESKTOP-H93RLBF:11400] [INFO] {'iter_loss': 0.1753830211609602, 'iter_time': 0.4958885109424591, 'iter_general_step_dur': 0.12854594945907594, 'epoch': 50, 'trainer_step': 50600, 'iter_step': 55600}
2026-03-15 18:36:14,910 [DESKTOP-H93RLBF:11400] [INFO] {'iter_loss': 0.16860547415912153, 'iter_time': 0.5007003927230835, 'iter_general_step_dur': 0.12888033866882323, 'epoch': 50, 'trainer_step': 50700, 'iter_step': 55700}
2026-03-15 18:36:48,981 [DESKTOP-H93RLBF:11400] [INFO] {'iter_loss': 0.1643894202262163, 'iter_time': 0.5037414225935936, 'iter_general_step_dur': 0.12810555458068848, 'epoch': 50, 'trainer_step': 50800, 'iter_step': 55800}
2026-03-15 18:37:22,899 [DESKTOP-H93RLBF:11400] [INFO] {'iter_loss': 0.16944343894720076, 'iter_time': 0.4934936830401421, 'iter_general_step_dur': 0.12700478076934815, 'epoch': 50, 'trainer_step': 50900, 'iter_step': 55900}
2026-03-15 18:37:56,452 [DESKTOP-H93RLBF:11400] [INFO] {'iter_loss': 0.16692383110523223, 'iter_time': 0.4956112948060036, 'iter_general_step_dur': 0.1272606635093689, 'epoch': 50, 'trainer_step': 51000, 'iter_step': 56000}
2026-03-15 18:38:08,657 [DESKTOP-H93RLBF:11400] [INFO] {'val_loss': 0.16766072757542133, 'val_time': 0.5054536348581314, 'val_general_step_dur': 0.1195153284072876, 'epoch': 50, 'trainer_step': 51000, 'iter_step': 56100}
2026-03-15 18:38:08,659 [DESKTOP-H93RLBF:11400] [INFO] {'train_loss': 0.16909508956968786, 'train_time': 0.4981934537291527, 'train_general_step_dur': 0.12796132254600526, 'epoch': 50, 'trainer_step': 51000, 'iter_step': 56100}
2026-03-15 18:38:42,937 [DESKTOP-H93RLBF:11400] [INFO] {'iter_loss': 0.16973366230726242, 'iter_time': 0.4982197469472885, 'iter_general_step_dur': 0.1262760853767395, 'epoch': 51, 'trainer_step': 51100, 'iter_step': 56200}
2026-03-15 18:39:16,687 [DESKTOP-H93RLBF:11400] [INFO] {'iter_loss': 0.17634477749466895, 'iter_time': 0.5130441638827324, 'iter_general_step_dur': 0.12751649856567382, 'epoch': 51, 'trainer_step': 51200, 'iter_step': 56300}
2026-03-15 18:39:50,051 [DESKTOP-H93RLBF:11400] [INFO] {'iter_loss': 0.16088204093277456, 'iter_time': 0.49244716882705686, 'iter_general_step_dur': 0.12670194625854492, 'epoch': 51, 'trainer_step': 51300, 'iter_step': 56400}
2026-03-15 18:40:23,648 [DESKTOP-H93RLBF:11400] [INFO] {'iter_loss': 0.1740532972663641, 'iter_time': 0.5135420200228691, 'iter_general_step_dur': 0.12847957134246826, 'epoch': 51, 'trainer_step': 51400, 'iter_step': 56500}
2026-03-15 18:40:57,556 [DESKTOP-H93RLBF:11400] [INFO] {'iter_loss': 0.16834598384797572, 'iter_time': 0.504160660803318, 'iter_general_step_dur': 0.12826556205749512, 'epoch': 51, 'trainer_step': 51500, 'iter_step': 56600}
2026-03-15 18:41:31,593 [DESKTOP-H93RLBF:11400] [INFO] {'iter_loss': 0.1599619396030903, 'iter_time': 0.4920552843809128, 'iter_general_step_dur': 0.12816017389297485, 'epoch': 51, 'trainer_step': 51600, 'iter_step': 56700}
2026-03-15 18:42:05,125 [DESKTOP-H93RLBF:11400] [INFO] {'iter_loss': 0.16911813706159592, 'iter_time': 0.5157321158051491, 'iter_general_step_dur': 0.12808314323425293, 'epoch': 51, 'trainer_step': 51700, 'iter_step': 56800}
2026-03-15 18:42:38,953 [DESKTOP-H93RLBF:11400] [INFO] {'iter_loss': 0.1687418433278799, 'iter_time': 0.4954164645075798, 'iter_general_step_dur': 0.12859134435653685, 'epoch': 51, 'trainer_step': 51800, 'iter_step': 56900}
2026-03-15 18:43:12,784 [DESKTOP-H93RLBF:11400] [INFO] {'iter_loss': 0.16037006363272666, 'iter_time': 0.4953280219435692, 'iter_general_step_dur': 0.1271702241897583, 'epoch': 51, 'trainer_step': 51900, 'iter_step': 57000}
2026-03-15 18:43:46,781 [DESKTOP-H93RLBF:11400] [INFO] {'iter_loss': 0.16389177545905112, 'iter_time': 0.49134063214063645, 'iter_general_step_dur': 0.12697036027908326, 'epoch': 51, 'trainer_step': 52000, 'iter_step': 57100}
2026-03-15 18:43:59,025 [DESKTOP-H93RLBF:11400] [INFO] {'val_loss': 0.16933814503252506, 'val_time': 0.504439900815487, 'val_general_step_dur': 0.1198852562904358, 'epoch': 51, 'trainer_step': 52000, 'iter_step': 57200}
2026-03-15 18:43:59,027 [DESKTOP-H93RLBF:11400] [INFO] {'train_loss': 0.16714435209333897, 'train_time': 0.5011286279261112, 'train_general_step_dur': 0.12762149095535277, 'epoch': 51, 'trainer_step': 52000, 'iter_step': 57200}
2026-03-15 18:44:33,439 [DESKTOP-H93RLBF:11400] [INFO] {'iter_loss': 0.16879700511693954, 'iter_time': 0.49275738835334776, 'iter_general_step_dur': 0.12563098430633546, 'epoch': 52, 'trainer_step': 52100, 'iter_step': 57300}
2026-03-15 18:45:07,316 [DESKTOP-H93RLBF:11400] [INFO] {'iter_loss': 0.15883971571922303, 'iter_time': 0.4746397441625595, 'iter_general_step_dur': 0.1266830849647522, 'epoch': 52, 'trainer_step': 52200, 'iter_step': 57400}
2026-03-15 18:45:41,165 [DESKTOP-H93RLBF:11400] [INFO] {'iter_loss': 0.16556675031781196, 'iter_time': 0.5129244169592857, 'iter_general_step_dur': 0.12644554615020753, 'epoch': 52, 'trainer_step': 52300, 'iter_step': 57500}
2026-03-15 18:46:14,982 [DESKTOP-H93RLBF:11400] [INFO] {'iter_loss': 0.16737006030976773, 'iter_time': 0.49941680282354356, 'iter_general_step_dur': 0.12756456851959228, 'epoch': 52, 'trainer_step': 52400, 'iter_step': 57600}
2026-03-15 18:46:48,614 [DESKTOP-H93RLBF:11400] [INFO] {'iter_loss': 0.15896854266524316, 'iter_time': 0.4984349599480629, 'iter_general_step_dur': 0.12527152061462402, 'epoch': 52, 'trainer_step': 52500, 'iter_step': 57700}
2026-03-15 18:47:22,525 [DESKTOP-H93RLBF:11400] [INFO] {'iter_loss': 0.16782822288572788, 'iter_time': 0.49795263826847075, 'iter_general_step_dur': 0.1259268879890442, 'epoch': 52, 'trainer_step': 52600, 'iter_step': 57800}
2026-03-15 18:47:56,266 [DESKTOP-H93RLBF:11400] [INFO] {'iter_loss': 0.16718659326434135, 'iter_time': 0.48667112648487093, 'iter_general_step_dur': 0.12753955841064454, 'epoch': 52, 'trainer_step': 52700, 'iter_step': 57900}
2026-03-15 18:48:29,697 [DESKTOP-H93RLBF:11400] [INFO] {'iter_loss': 0.1675643589347601, 'iter_time': 0.49814364552497864, 'iter_general_step_dur': 0.12731677770614624, 'epoch': 52, 'trainer_step': 52800, 'iter_step': 58000}
2026-03-15 18:49:03,589 [DESKTOP-H93RLBF:11400] [INFO] {'iter_loss': 0.15302477039396764, 'iter_time': 0.47962503105401993, 'iter_general_step_dur': 0.12917983531951904, 'epoch': 52, 'trainer_step': 52900, 'iter_step': 58100}
2026-03-15 18:49:37,340 [DESKTOP-H93RLBF:11400] [INFO] {'iter_loss': 0.1622421182692051, 'iter_time': 0.494831335246563, 'iter_general_step_dur': 0.1268855118751526, 'epoch': 52, 'trainer_step': 53000, 'iter_step': 58200}
2026-03-15 18:49:49,810 [DESKTOP-H93RLBF:11400] [INFO] {'val_loss': 0.16004740864038466, 'val_time': 0.4953225377202034, 'val_general_step_dur': 0.12202661752700805, 'epoch': 52, 'trainer_step': 53000, 'iter_step': 58300}
2026-03-15 18:49:49,812 [DESKTOP-H93RLBF:11400] [INFO] {'train_loss': 0.16373881378769875, 'train_time': 0.49353970888257026, 'train_general_step_dur': 0.1268444275856018, 'epoch': 52, 'trainer_step': 53000, 'iter_step': 58300}
2026-03-15 18:50:24,074 [DESKTOP-H93RLBF:11400] [INFO] {'iter_loss': 0.16162744045257568, 'iter_time': 0.497311906516552, 'iter_general_step_dur': 0.125663902759552, 'epoch': 53, 'trainer_step': 53100, 'iter_step': 58400}
2026-03-15 18:50:57,857 [DESKTOP-H93RLBF:11400] [INFO] {'iter_loss': 0.16641824133694172, 'iter_time': 0.5009238484501839, 'iter_general_step_dur': 0.12696678638458253, 'epoch': 53, 'trainer_step': 53200, 'iter_step': 58500}
2026-03-15 18:51:31,734 [DESKTOP-H93RLBF:11400] [INFO] {'iter_loss': 0.16781395494937898, 'iter_time': 0.48978905618190766, 'iter_general_step_dur': 0.12733907222747803, 'epoch': 53, 'trainer_step': 53300, 'iter_step': 58600}
2026-03-15 18:52:05,433 [DESKTOP-H93RLBF:11400] [INFO] {'iter_loss': 0.15717144168913363, 'iter_time': 0.492321614921093, 'iter_general_step_dur': 0.12655176162719728, 'epoch': 53, 'trainer_step': 53400, 'iter_step': 58700}
2026-03-15 18:52:38,958 [DESKTOP-H93RLBF:11400] [INFO] {'iter_loss': 0.16179736889898777, 'iter_time': 0.4915173700451851, 'iter_general_step_dur': 0.12547162532806397, 'epoch': 53, 'trainer_step': 53500, 'iter_step': 58800}
2026-03-15 18:53:12,689 [DESKTOP-H93RLBF:11400] [INFO] {'iter_loss': 0.16044285759329796, 'iter_time': 0.49198268592357636, 'iter_general_step_dur': 0.1262514042854309, 'epoch': 53, 'trainer_step': 53600, 'iter_step': 58900}
2026-03-15 18:53:46,142 [DESKTOP-H93RLBF:11400] [INFO] {'iter_loss': 0.15678859405219556, 'iter_time': 0.49631926000118254, 'iter_general_step_dur': 0.12637842416763306, 'epoch': 53, 'trainer_step': 53700, 'iter_step': 59000}
2026-03-15 18:54:19,695 [DESKTOP-H93RLBF:11400] [INFO] {'iter_loss': 0.16740519724786282, 'iter_time': 0.500043973326683, 'iter_general_step_dur': 0.128269305229187, 'epoch': 53, 'trainer_step': 53800, 'iter_step': 59100}
2026-03-15 18:54:53,658 [DESKTOP-H93RLBF:11400] [INFO] {'iter_loss': 0.16921407848596573, 'iter_time': 0.5066016782820225, 'iter_general_step_dur': 0.12724755048751832, 'epoch': 53, 'trainer_step': 53900, 'iter_step': 59200}
2026-03-15 18:55:27,239 [DESKTOP-H93RLBF:11400] [INFO] {'iter_loss': 0.17392533607780933, 'iter_time': 0.5147230705618858, 'iter_general_step_dur': 0.12635746479034424, 'epoch': 53, 'trainer_step': 54000, 'iter_step': 59300}
2026-03-15 18:55:39,648 [DESKTOP-H93RLBF:11400] [INFO] {'val_loss': 0.160590803027153, 'val_time': 0.49543977349996565, 'val_general_step_dur': 0.12167425632476807, 'epoch': 53, 'trainer_step': 54000, 'iter_step': 59400}
2026-03-15 18:55:39,650 [DESKTOP-H93RLBF:11400] [INFO] {'train_loss': 0.16426045107841492, 'train_time': 0.49815344642102716, 'train_general_step_dur': 0.12664972972869873, 'epoch': 53, 'trainer_step': 54000, 'iter_step': 59400}
2026-03-15 18:56:13,772 [DESKTOP-H93RLBF:11400] [INFO] {'iter_loss': 0.16189466148614884, 'iter_time': 0.49564495384693147, 'iter_general_step_dur': 0.12695570945739745, 'epoch': 54, 'trainer_step': 54100, 'iter_step': 59500}
2026-03-15 18:56:47,006 [DESKTOP-H93RLBF:11400] [INFO] {'iter_loss': 0.16969441778957844, 'iter_time': 0.5051822724938393, 'iter_general_step_dur': 0.12447900533676147, 'epoch': 54, 'trainer_step': 54200, 'iter_step': 59600}
2026-03-15 18:57:20,719 [DESKTOP-H93RLBF:11400] [INFO] {'iter_loss': 0.17117815107107162, 'iter_time': 0.50592753469944, 'iter_general_step_dur': 0.12377970933914184, 'epoch': 54, 'trainer_step': 54300, 'iter_step': 59700}
2026-03-15 18:57:54,101 [DESKTOP-H93RLBF:11400] [INFO] {'iter_loss': 0.16603565633296966, 'iter_time': 0.4959292879700661, 'iter_general_step_dur': 0.12432994365692139, 'epoch': 54, 'trainer_step': 54400, 'iter_step': 59800}
2026-03-15 18:58:27,888 [DESKTOP-H93RLBF:11400] [INFO] {'iter_loss': 0.16449973352253436, 'iter_time': 0.5113256174325943, 'iter_general_step_dur': 0.12712933778762817, 'epoch': 54, 'trainer_step': 54500, 'iter_step': 59900}
2026-03-15 18:59:01,520 [DESKTOP-H93RLBF:11400] [INFO] {'iter_loss': 0.16528680674731733, 'iter_time': 0.5027365508675575, 'iter_general_step_dur': 0.12805819272994995, 'epoch': 54, 'trainer_step': 54600, 'iter_step': 60000}
2026-03-15 18:59:35,341 [DESKTOP-H93RLBF:11400] [INFO] {'iter_loss': 0.16283796414732932, 'iter_time': 0.4911242625117302, 'iter_general_step_dur': 0.12804773807525635, 'epoch': 54, 'trainer_step': 54700, 'iter_step': 60100}
2026-03-15 19:00:08,718 [DESKTOP-H93RLBF:11400] [INFO] {'iter_loss': 0.16272986851632595, 'iter_time': 0.4878623667359352, 'iter_general_step_dur': 0.12822489976882934, 'epoch': 54, 'trainer_step': 54800, 'iter_step': 60200}
2026-03-15 19:00:42,871 [DESKTOP-H93RLBF:11400] [INFO] {'iter_loss': 0.1702070002257824, 'iter_time': 0.5096563792228699, 'iter_general_step_dur': 0.12919540882110594, 'epoch': 54, 'trainer_step': 54900, 'iter_step': 60300}
2026-03-15 19:01:16,562 [DESKTOP-H93RLBF:11400] [INFO] {'iter_loss': 0.1664476577192545, 'iter_time': 0.5030193403363228, 'iter_general_step_dur': 0.12793601512908936, 'epoch': 54, 'trainer_step': 55000, 'iter_step': 60400}
2026-03-15 19:01:29,066 [DESKTOP-H93RLBF:11400] [INFO] {'val_loss': 0.15424089074134828, 'val_time': 0.49127260357141495, 'val_general_step_dur': 0.12249452590942383, 'epoch': 54, 'trainer_step': 55000, 'iter_step': 60500}
2026-03-15 19:01:29,068 [DESKTOP-H93RLBF:11400] [INFO] {'train_loss': 0.16608119175583125, 'train_time': 0.5008408566117286, 'train_general_step_dur': 0.12681359601020814, 'epoch': 54, 'trainer_step': 55000, 'iter_step': 60500}
2026-03-15 19:02:03,294 [DESKTOP-H93RLBF:11400] [INFO] {'iter_loss': 0.16394114874303342, 'iter_time': 0.5033953332901001, 'iter_general_step_dur': 0.1285323691368103, 'epoch': 55, 'trainer_step': 55100, 'iter_step': 60600}
2026-03-15 19:02:36,717 [DESKTOP-H93RLBF:11400] [INFO] {'iter_loss': 0.15531577318906784, 'iter_time': 0.48940996795892716, 'iter_general_step_dur': 0.12447311162948609, 'epoch': 55, 'trainer_step': 55200, 'iter_step': 60700}
2026-03-15 19:03:10,575 [DESKTOP-H93RLBF:11400] [INFO] {'iter_loss': 0.16692233480513097, 'iter_time': 0.5073402705788612, 'iter_general_step_dur': 0.12432200670242309, 'epoch': 55, 'trainer_step': 55300, 'iter_step': 60800}
2026-03-15 19:03:44,007 [DESKTOP-H93RLBF:11400] [INFO] {'iter_loss': 0.16472075961530208, 'iter_time': 0.5043473246693612, 'iter_general_step_dur': 0.12757251262664795, 'epoch': 55, 'trainer_step': 55400, 'iter_step': 60900}
2026-03-15 19:04:17,737 [DESKTOP-H93RLBF:11400] [INFO] {'iter_loss': 0.16208840504288674, 'iter_time': 0.4955188697576523, 'iter_general_step_dur': 0.12645822525024414, 'epoch': 55, 'trainer_step': 55500, 'iter_step': 61000}
2026-03-15 19:04:51,222 [DESKTOP-H93RLBF:11400] [INFO] {'iter_loss': 0.1597748278081417, 'iter_time': 0.5004696369171142, 'iter_general_step_dur': 0.12630103826522826, 'epoch': 55, 'trainer_step': 55600, 'iter_step': 61100}
2026-03-15 19:05:25,361 [DESKTOP-H93RLBF:11400] [INFO] {'iter_loss': 0.1641031164675951, 'iter_time': 0.5107472303509712, 'iter_general_step_dur': 0.12708428621292114, 'epoch': 55, 'trainer_step': 55700, 'iter_step': 61200}
2026-03-15 19:05:58,939 [DESKTOP-H93RLBF:11400] [INFO] {'iter_loss': 0.16388027243316172, 'iter_time': 0.5018857252597809, 'iter_general_step_dur': 0.12682006597518922, 'epoch': 55, 'trainer_step': 55800, 'iter_step': 61300}
2026-03-15 19:06:32,712 [DESKTOP-H93RLBF:11400] [INFO] {'iter_loss': 0.15713825426995753, 'iter_time': 0.49326080054044724, 'iter_general_step_dur': 0.12831443309783935, 'epoch': 55, 'trainer_step': 55900, 'iter_step': 61400}
2026-03-15 19:07:06,422 [DESKTOP-H93RLBF:11400] [INFO] {'iter_loss': 0.1680190807580948, 'iter_time': 0.5101439017057419, 'iter_general_step_dur': 0.12770007610321044, 'epoch': 55, 'trainer_step': 56000, 'iter_step': 61500}
2026-03-15 19:07:18,894 [DESKTOP-H93RLBF:11400] [INFO] {'val_loss': 0.1524826956540346, 'val_time': 0.4966468453407288, 'val_general_step_dur': 0.12219201564788819, 'epoch': 55, 'trainer_step': 56000, 'iter_step': 61600}
2026-03-15 19:07:18,896 [DESKTOP-H93RLBF:11400] [INFO] {'train_loss': 0.16259039731323718, 'train_time': 0.5016519061028958, 'train_general_step_dur': 0.1267578125, 'epoch': 55, 'trainer_step': 56000, 'iter_step': 61600}
2026-03-15 19:07:52,846 [DESKTOP-H93RLBF:11400] [INFO] {'iter_loss': 0.1592863593250513, 'iter_time': 0.4978606277704239, 'iter_general_step_dur': 0.12779948472976685, 'epoch': 56, 'trainer_step': 56100, 'iter_step': 61700}
2026-03-15 19:08:26,479 [DESKTOP-H93RLBF:11400] [INFO] {'iter_loss': 0.16410410456359387, 'iter_time': 0.5017447599768639, 'iter_general_step_dur': 0.12481057643890381, 'epoch': 56, 'trainer_step': 56200, 'iter_step': 61800}
2026-03-15 19:09:00,494 [DESKTOP-H93RLBF:11400] [INFO] {'iter_loss': 0.15708814717829228, 'iter_time': 0.49129007011651993, 'iter_general_step_dur': 0.12535072326660157, 'epoch': 56, 'trainer_step': 56300, 'iter_step': 61900}
2026-03-15 19:09:34,261 [DESKTOP-H93RLBF:11400] [INFO] {'iter_loss': 0.15273065328598023, 'iter_time': 0.4935337656736374, 'iter_general_step_dur': 0.12786174058914185, 'epoch': 56, 'trainer_step': 56400, 'iter_step': 62000}
2026-03-15 19:10:08,080 [DESKTOP-H93RLBF:11400] [INFO] {'iter_loss': 0.16432703144848346, 'iter_time': 0.5013980074226856, 'iter_general_step_dur': 0.12833428144454956, 'epoch': 56, 'trainer_step': 56500, 'iter_step': 62100}
2026-03-15 19:10:41,780 [DESKTOP-H93RLBF:11400] [INFO] {'iter_loss': 0.16238731913268567, 'iter_time': 0.5116132947802544, 'iter_general_step_dur': 0.12994481325149537, 'epoch': 56, 'trainer_step': 56600, 'iter_step': 62200}
2026-03-15 19:11:15,773 [DESKTOP-H93RLBF:11400] [INFO] {'iter_loss': 0.16876854464411736, 'iter_time': 0.5040811491012573, 'iter_general_step_dur': 0.12992655515670776, 'epoch': 56, 'trainer_step': 56700, 'iter_step': 62300}
2026-03-15 19:11:49,837 [DESKTOP-H93RLBF:11400] [INFO] {'iter_loss': 0.1554972417652607, 'iter_time': 0.4975703695416451, 'iter_general_step_dur': 0.12880678176879884, 'epoch': 56, 'trainer_step': 56800, 'iter_step': 62400}
2026-03-15 19:12:23,528 [DESKTOP-H93RLBF:11400] [INFO] {'iter_loss': 0.1575779412686825, 'iter_time': 0.5077198755741119, 'iter_general_step_dur': 0.12714961051940918, 'epoch': 56, 'trainer_step': 56900, 'iter_step': 62500}
2026-03-15 19:12:57,588 [DESKTOP-H93RLBF:11400] [INFO] {'iter_loss': 0.1758181380480528, 'iter_time': 0.524579556286335, 'iter_general_step_dur': 0.12753712892532348, 'epoch': 56, 'trainer_step': 57000, 'iter_step': 62600}
2026-03-15 19:13:10,020 [DESKTOP-H93RLBF:11400] [INFO] {'val_loss': 0.15618001960217953, 'val_time': 0.4915918657183647, 'val_general_step_dur': 0.1218326187133789, 'epoch': 56, 'trainer_step': 57000, 'iter_step': 62700}
2026-03-15 19:13:10,022 [DESKTOP-H93RLBF:11400] [INFO] {'train_loss': 0.16175854806602002, 'train_time': 0.5031391476243734, 'train_general_step_dur': 0.12775216960906982, 'epoch': 56, 'trainer_step': 57000, 'iter_step': 62700}
2026-03-15 19:13:44,287 [DESKTOP-H93RLBF:11400] [INFO] {'iter_loss': 0.1604965503513813, 'iter_time': 0.5046761119365692, 'iter_general_step_dur': 0.127808096408844, 'epoch': 57, 'trainer_step': 57100, 'iter_step': 62800}
2026-03-15 19:14:18,015 [DESKTOP-H93RLBF:11400] [INFO] {'iter_loss': 0.16722985170781612, 'iter_time': 0.5068344464898109, 'iter_general_step_dur': 0.12555702447891234, 'epoch': 57, 'trainer_step': 57200, 'iter_step': 62900}
2026-03-15 19:14:51,426 [DESKTOP-H93RLBF:11400] [INFO] {'iter_loss': 0.15957910999655722, 'iter_time': 0.502292697429657, 'iter_general_step_dur': 0.12567578077316285, 'epoch': 57, 'trainer_step': 57300, 'iter_step': 63000}
2026-03-15 19:15:25,625 [DESKTOP-H93RLBF:11400] [INFO] {'iter_loss': 0.16408682636916638, 'iter_time': 0.5033909478783607, 'iter_general_step_dur': 0.13039793252944945, 'epoch': 57, 'trainer_step': 57400, 'iter_step': 63100}
2026-03-15 19:15:59,466 [DESKTOP-H93RLBF:11400] [INFO] {'iter_loss': 0.16119827657938005, 'iter_time': 0.4977368441224098, 'iter_general_step_dur': 0.12743110179901124, 'epoch': 57, 'trainer_step': 57500, 'iter_step': 63200}
2026-03-15 19:16:33,113 [DESKTOP-H93RLBF:11400] [INFO] {'iter_loss': 0.1586589692533016, 'iter_time': 0.5014351838827134, 'iter_general_step_dur': 0.1286774158477783, 'epoch': 57, 'trainer_step': 57600, 'iter_step': 63300}
2026-03-15 19:17:06,998 [DESKTOP-H93RLBF:11400] [INFO] {'iter_loss': 0.1556830008327961, 'iter_time': 0.48853946089744565, 'iter_general_step_dur': 0.12904198408126832, 'epoch': 57, 'trainer_step': 57700, 'iter_step': 63400}
2026-03-15 19:17:40,854 [DESKTOP-H93RLBF:11400] [INFO] {'iter_loss': 0.15468433938920498, 'iter_time': 0.4992143428325653, 'iter_general_step_dur': 0.127878577709198, 'epoch': 57, 'trainer_step': 57800, 'iter_step': 63500}
2026-03-15 19:18:15,125 [DESKTOP-H93RLBF:11400] [INFO] {'iter_loss': 0.16094500675797463, 'iter_time': 0.49906379789113997, 'iter_general_step_dur': 0.12796093702316283, 'epoch': 57, 'trainer_step': 57900, 'iter_step': 63600}
2026-03-15 19:18:50,152 [DESKTOP-H93RLBF:11400] [INFO] {'iter_loss': 0.16677335999906062, 'iter_time': 0.5076000064611434, 'iter_general_step_dur': 0.12798071384429932, 'epoch': 57, 'trainer_step': 58000, 'iter_step': 63700}
2026-03-15 19:19:02,826 [DESKTOP-H93RLBF:11400] [INFO] {'val_loss': 0.1519578418880701, 'val_time': 0.4930415961146355, 'val_general_step_dur': 0.12391167163848876, 'epoch': 57, 'trainer_step': 58000, 'iter_step': 63800}
2026-03-15 19:19:02,828 [DESKTOP-H93RLBF:11400] [INFO] {'train_loss': 0.1609335291236639, 'train_time': 0.5010783839821815, 'train_general_step_dur': 0.12784095644950866, 'epoch': 57, 'trainer_step': 58000, 'iter_step': 63800}
2026-03-15 19:19:38,359 [DESKTOP-H93RLBF:11400] [INFO] {'iter_loss': 0.1634149992465973, 'iter_time': 0.5095312502980233, 'iter_general_step_dur': 0.12728502750396728, 'epoch': 58, 'trainer_step': 58100, 'iter_step': 63900}
2026-03-15 19:20:13,408 [DESKTOP-H93RLBF:11400] [INFO] {'iter_loss': 0.16452998287975787, 'iter_time': 0.5011786821484566, 'iter_general_step_dur': 0.12714576005935668, 'epoch': 58, 'trainer_step': 58200, 'iter_step': 64000}
2026-03-15 19:20:48,385 [DESKTOP-H93RLBF:11400] [INFO] {'iter_loss': 0.1613514630496502, 'iter_time': 0.49412362188100817, 'iter_general_step_dur': 0.1262924528121948, 'epoch': 58, 'trainer_step': 58300, 'iter_step': 64100}
2026-03-15 19:21:23,536 [DESKTOP-H93RLBF:11400] [INFO] {'iter_loss': 0.16036122761666774, 'iter_time': 0.491662979722023, 'iter_general_step_dur': 0.1291791844367981, 'epoch': 58, 'trainer_step': 58400, 'iter_step': 64200}
2026-03-15 19:21:58,588 [DESKTOP-H93RLBF:11400] [INFO] {'iter_loss': 0.15965351730585098, 'iter_time': 0.48962887495756147, 'iter_general_step_dur': 0.12877602815628053, 'epoch': 58, 'trainer_step': 58500, 'iter_step': 64300}
2026-03-15 19:22:33,525 [DESKTOP-H93RLBF:11400] [INFO] {'iter_loss': 0.15921955801546572, 'iter_time': 0.49709757953882217, 'iter_general_step_dur': 0.12907174348831177, 'epoch': 58, 'trainer_step': 58600, 'iter_step': 64400}
2026-03-15 19:23:07,785 [DESKTOP-H93RLBF:11400] [INFO] {'iter_loss': 0.15388704538345338, 'iter_time': 0.4878797221183777, 'iter_general_step_dur': 0.12964152574539184, 'epoch': 58, 'trainer_step': 58700, 'iter_step': 64500}
2026-03-15 19:23:41,397 [DESKTOP-H93RLBF:11400] [INFO] {'iter_loss': 0.1669988114386797, 'iter_time': 0.5069961580634117, 'iter_general_step_dur': 0.12818434476852417, 'epoch': 58, 'trainer_step': 58800, 'iter_step': 64600}
2026-03-15 19:24:15,321 [DESKTOP-H93RLBF:11400] [INFO] {'iter_loss': 0.16011602200567723, 'iter_time': 0.5040013259649276, 'iter_general_step_dur': 0.1295813012123108, 'epoch': 58, 'trainer_step': 58900, 'iter_step': 64700}
2026-03-15 19:24:49,432 [DESKTOP-H93RLBF:11400] [INFO] {'iter_loss': 0.15289451606571675, 'iter_time': 0.5014310654997826, 'iter_general_step_dur': 0.1274220871925354, 'epoch': 58, 'trainer_step': 59000, 'iter_step': 64800}
2026-03-15 19:25:01,892 [DESKTOP-H93RLBF:11400] [INFO] {'val_loss': 0.16441212713718414, 'val_time': 0.5006258934736252, 'val_general_step_dur': 0.12198255062103272, 'epoch': 58, 'trainer_step': 59000, 'iter_step': 64900}
2026-03-15 19:25:01,894 [DESKTOP-H93RLBF:11400] [INFO] {'train_loss': 0.16024271430075168, 'train_time': 0.4983531260192394, 'train_general_step_dur': 0.12825794553756714, 'epoch': 58, 'trainer_step': 59000, 'iter_step': 64900}
2026-03-15 19:25:36,146 [DESKTOP-H93RLBF:11400] [INFO] {'iter_loss': 0.1616099224984646, 'iter_time': 0.49753292351961137, 'iter_general_step_dur': 0.12961569547653198, 'epoch': 59, 'trainer_step': 59100, 'iter_step': 65000}
2026-03-15 19:26:09,523 [DESKTOP-H93RLBF:11400] [INFO] {'iter_loss': 0.15904616005718708, 'iter_time': 0.504735315144062, 'iter_general_step_dur': 0.12689549207687378, 'epoch': 59, 'trainer_step': 59200, 'iter_step': 65100}
2026-03-15 19:26:43,101 [DESKTOP-H93RLBF:11400] [INFO] {'iter_loss': 0.15005724892020225, 'iter_time': 0.49238348603248594, 'iter_general_step_dur': 0.12572166442871094, 'epoch': 59, 'trainer_step': 59300, 'iter_step': 65200}
2026-03-15 19:27:16,768 [DESKTOP-H93RLBF:11400] [INFO] {'iter_loss': 0.15859394527971746, 'iter_time': 0.4874498805403709, 'iter_general_step_dur': 0.12657174110412597, 'epoch': 59, 'trainer_step': 59400, 'iter_step': 65300}
2026-03-15 19:27:50,188 [DESKTOP-H93RLBF:11400] [INFO] {'iter_loss': 0.15691762581467628, 'iter_time': 0.5038400295376778, 'iter_general_step_dur': 0.12694364070892333, 'epoch': 59, 'trainer_step': 59500, 'iter_step': 65400}
2026-03-15 19:28:23,918 [DESKTOP-H93RLBF:11400] [INFO] {'iter_loss': 0.15912555679678916, 'iter_time': 0.4959393259882927, 'iter_general_step_dur': 0.12875107049942017, 'epoch': 59, 'trainer_step': 59600, 'iter_step': 65500}
2026-03-15 19:28:57,732 [DESKTOP-H93RLBF:11400] [INFO] {'iter_loss': 0.1563792595267296, 'iter_time': 0.5016586744785309, 'iter_general_step_dur': 0.12884068489074707, 'epoch': 59, 'trainer_step': 59700, 'iter_step': 65600}
2026-03-15 19:29:31,366 [DESKTOP-H93RLBF:11400] [INFO] {'iter_loss': 0.15512157402932644, 'iter_time': 0.4982715818285942, 'iter_general_step_dur': 0.13108238220214843, 'epoch': 59, 'trainer_step': 59800, 'iter_step': 65700}
2026-03-15 19:30:05,469 [DESKTOP-H93RLBF:11400] [INFO] {'iter_loss': 0.1555254166573286, 'iter_time': 0.4971627813577652, 'iter_general_step_dur': 0.12865430116653442, 'epoch': 59, 'trainer_step': 59900, 'iter_step': 65800}
2026-03-15 19:30:39,552 [DESKTOP-H93RLBF:11400] [INFO] {'iter_loss': 0.15392085865139962, 'iter_time': 0.4999217140674591, 'iter_general_step_dur': 0.12923484086990356, 'epoch': 59, 'trainer_step': 60000, 'iter_step': 65900}
2026-03-15 19:30:52,003 [DESKTOP-H93RLBF:11400] [INFO] {'val_loss': 0.15847329266369342, 'val_time': 0.5032526421546936, 'val_general_step_dur': 0.12193027973175048, 'epoch': 59, 'trainer_step': 60000, 'iter_step': 66000}
2026-03-15 19:30:52,005 [DESKTOP-H93RLBF:11400] [INFO] {'train_loss': 0.15662975682318211, 'train_time': 0.497889571249485, 'train_general_step_dur': 0.12823115134239196, 'epoch': 59, 'trainer_step': 60000, 'iter_step': 66000}
2026-03-15 19:31:26,334 [DESKTOP-H93RLBF:11400] [INFO] {'iter_loss': 0.15509063936769962, 'iter_time': 0.5009394526481629, 'iter_general_step_dur': 0.12690268993377685, 'epoch': 60, 'trainer_step': 60100, 'iter_step': 66100}
2026-03-15 19:32:00,314 [DESKTOP-H93RLBF:11400] [INFO] {'iter_loss': 0.15155734486877917, 'iter_time': 0.49934369504451753, 'iter_general_step_dur': 0.1263990259170532, 'epoch': 60, 'trainer_step': 60200, 'iter_step': 66200}
2026-03-15 19:32:34,001 [DESKTOP-H93RLBF:11400] [INFO] {'iter_loss': 0.16381789207458497, 'iter_time': 0.4978338634967804, 'iter_general_step_dur': 0.12573159694671632, 'epoch': 60, 'trainer_step': 60300, 'iter_step': 66300}
2026-03-15 19:33:07,495 [DESKTOP-H93RLBF:11400] [INFO] {'iter_loss': 0.1660724925249815, 'iter_time': 0.5084203892946243, 'iter_general_step_dur': 0.127172589302063, 'epoch': 60, 'trainer_step': 60400, 'iter_step': 66400}
2026-03-15 19:33:40,871 [DESKTOP-H93RLBF:11400] [INFO] {'iter_loss': 0.1566060547530651, 'iter_time': 0.4960523101687431, 'iter_general_step_dur': 0.12568933486938477, 'epoch': 60, 'trainer_step': 60500, 'iter_step': 66500}
2026-03-15 19:34:14,314 [DESKTOP-H93RLBF:11400] [INFO] {'iter_loss': 0.1582334766536951, 'iter_time': 0.4932413735985756, 'iter_general_step_dur': 0.12580442428588867, 'epoch': 60, 'trainer_step': 60600, 'iter_step': 66600}
2026-03-15 19:34:47,790 [DESKTOP-H93RLBF:11400] [INFO] {'iter_loss': 0.16315012492239475, 'iter_time': 0.5033478036522865, 'iter_general_step_dur': 0.126690194606781, 'epoch': 60, 'trainer_step': 60700, 'iter_step': 66700}
2026-03-15 19:35:21,097 [DESKTOP-H93RLBF:11400] [INFO] {'iter_loss': 0.1574870003759861, 'iter_time': 0.4978775280714035, 'iter_general_step_dur': 0.1260176706314087, 'epoch': 60, 'trainer_step': 60800, 'iter_step': 66800}
2026-03-15 19:35:54,300 [DESKTOP-H93RLBF:11400] [INFO] {'iter_loss': 0.1564414033293724, 'iter_time': 0.5084371531009674, 'iter_general_step_dur': 0.12587646007537842, 'epoch': 60, 'trainer_step': 60900, 'iter_step': 66900}
2026-03-15 19:36:28,142 [DESKTOP-H93RLBF:11400] [INFO] {'iter_loss': 0.1544304121285677, 'iter_time': 0.49684041291475295, 'iter_general_step_dur': 0.1277177405357361, 'epoch': 60, 'trainer_step': 61000, 'iter_step': 67000}
2026-03-15 19:36:40,500 [DESKTOP-H93RLBF:11400] [INFO] {'val_loss': 0.15042832419276236, 'val_time': 0.5036455368995667, 'val_general_step_dur': 0.12109290838241576, 'epoch': 60, 'trainer_step': 61000, 'iter_step': 67100}
2026-03-15 19:36:40,502 [DESKTOP-H93RLBF:11400] [INFO] {'train_loss': 0.15828868409991265, 'train_time': 0.5002333981990814, 'train_general_step_dur': 0.1264001727104187, 'epoch': 60, 'trainer_step': 61000, 'iter_step': 67100}
2026-03-15 19:37:14,721 [DESKTOP-H93RLBF:11400] [INFO] {'iter_loss': 0.14823973298072815, 'iter_time': 0.4994457125663757, 'iter_general_step_dur': 0.12717854738235473, 'epoch': 61, 'trainer_step': 61100, 'iter_step': 67200}
2026-03-15 19:37:48,485 [DESKTOP-H93RLBF:11400] [INFO] {'iter_loss': 0.15208726406097411, 'iter_time': 0.4991492685675621, 'iter_general_step_dur': 0.1278171133995056, 'epoch': 61, 'trainer_step': 61200, 'iter_step': 67300}
2026-03-15 19:38:23,304 [DESKTOP-H93RLBF:11400] [INFO] {'iter_loss': 0.1534894909709692, 'iter_time': 0.5031173706054688, 'iter_general_step_dur': 0.1266048288345337, 'epoch': 61, 'trainer_step': 61300, 'iter_step': 67400}
2026-03-15 19:38:58,338 [DESKTOP-H93RLBF:11400] [INFO] {'iter_loss': 0.15089185051620008, 'iter_time': 0.4908255398273468, 'iter_general_step_dur': 0.12612785577774047, 'epoch': 61, 'trainer_step': 61400, 'iter_step': 67500}
2026-03-15 19:39:33,664 [DESKTOP-H93RLBF:11400] [INFO] {'iter_loss': 0.16230900287628175, 'iter_time': 0.5164095869660378, 'iter_general_step_dur': 0.12889841794967652, 'epoch': 61, 'trainer_step': 61500, 'iter_step': 67600}
2026-03-15 19:40:08,592 [DESKTOP-H93RLBF:11400] [INFO] {'iter_loss': 0.1612898687273264, 'iter_time': 0.5088418599963188, 'iter_general_step_dur': 0.12660452604293823, 'epoch': 61, 'trainer_step': 61600, 'iter_step': 67700}
2026-03-15 19:40:42,766 [DESKTOP-H93RLBF:11400] [INFO] {'iter_loss': 0.15016287192702293, 'iter_time': 0.4879262709617615, 'iter_general_step_dur': 0.12731189489364625, 'epoch': 61, 'trainer_step': 61700, 'iter_step': 67800}
2026-03-15 19:41:17,374 [DESKTOP-H93RLBF:11400] [INFO] {'iter_loss': 0.14769537210464478, 'iter_time': 0.4955306023359299, 'iter_general_step_dur': 0.12774078607559203, 'epoch': 61, 'trainer_step': 61800, 'iter_step': 67900}
2026-03-15 19:41:52,015 [DESKTOP-H93RLBF:11400] [INFO] {'iter_loss': 0.15705205872654915, 'iter_time': 0.5002797681093216, 'iter_general_step_dur': 0.12669208765029907, 'epoch': 61, 'trainer_step': 61900, 'iter_step': 68000}
2026-03-15 19:42:26,709 [DESKTOP-H93RLBF:11400] [INFO] {'iter_loss': 0.1489394334703684, 'iter_time': 0.5003453674912453, 'iter_general_step_dur': 0.12911725521087647, 'epoch': 61, 'trainer_step': 62000, 'iter_step': 68100}
2026-03-15 19:42:39,476 [DESKTOP-H93RLBF:11400] [INFO] {'val_loss': 0.15409771472215653, 'val_time': 0.49644104301929476, 'val_general_step_dur': 0.12479553937911987, 'epoch': 61, 'trainer_step': 62000, 'iter_step': 68200}
2026-03-15 19:42:39,479 [DESKTOP-H93RLBF:11400] [INFO] {'train_loss': 0.1532156946361065, 'train_time': 0.5001871347427368, 'train_general_step_dur': 0.1274093313217163, 'epoch': 61, 'trainer_step': 62000, 'iter_step': 68200}
2026-03-15 19:43:14,978 [DESKTOP-H93RLBF:11400] [INFO] {'iter_loss': 0.15835071690380573, 'iter_time': 0.5075086715817452, 'iter_general_step_dur': 0.12827112436294555, 'epoch': 62, 'trainer_step': 62100, 'iter_step': 68300}
2026-03-15 19:43:49,917 [DESKTOP-H93RLBF:11400] [INFO] {'iter_loss': 0.15498862519860268, 'iter_time': 0.5008725461363792, 'iter_general_step_dur': 0.12796151161193847, 'epoch': 62, 'trainer_step': 62200, 'iter_step': 68400}
2026-03-15 19:44:24,859 [DESKTOP-H93RLBF:11400] [INFO] {'iter_loss': 0.15348364129662515, 'iter_time': 0.504114979505539, 'iter_general_step_dur': 0.1264703369140625, 'epoch': 62, 'trainer_step': 62300, 'iter_step': 68500}
2026-03-15 19:44:59,860 [DESKTOP-H93RLBF:11400] [INFO] {'iter_loss': 0.15952228888869285, 'iter_time': 0.5022836410999298, 'iter_general_step_dur': 0.12672071456909179, 'epoch': 62, 'trainer_step': 62400, 'iter_step': 68600}
2026-03-15 19:45:33,790 [DESKTOP-H93RLBF:11400] [INFO] {'iter_loss': 0.15430135168135167, 'iter_time': 0.4951585957407951, 'iter_general_step_dur': 0.1265692400932312, 'epoch': 62, 'trainer_step': 62500, 'iter_step': 68700}
2026-03-15 19:46:07,274 [DESKTOP-H93RLBF:11400] [INFO] {'iter_loss': 0.15316877014935015, 'iter_time': 0.48755942821502685, 'iter_general_step_dur': 0.1255661153793335, 'epoch': 62, 'trainer_step': 62600, 'iter_step': 68800}
2026-03-15 19:46:40,729 [DESKTOP-H93RLBF:11400] [INFO] {'iter_loss': 0.15183157116174698, 'iter_time': 0.49518033266067507, 'iter_general_step_dur': 0.1272308874130249, 'epoch': 62, 'trainer_step': 62700, 'iter_step': 68900}
2026-03-15 19:47:14,423 [DESKTOP-H93RLBF:11400] [INFO] {'iter_loss': 0.155303603336215, 'iter_time': 0.4994264015555382, 'iter_general_step_dur': 0.12684099912643432, 'epoch': 62, 'trainer_step': 62800, 'iter_step': 69000}
2026-03-15 19:47:48,062 [DESKTOP-H93RLBF:11400] [INFO] {'iter_loss': 0.15993736989796162, 'iter_time': 0.4997743919491768, 'iter_general_step_dur': 0.12503782749176026, 'epoch': 62, 'trainer_step': 62900, 'iter_step': 69100}
2026-03-15 19:48:21,807 [DESKTOP-H93RLBF:11400] [INFO] {'iter_loss': 0.15359778858721257, 'iter_time': 0.49163310348987577, 'iter_general_step_dur': 0.12799895763397218, 'epoch': 62, 'trainer_step': 63000, 'iter_step': 69200}
2026-03-15 19:48:34,242 [DESKTOP-H93RLBF:11400] [INFO] {'val_loss': 0.1561408168822527, 'val_time': 0.48973049521446227, 'val_general_step_dur': 0.12197378158569336, 'epoch': 62, 'trainer_step': 63000, 'iter_step': 69300}
2026-03-15 19:48:34,244 [DESKTOP-H93RLBF:11400] [INFO] {'train_loss': 0.15544857271015644, 'train_time': 0.4983512091934681, 'train_general_step_dur': 0.12686677145957947, 'epoch': 62, 'trainer_step': 63000, 'iter_step': 69300}
2026-03-15 19:49:08,485 [DESKTOP-H93RLBF:11400] [INFO] {'iter_loss': 0.15645721293985843, 'iter_time': 0.4983368521928787, 'iter_general_step_dur': 0.1264232087135315, 'epoch': 63, 'trainer_step': 63100, 'iter_step': 69400}
2026-03-15 19:49:41,787 [DESKTOP-H93RLBF:11400] [INFO] {'iter_loss': 0.1494468292593956, 'iter_time': 0.4992325764894485, 'iter_general_step_dur': 0.12660207033157347, 'epoch': 63, 'trainer_step': 63200, 'iter_step': 69500}
2026-03-15 19:50:15,565 [DESKTOP-H93RLBF:11400] [INFO] {'iter_loss': 0.15578009493649006, 'iter_time': 0.5055801740288735, 'iter_general_step_dur': 0.12639980792999267, 'epoch': 63, 'trainer_step': 63300, 'iter_step': 69600}
2026-03-15 19:50:49,379 [DESKTOP-H93RLBF:11400] [INFO] {'iter_loss': 0.15388849280774594, 'iter_time': 0.5039928901195526, 'iter_general_step_dur': 0.12554126739501953, 'epoch': 63, 'trainer_step': 63400, 'iter_step': 69700}
2026-03-15 19:51:23,099 [DESKTOP-H93RLBF:11400] [INFO] {'iter_loss': 0.1508270613104105, 'iter_time': 0.49250282257795336, 'iter_general_step_dur': 0.12674862861633301, 'epoch': 63, 'trainer_step': 63500, 'iter_step': 69800}
2026-03-15 19:51:56,579 [DESKTOP-H93RLBF:11400] [INFO] {'iter_loss': 0.15676938720047473, 'iter_time': 0.4973586308956146, 'iter_general_step_dur': 0.126534321308136, 'epoch': 63, 'trainer_step': 63600, 'iter_step': 69900}
2026-03-15 19:52:29,856 [DESKTOP-H93RLBF:11400] [INFO] {'iter_loss': 0.1565095629543066, 'iter_time': 0.499204498231411, 'iter_general_step_dur': 0.12532552242279052, 'epoch': 63, 'trainer_step': 63700, 'iter_step': 70000}
2026-03-15 19:53:03,374 [DESKTOP-H93RLBF:11400] [INFO] {'iter_loss': 0.15094357058405877, 'iter_time': 0.5000020781159401, 'iter_general_step_dur': 0.1260875105857849, 'epoch': 63, 'trainer_step': 63800, 'iter_step': 70100}
2026-03-15 19:53:36,887 [DESKTOP-H93RLBF:11400] [INFO] {'iter_loss': 0.1496037795394659, 'iter_time': 0.4964582273364067, 'iter_general_step_dur': 0.12795637369155885, 'epoch': 63, 'trainer_step': 63900, 'iter_step': 70200}
2026-03-15 19:54:10,542 [DESKTOP-H93RLBF:11400] [INFO] {'iter_loss': 0.15697090961039067, 'iter_time': 0.5058780914545059, 'iter_general_step_dur': 0.1262809681892395, 'epoch': 63, 'trainer_step': 64000, 'iter_step': 70300}
2026-03-15 19:54:22,954 [DESKTOP-H93RLBF:11400] [INFO] {'val_loss': 0.14843663230538368, 'val_time': 0.4982966184616089, 'val_general_step_dur': 0.12182816028594971, 'epoch': 63, 'trainer_step': 64000, 'iter_step': 70400}
2026-03-15 19:54:22,956 [DESKTOP-H93RLBF:11400] [INFO] {'train_loss': 0.15371969011425973, 'train_time': 0.4998546841442585, 'train_general_step_dur': 0.126389967918396, 'epoch': 63, 'trainer_step': 64000, 'iter_step': 70400}
2026-03-15 19:54:57,067 [DESKTOP-H93RLBF:11400] [INFO] {'iter_loss': 0.15794941313564778, 'iter_time': 0.5033887991309166, 'iter_general_step_dur': 0.12753005027770997, 'epoch': 64, 'trainer_step': 64100, 'iter_step': 70500}
2026-03-15 19:55:30,918 [DESKTOP-H93RLBF:11400] [INFO] {'iter_loss': 0.1576721853017807, 'iter_time': 0.5065706101059914, 'iter_general_step_dur': 0.12801836013793946, 'epoch': 64, 'trainer_step': 64200, 'iter_step': 70600}
2026-03-15 19:56:04,743 [DESKTOP-H93RLBF:11400] [INFO] {'iter_loss': 0.16366272911429405, 'iter_time': 0.506362755894661, 'iter_general_step_dur': 0.12700836181640626, 'epoch': 64, 'trainer_step': 64300, 'iter_step': 70700}
2026-03-15 19:56:38,398 [DESKTOP-H93RLBF:11400] [INFO] {'iter_loss': 0.15514970220625401, 'iter_time': 0.4961332082748413, 'iter_general_step_dur': 0.12649157524108887, 'epoch': 64, 'trainer_step': 64400, 'iter_step': 70800}
2026-03-15 19:57:12,312 [DESKTOP-H93RLBF:11400] [INFO] {'iter_loss': 0.16303270928561686, 'iter_time': 0.5110146069526672, 'iter_general_step_dur': 0.12558996677398682, 'epoch': 64, 'trainer_step': 64500, 'iter_step': 70900}
2026-03-15 19:57:46,174 [DESKTOP-H93RLBF:11400] [INFO] {'iter_loss': 0.15518033623695374, 'iter_time': 0.4939038088917732, 'iter_general_step_dur': 0.12644991636276245, 'epoch': 64, 'trainer_step': 64600, 'iter_step': 71000}
2026-03-15 19:58:19,545 [DESKTOP-H93RLBF:11400] [INFO] {'iter_loss': 0.1541136659681797, 'iter_time': 0.4995656272768974, 'iter_general_step_dur': 0.12819336414337157, 'epoch': 64, 'trainer_step': 64700, 'iter_step': 71100}
2026-03-15 19:58:53,216 [DESKTOP-H93RLBF:11400] [INFO] {'iter_loss': 0.15446490608155727, 'iter_time': 0.4991384544968605, 'iter_general_step_dur': 0.12816312789916992, 'epoch': 64, 'trainer_step': 64800, 'iter_step': 71200}
2026-03-15 19:59:26,933 [DESKTOP-H93RLBF:11400] [INFO] {'iter_loss': 0.155299431681633, 'iter_time': 0.5017120945453644, 'iter_general_step_dur': 0.1283416199684143, 'epoch': 64, 'trainer_step': 64900, 'iter_step': 71300}
2026-03-15 20:00:00,948 [DESKTOP-H93RLBF:11400] [INFO] {'iter_loss': 0.15517114385962485, 'iter_time': 0.5037853157520295, 'iter_general_step_dur': 0.1274638819694519, 'epoch': 64, 'trainer_step': 65000, 'iter_step': 71400}
2026-03-15 20:00:13,424 [DESKTOP-H93RLBF:11400] [INFO] {'val_loss': 0.14537039935588836, 'val_time': 0.4969105225801468, 'val_general_step_dur': 0.1222392749786377, 'epoch': 64, 'trainer_step': 65000, 'iter_step': 71500}
2026-03-15 20:00:13,426 [DESKTOP-H93RLBF:11400] [INFO] {'train_loss': 0.1571696222871542, 'train_time': 0.5021575281322003, 'train_general_step_dur': 0.12732502245903016, 'epoch': 64, 'trainer_step': 65000, 'iter_step': 71500}
2026-03-15 20:00:47,992 [DESKTOP-H93RLBF:11400] [INFO] {'iter_loss': 0.14839377999305725, 'iter_time': 0.4929526859521866, 'iter_general_step_dur': 0.13008464097976685, 'epoch': 65, 'trainer_step': 65100, 'iter_step': 71600}
2026-03-15 20:01:21,953 [DESKTOP-H93RLBF:11400] [INFO] {'iter_loss': 0.14914638236165045, 'iter_time': 0.49326255798339846, 'iter_general_step_dur': 0.12843903303146362, 'epoch': 65, 'trainer_step': 65200, 'iter_step': 71700}
2026-03-15 20:01:55,834 [DESKTOP-H93RLBF:11400] [INFO] {'iter_loss': 0.1568308588117361, 'iter_time': 0.49433793753385546, 'iter_general_step_dur': 0.12725558280944824, 'epoch': 65, 'trainer_step': 65300, 'iter_step': 71800}
2026-03-15 20:02:29,942 [DESKTOP-H93RLBF:11400] [INFO] {'iter_loss': 0.15887970924377443, 'iter_time': 0.5069432771205902, 'iter_general_step_dur': 0.12671853542327882, 'epoch': 65, 'trainer_step': 65400, 'iter_step': 71900}
2026-03-15 20:03:03,909 [DESKTOP-H93RLBF:11400] [INFO] {'iter_loss': 0.15994250223040582, 'iter_time': 0.5059453123807907, 'iter_general_step_dur': 0.12584468126296997, 'epoch': 65, 'trainer_step': 65500, 'iter_step': 72000}
2026-03-15 20:03:37,756 [DESKTOP-H93RLBF:11400] [INFO] {'iter_loss': 0.15630994983017443, 'iter_time': 0.501070483326912, 'iter_general_step_dur': 0.12622169256210328, 'epoch': 65, 'trainer_step': 65600, 'iter_step': 72100}
2026-03-15 20:04:11,357 [DESKTOP-H93RLBF:11400] [INFO] {'iter_loss': 0.15453576363623142, 'iter_time': 0.49567593723535536, 'iter_general_step_dur': 0.12685436964035035, 'epoch': 65, 'trainer_step': 65700, 'iter_step': 72200}
2026-03-15 20:04:45,016 [DESKTOP-H93RLBF:11400] [INFO] {'iter_loss': 0.15728698022663593, 'iter_time': 0.5059047847986221, 'iter_general_step_dur': 0.12913910627365113, 'epoch': 65, 'trainer_step': 65800, 'iter_step': 72300}
2026-03-15 20:05:18,827 [DESKTOP-H93RLBF:11400] [INFO] {'iter_loss': 0.15833671197295188, 'iter_time': 0.495642768740654, 'iter_general_step_dur': 0.1290237522125244, 'epoch': 65, 'trainer_step': 65900, 'iter_step': 72400}
2026-03-15 20:05:52,966 [DESKTOP-H93RLBF:11400] [INFO] {'iter_loss': 0.14684765085577964, 'iter_time': 0.4888115793466568, 'iter_general_step_dur': 0.1277181077003479, 'epoch': 65, 'trainer_step': 66000, 'iter_step': 72500}
2026-03-15 20:06:05,406 [DESKTOP-H93RLBF:11400] [INFO] {'val_loss': 0.14429776169359684, 'val_time': 0.4842645648121834, 'val_general_step_dur': 0.12204761266708374, 'epoch': 65, 'trainer_step': 66000, 'iter_step': 72600}
2026-03-15 20:06:05,408 [DESKTOP-H93RLBF:11400] [INFO] {'train_loss': 0.15465102891623975, 'train_time': 0.4980547324419022, 'train_general_step_dur': 0.12772995018959046, 'epoch': 65, 'trainer_step': 66000, 'iter_step': 72600}
2026-03-15 20:06:39,971 [DESKTOP-H93RLBF:11400] [INFO] {'iter_loss': 0.15634683072566985, 'iter_time': 0.5072563001513481, 'iter_general_step_dur': 0.12779193878173828, 'epoch': 66, 'trainer_step': 66100, 'iter_step': 72700}
2026-03-15 20:07:13,445 [DESKTOP-H93RLBF:11400] [INFO] {'iter_loss': 0.15082691729068756, 'iter_time': 0.4942305061221123, 'iter_general_step_dur': 0.12793799638748168, 'epoch': 66, 'trainer_step': 66200, 'iter_step': 72800}
2026-03-15 20:07:47,455 [DESKTOP-H93RLBF:11400] [INFO] {'iter_loss': 0.14757484167814255, 'iter_time': 0.5009867259860039, 'iter_general_step_dur': 0.12717440843582153, 'epoch': 66, 'trainer_step': 66300, 'iter_step': 72900}
2026-03-15 20:08:20,892 [DESKTOP-H93RLBF:11400] [INFO] {'iter_loss': 0.1426071260869503, 'iter_time': 0.49080689162015917, 'iter_general_step_dur': 0.12446890115737914, 'epoch': 66, 'trainer_step': 66400, 'iter_step': 73000}
2026-03-15 20:08:54,206 [DESKTOP-H93RLBF:11400] [INFO] {'iter_loss': 0.15010105460882187, 'iter_time': 0.4946462053060532, 'iter_general_step_dur': 0.12390746355056763, 'epoch': 66, 'trainer_step': 66500, 'iter_step': 73100}
2026-03-15 20:09:27,997 [DESKTOP-H93RLBF:11400] [INFO] {'iter_loss': 0.15134513504803182, 'iter_time': 0.49249409914016723, 'iter_general_step_dur': 0.12688107252120973, 'epoch': 66, 'trainer_step': 66600, 'iter_step': 73200}
2026-03-15 20:10:02,040 [DESKTOP-H93RLBF:11400] [INFO] {'iter_loss': 0.15371273688971995, 'iter_time': 0.5073575726151467, 'iter_general_step_dur': 0.12834250688552856, 'epoch': 66, 'trainer_step': 66700, 'iter_step': 73300}
2026-03-15 20:10:35,718 [DESKTOP-H93RLBF:11400] [INFO] {'iter_loss': 0.14861899457871913, 'iter_time': 0.49489596277475356, 'iter_general_step_dur': 0.12956317663192748, 'epoch': 66, 'trainer_step': 66800, 'iter_step': 73400}
2026-03-15 20:11:09,771 [DESKTOP-H93RLBF:11400] [INFO] {'iter_loss': 0.14901041716337204, 'iter_time': 0.49421437054872513, 'iter_general_step_dur': 0.1289960265159607, 'epoch': 66, 'trainer_step': 66900, 'iter_step': 73500}
2026-03-15 20:11:43,802 [DESKTOP-H93RLBF:11400] [INFO] {'iter_loss': 0.15345572724938392, 'iter_time': 0.49750192373991015, 'iter_general_step_dur': 0.12805962800979614, 'epoch': 66, 'trainer_step': 67000, 'iter_step': 73600}
2026-03-15 20:11:56,320 [DESKTOP-H93RLBF:11400] [INFO] {'val_loss': 0.15154872491955756, 'val_time': 0.49287961721420287, 'val_general_step_dur': 0.12259647369384766, 'epoch': 66, 'trainer_step': 67000, 'iter_step': 73700}
2026-03-15 20:11:56,322 [DESKTOP-H93RLBF:11400] [INFO] {'train_loss': 0.1503599781319499, 'train_time': 0.4974390558004379, 'train_general_step_dur': 0.1273123118877411, 'epoch': 66, 'trainer_step': 67000, 'iter_step': 73700}
2026-03-15 20:12:30,583 [DESKTOP-H93RLBF:11400] [INFO] {'iter_loss': 0.1595847588032484, 'iter_time': 0.49758823722600937, 'iter_general_step_dur': 0.12818820238113404, 'epoch': 67, 'trainer_step': 67100, 'iter_step': 73800}
2026-03-15 20:13:04,243 [DESKTOP-H93RLBF:11400] [INFO] {'iter_loss': 0.15006850600242616, 'iter_time': 0.49773171573877334, 'iter_general_step_dur': 0.12809743642807006, 'epoch': 67, 'trainer_step': 67200, 'iter_step': 73900}
2026-03-15 20:13:38,009 [DESKTOP-H93RLBF:11400] [INFO] {'iter_loss': 0.1578922703117132, 'iter_time': 0.5113428440690041, 'iter_general_step_dur': 0.12855347871780395, 'epoch': 67, 'trainer_step': 67300, 'iter_step': 74000}
2026-03-15 20:14:11,855 [DESKTOP-H93RLBF:11400] [INFO] {'iter_loss': 0.15116977021098138, 'iter_time': 0.48872928738594057, 'iter_general_step_dur': 0.1271440577507019, 'epoch': 67, 'trainer_step': 67400, 'iter_step': 74100}
2026-03-15 20:14:45,652 [DESKTOP-H93RLBF:11400] [INFO] {'iter_loss': 0.14789811812341214, 'iter_time': 0.4995173504948616, 'iter_general_step_dur': 0.12520750999450683, 'epoch': 67, 'trainer_step': 67500, 'iter_step': 74200}
2026-03-15 20:15:19,102 [DESKTOP-H93RLBF:11400] [INFO] {'iter_loss': 0.1523615864664316, 'iter_time': 0.4985268530249596, 'iter_general_step_dur': 0.12658548831939698, 'epoch': 67, 'trainer_step': 67600, 'iter_step': 74300}
2026-03-15 20:15:52,977 [DESKTOP-H93RLBF:11400] [INFO] {'iter_loss': 0.15467721447348595, 'iter_time': 0.49868832737207414, 'iter_general_step_dur': 0.1265768003463745, 'epoch': 67, 'trainer_step': 67700, 'iter_step': 74400}
2026-03-15 20:16:26,724 [DESKTOP-H93RLBF:11400] [INFO] {'iter_loss': 0.14934209659695624, 'iter_time': 0.499889417886734, 'iter_general_step_dur': 0.12921272754669189, 'epoch': 67, 'trainer_step': 67800, 'iter_step': 74500}
2026-03-15 20:17:00,769 [DESKTOP-H93RLBF:11400] [INFO] {'iter_loss': 0.1498878325521946, 'iter_time': 0.499958036839962, 'iter_general_step_dur': 0.129744291305542, 'epoch': 67, 'trainer_step': 67900, 'iter_step': 74600}
2026-03-15 20:17:34,743 [DESKTOP-H93RLBF:11400] [INFO] {'iter_loss': 0.14963565051555633, 'iter_time': 0.5003154116868973, 'iter_general_step_dur': 0.12882183074951173, 'epoch': 67, 'trainer_step': 68000, 'iter_step': 74700}
2026-03-15 20:17:47,177 [DESKTOP-H93RLBF:11400] [INFO] {'val_loss': 0.14621722854673863, 'val_time': 0.49429933667182924, 'val_general_step_dur': 0.12172645330429077, 'epoch': 67, 'trainer_step': 68000, 'iter_step': 74800}
2026-03-15 20:17:47,180 [DESKTOP-H93RLBF:11400] [INFO] {'train_loss': 0.1522517804056406, 'train_time': 0.4992287481725216, 'train_general_step_dur': 0.12781318235397338, 'epoch': 67, 'trainer_step': 68000, 'iter_step': 74800}
2026-03-15 20:18:21,907 [DESKTOP-H93RLBF:11400] [INFO] {'iter_loss': 0.15875602342188358, 'iter_time': 0.5162126794457436, 'iter_general_step_dur': 0.12888785362243652, 'epoch': 68, 'trainer_step': 68100, 'iter_step': 74900}
2026-03-15 20:18:56,430 [DESKTOP-H93RLBF:11400] [INFO] {'iter_loss': 0.14567893043160438, 'iter_time': 0.49542063027620314, 'iter_general_step_dur': 0.12820766925811766, 'epoch': 68, 'trainer_step': 68200, 'iter_step': 75000}
2026-03-15 20:19:31,239 [DESKTOP-H93RLBF:11400] [INFO] {'iter_loss': 0.15041083298623562, 'iter_time': 0.5041871657967567, 'iter_general_step_dur': 0.12724741220474242, 'epoch': 68, 'trainer_step': 68300, 'iter_step': 75100}
2026-03-15 20:20:06,149 [DESKTOP-H93RLBF:11400] [INFO] {'iter_loss': 0.1499762323498726, 'iter_time': 0.5043522915244103, 'iter_general_step_dur': 0.12785485982894898, 'epoch': 68, 'trainer_step': 68400, 'iter_step': 75200}
2026-03-15 20:20:41,205 [DESKTOP-H93RLBF:11400] [INFO] {'iter_loss': 0.15309654012322427, 'iter_time': 0.4936976879835129, 'iter_general_step_dur': 0.12711960554122925, 'epoch': 68, 'trainer_step': 68500, 'iter_step': 75300}
2026-03-15 20:21:16,288 [DESKTOP-H93RLBF:11400] [INFO] {'iter_loss': 0.1501042764633894, 'iter_time': 0.5013950276374817, 'iter_general_step_dur': 0.12882843732833862, 'epoch': 68, 'trainer_step': 68600, 'iter_step': 75400}
2026-03-15 20:21:51,173 [DESKTOP-H93RLBF:11400] [INFO] {'iter_loss': 0.15122966058552265, 'iter_time': 0.4933334097266197, 'iter_general_step_dur': 0.1291247534751892, 'epoch': 68, 'trainer_step': 68700, 'iter_step': 75500}
2026-03-15 20:22:25,249 [DESKTOP-H93RLBF:11400] [INFO] {'iter_loss': 0.14984670519828797, 'iter_time': 0.5019963777065277, 'iter_general_step_dur': 0.12794891357421875, 'epoch': 68, 'trainer_step': 68800, 'iter_step': 75600}
2026-03-15 20:22:59,277 [DESKTOP-H93RLBF:11400] [INFO] {'iter_loss': 0.15513746187090874, 'iter_time': 0.4968716239929199, 'iter_general_step_dur': 0.12874937295913697, 'epoch': 68, 'trainer_step': 68900, 'iter_step': 75700}
2026-03-15 20:23:33,047 [DESKTOP-H93RLBF:11400] [INFO] {'iter_loss': 0.15207014359533788, 'iter_time': 0.4980813872814178, 'iter_general_step_dur': 0.12871538162231444, 'epoch': 68, 'trainer_step': 69000, 'iter_step': 75800}
2026-03-15 20:23:45,631 [DESKTOP-H93RLBF:11400] [INFO] {'val_loss': 0.15233470998704435, 'val_time': 0.509244079887867, 'val_general_step_dur': 0.1230428671836853, 'epoch': 68, 'trainer_step': 69000, 'iter_step': 75900}
2026-03-15 20:23:45,635 [DESKTOP-H93RLBF:11400] [INFO] {'train_loss': 0.1516306807026267, 'train_time': 0.5005548281371593, 'train_general_step_dur': 0.12826842594146728, 'epoch': 68, 'trainer_step': 69000, 'iter_step': 75900}
2026-03-15 20:24:19,905 [DESKTOP-H93RLBF:11400] [INFO] {'iter_loss': 0.14128399036824704, 'iter_time': 0.48677064388990404, 'iter_general_step_dur': 0.12795590877532959, 'epoch': 69, 'trainer_step': 69100, 'iter_step': 76000}
2026-03-15 20:24:53,767 [DESKTOP-H93RLBF:11400] [INFO] {'iter_loss': 0.14766054041683674, 'iter_time': 0.4939643132686615, 'iter_general_step_dur': 0.1280530548095703, 'epoch': 69, 'trainer_step': 69200, 'iter_step': 76100}
2026-03-15 20:25:27,344 [DESKTOP-H93RLBF:11400] [INFO] {'iter_loss': 0.14821169212460517, 'iter_time': 0.494443718791008, 'iter_general_step_dur': 0.1278523826599121, 'epoch': 69, 'trainer_step': 69300, 'iter_step': 76200}
2026-03-15 20:26:01,070 [DESKTOP-H93RLBF:11400] [INFO] {'iter_loss': 0.1499918907880783, 'iter_time': 0.5067685130238533, 'iter_general_step_dur': 0.12615640640258788, 'epoch': 69, 'trainer_step': 69400, 'iter_step': 76300}
2026-03-15 20:26:34,756 [DESKTOP-H93RLBF:11400] [INFO] {'iter_loss': 0.14846006035804749, 'iter_time': 0.501469649374485, 'iter_general_step_dur': 0.12568211555480957, 'epoch': 69, 'trainer_step': 69500, 'iter_step': 76400}
2026-03-15 20:27:08,717 [DESKTOP-H93RLBF:11400] [INFO] {'iter_loss': 0.14630221217870712, 'iter_time': 0.5021674859523774, 'iter_general_step_dur': 0.12699236392974853, 'epoch': 69, 'trainer_step': 69600, 'iter_step': 76500}
2026-03-15 20:27:42,542 [DESKTOP-H93RLBF:11400] [INFO] {'iter_loss': 0.1547880484163761, 'iter_time': 0.5014803507924079, 'iter_general_step_dur': 0.12702084541320802, 'epoch': 69, 'trainer_step': 69700, 'iter_step': 76600}
2026-03-15 20:28:16,394 [DESKTOP-H93RLBF:11400] [INFO] {'iter_loss': 0.1430616506934166, 'iter_time': 0.48976231426000594, 'iter_general_step_dur': 0.12748467922210693, 'epoch': 69, 'trainer_step': 69800, 'iter_step': 76700}
2026-03-15 20:28:50,178 [DESKTOP-H93RLBF:11400] [INFO] {'iter_loss': 0.14138847269117832, 'iter_time': 0.48691230833530424, 'iter_general_step_dur': 0.12716150760650635, 'epoch': 69, 'trainer_step': 69900, 'iter_step': 76800}
2026-03-15 20:29:23,726 [DESKTOP-H93RLBF:11400] [INFO] {'iter_loss': 0.1472515807300806, 'iter_time': 0.49512897938489914, 'iter_general_step_dur': 0.12740384817123412, 'epoch': 69, 'trainer_step': 70000, 'iter_step': 76900}
2026-03-15 20:29:36,246 [DESKTOP-H93RLBF:11400] [INFO] {'val_loss': 0.14290254406630992, 'val_time': 0.4927779304981232, 'val_general_step_dur': 0.12272590160369873, 'epoch': 69, 'trainer_step': 70000, 'iter_step': 77000}
2026-03-15 20:29:36,248 [DESKTOP-H93RLBF:11400] [INFO] {'train_loss': 0.14684001387655735, 'train_time': 0.49588682770729064, 'train_general_step_dur': 0.12717631125450135, 'epoch': 69, 'trainer_step': 70000, 'iter_step': 77000}
2026-03-15 20:30:10,429 [DESKTOP-H93RLBF:11400] [INFO] {'iter_loss': 0.14784059599041938, 'iter_time': 0.5018850788474083, 'iter_general_step_dur': 0.12782143592834472, 'epoch': 70, 'trainer_step': 70100, 'iter_step': 77100}
2026-03-15 20:30:44,082 [DESKTOP-H93RLBF:11400] [INFO] {'iter_loss': 0.15163325041532516, 'iter_time': 0.5057676839828491, 'iter_general_step_dur': 0.12931174516677857, 'epoch': 70, 'trainer_step': 70200, 'iter_step': 77200}
2026-03-15 20:31:17,883 [DESKTOP-H93RLBF:11400] [INFO] {'iter_loss': 0.15246576324105263, 'iter_time': 0.4936115962266922, 'iter_general_step_dur': 0.12820579767227172, 'epoch': 70, 'trainer_step': 70300, 'iter_step': 77300}
2026-03-15 20:31:51,989 [DESKTOP-H93RLBF:11400] [INFO] {'iter_loss': 0.14685274727642536, 'iter_time': 0.5072234612703324, 'iter_general_step_dur': 0.1276510763168335, 'epoch': 70, 'trainer_step': 70400, 'iter_step': 77400}
2026-03-15 20:32:25,833 [DESKTOP-H93RLBF:11400] [INFO] {'iter_loss': 0.15013395875692367, 'iter_time': 0.5022613418102264, 'iter_general_step_dur': 0.1258760118484497, 'epoch': 70, 'trainer_step': 70500, 'iter_step': 77500}
2026-03-15 20:32:59,910 [DESKTOP-H93RLBF:11400] [INFO] {'iter_loss': 0.15291633144021033, 'iter_time': 0.5119860523939133, 'iter_general_step_dur': 0.1268212938308716, 'epoch': 70, 'trainer_step': 70600, 'iter_step': 77600}
2026-03-15 20:33:33,597 [DESKTOP-H93RLBF:11400] [INFO] {'iter_loss': 0.14785673014819622, 'iter_time': 0.49809483498334883, 'iter_general_step_dur': 0.12887075185775757, 'epoch': 70, 'trainer_step': 70700, 'iter_step': 77700}
2026-03-15 20:34:07,056 [DESKTOP-H93RLBF:11400] [INFO] {'iter_loss': 0.14480472341179848, 'iter_time': 0.48889377027750014, 'iter_general_step_dur': 0.12830584287643432, 'epoch': 70, 'trainer_step': 70800, 'iter_step': 77800}
2026-03-15 20:34:40,773 [DESKTOP-H93RLBF:11400] [INFO] {'iter_loss': 0.15051666624844073, 'iter_time': 0.5008508399128914, 'iter_general_step_dur': 0.12760147094726562, 'epoch': 70, 'trainer_step': 70900, 'iter_step': 77900}
2026-03-15 20:35:14,359 [DESKTOP-H93RLBF:11400] [INFO] {'iter_loss': 0.14237084306776523, 'iter_time': 0.49254309058189394, 'iter_general_step_dur': 0.12714048147201537, 'epoch': 70, 'trainer_step': 71000, 'iter_step': 78000}
2026-03-15 20:35:26,959 [DESKTOP-H93RLBF:11400] [INFO] {'val_loss': 0.1399589404463768, 'val_time': 0.48162354111671446, 'val_general_step_dur': 0.12342858791351319, 'epoch': 70, 'trainer_step': 71000, 'iter_step': 78100}
2026-03-15 20:35:26,961 [DESKTOP-H93RLBF:11400] [INFO] {'train_loss': 0.14873916099965573, 'train_time': 0.5003117750287056, 'train_general_step_dur': 0.12776059079170227, 'epoch': 70, 'trainer_step': 71000, 'iter_step': 78100}
2026-03-15 20:36:00,878 [DESKTOP-H93RLBF:11400] [INFO] {'iter_loss': 0.14981668941676618, 'iter_time': 0.48841159880161283, 'iter_general_step_dur': 0.12701806783676148, 'epoch': 71, 'trainer_step': 71100, 'iter_step': 78200}
2026-03-15 20:36:34,334 [DESKTOP-H93RLBF:11400] [INFO] {'iter_loss': 0.14933837704360486, 'iter_time': 0.4980399426817894, 'iter_general_step_dur': 0.12693392992019653, 'epoch': 71, 'trainer_step': 71200, 'iter_step': 78300}
2026-03-15 20:37:07,948 [DESKTOP-H93RLBF:11400] [INFO] {'iter_loss': 0.1440664555132389, 'iter_time': 0.4820093137025833, 'iter_general_step_dur': 0.12822019577026367, 'epoch': 71, 'trainer_step': 71300, 'iter_step': 78400}
2026-03-15 20:37:41,336 [DESKTOP-H93RLBF:11400] [INFO] {'iter_loss': 0.15242455013096332, 'iter_time': 0.5099105703830719, 'iter_general_step_dur': 0.1272536826133728, 'epoch': 71, 'trainer_step': 71400, 'iter_step': 78500}
2026-03-15 20:38:15,266 [DESKTOP-H93RLBF:11400] [INFO] {'iter_loss': 0.15347861021757125, 'iter_time': 0.5025305059552193, 'iter_general_step_dur': 0.12641603469848633, 'epoch': 71, 'trainer_step': 71500, 'iter_step': 78600}
2026-03-15 20:38:48,809 [DESKTOP-H93RLBF:11400] [INFO] {'iter_loss': 0.15244070373475552, 'iter_time': 0.508146695792675, 'iter_general_step_dur': 0.12339252948760987, 'epoch': 71, 'trainer_step': 71600, 'iter_step': 78700}
2026-03-15 20:39:22,510 [DESKTOP-H93RLBF:11400] [INFO] {'iter_loss': 0.14771354869008063, 'iter_time': 0.5050112733244896, 'iter_general_step_dur': 0.12811966180801393, 'epoch': 71, 'trainer_step': 71700, 'iter_step': 78800}
2026-03-15 20:39:55,886 [DESKTOP-H93RLBF:11400] [INFO] {'iter_loss': 0.1484194575995207, 'iter_time': 0.5012120708823204, 'iter_general_step_dur': 0.12640158891677855, 'epoch': 71, 'trainer_step': 71800, 'iter_step': 78900}
2026-03-15 20:40:29,415 [DESKTOP-H93RLBF:11400] [INFO] {'iter_loss': 0.1455583167821169, 'iter_time': 0.4880263903737068, 'iter_general_step_dur': 0.1284579586982727, 'epoch': 71, 'trainer_step': 71900, 'iter_step': 79000}
2026-03-15 20:41:03,143 [DESKTOP-H93RLBF:11400] [INFO] {'iter_loss': 0.15463101543486119, 'iter_time': 0.4972828796505928, 'iter_general_step_dur': 0.12631934881210327, 'epoch': 71, 'trainer_step': 72000, 'iter_step': 79100}
2026-03-15 20:41:15,630 [DESKTOP-H93RLBF:11400] [INFO] {'val_loss': 0.14565854772925377, 'val_time': 0.5044879594445228, 'val_general_step_dur': 0.1222383165359497, 'epoch': 71, 'trainer_step': 72000, 'iter_step': 79200}
2026-03-15 20:41:15,632 [DESKTOP-H93RLBF:11400] [INFO] {'train_loss': 0.14978877245634795, 'train_time': 0.49805812415480616, 'train_general_step_dur': 0.1268532998561859, 'epoch': 71, 'trainer_step': 72000, 'iter_step': 79200}
2026-03-15 20:41:50,086 [DESKTOP-H93RLBF:11400] [INFO] {'iter_loss': 0.14743587486445903, 'iter_time': 0.4956973731517792, 'iter_general_step_dur': 0.12884628057479858, 'epoch': 72, 'trainer_step': 72100, 'iter_step': 79300}
2026-03-15 20:42:23,789 [DESKTOP-H93RLBF:11400] [INFO] {'iter_loss': 0.14576933570206166, 'iter_time': 0.4993911090493202, 'iter_general_step_dur': 0.12709815740585328, 'epoch': 72, 'trainer_step': 72200, 'iter_step': 79400}
2026-03-15 20:42:57,976 [DESKTOP-H93RLBF:11400] [INFO] {'iter_loss': 0.15465821027755738, 'iter_time': 0.5038002985715866, 'iter_general_step_dur': 0.12819055795669557, 'epoch': 72, 'trainer_step': 72300, 'iter_step': 79500}
2026-03-15 20:43:31,256 [DESKTOP-H93RLBF:11400] [INFO] {'iter_loss': 0.15319454871118068, 'iter_time': 0.49982081323862076, 'iter_general_step_dur': 0.12692183017730713, 'epoch': 72, 'trainer_step': 72400, 'iter_step': 79600}
2026-03-15 20:44:04,817 [DESKTOP-H93RLBF:11400] [INFO] {'iter_loss': 0.15512534134089948, 'iter_time': 0.5094489082694054, 'iter_general_step_dur': 0.12645764350891114, 'epoch': 72, 'trainer_step': 72500, 'iter_step': 79700}
2026-03-15 20:44:38,701 [DESKTOP-H93RLBF:11400] [INFO] {'iter_loss': 0.1504645223915577, 'iter_time': 0.5068440559506416, 'iter_general_step_dur': 0.12681887149810792, 'epoch': 72, 'trainer_step': 72600, 'iter_step': 79800}
2026-03-15 20:45:12,515 [DESKTOP-H93RLBF:11400] [INFO] {'iter_loss': 0.15507592380046845, 'iter_time': 0.4977641946077347, 'iter_general_step_dur': 0.12746837377548217, 'epoch': 72, 'trainer_step': 72700, 'iter_step': 79900}
2026-03-15 20:45:46,110 [DESKTOP-H93RLBF:11400] [INFO] {'iter_loss': 0.15297944977879524, 'iter_time': 0.5118134477734566, 'iter_general_step_dur': 0.1279227352142334, 'epoch': 72, 'trainer_step': 72800, 'iter_step': 80000}
2026-03-15 20:46:19,739 [DESKTOP-H93RLBF:11400] [INFO] {'iter_loss': 0.15158332861959933, 'iter_time': 0.5119129326939583, 'iter_general_step_dur': 0.12742233037948608, 'epoch': 72, 'trainer_step': 72900, 'iter_step': 80100}
2026-03-15 20:46:53,661 [DESKTOP-H93RLBF:11400] [INFO] {'iter_loss': 0.14816382117569446, 'iter_time': 0.5039090150594712, 'iter_general_step_dur': 0.12784809589385987, 'epoch': 72, 'trainer_step': 73000, 'iter_step': 80200}
2026-03-15 20:47:06,123 [DESKTOP-H93RLBF:11400] [INFO] {'val_loss': 0.1472171749919653, 'val_time': 0.5010806447267533, 'val_general_step_dur': 0.12207988023757935, 'epoch': 72, 'trainer_step': 73000, 'iter_step': 80300}
2026-03-15 20:47:06,125 [DESKTOP-H93RLBF:11400] [INFO] {'train_loss': 0.15144503566622733, 'train_time': 0.5040402148365974, 'train_general_step_dur': 0.12749948763847352, 'epoch': 72, 'trainer_step': 73000, 'iter_step': 80300}
2026-03-15 20:47:40,341 [DESKTOP-H93RLBF:11400] [INFO] {'iter_loss': 0.14687067277729512, 'iter_time': 0.4934749072790146, 'iter_general_step_dur': 0.12695930480957032, 'epoch': 73, 'trainer_step': 73100, 'iter_step': 80400}
2026-03-15 20:48:14,080 [DESKTOP-H93RLBF:11400] [INFO] {'iter_loss': 0.16025939770042896, 'iter_time': 0.5155716606974602, 'iter_general_step_dur': 0.1272763180732727, 'epoch': 73, 'trainer_step': 73200, 'iter_step': 80500}
2026-03-15 20:48:47,989 [DESKTOP-H93RLBF:11400] [INFO] {'iter_loss': 0.14918103821575643, 'iter_time': 0.4988994726538658, 'iter_general_step_dur': 0.1271308207511902, 'epoch': 73, 'trainer_step': 73300, 'iter_step': 80600}
2026-03-15 20:49:21,440 [DESKTOP-H93RLBF:11400] [INFO] {'iter_loss': 0.1543199498206377, 'iter_time': 0.5138072341680526, 'iter_general_step_dur': 0.1273579478263855, 'epoch': 73, 'trainer_step': 73400, 'iter_step': 80700}
2026-03-15 20:49:54,814 [DESKTOP-H93RLBF:11400] [INFO] {'iter_loss': 0.14656525947153567, 'iter_time': 0.4954759883880615, 'iter_general_step_dur': 0.12684450149536133, 'epoch': 73, 'trainer_step': 73500, 'iter_step': 80800}
2026-03-15 20:50:28,783 [DESKTOP-H93RLBF:11400] [INFO] {'iter_loss': 0.14608759962022305, 'iter_time': 0.4967765510082245, 'iter_general_step_dur': 0.12634864330291748, 'epoch': 73, 'trainer_step': 73600, 'iter_step': 80900}
2026-03-15 20:51:02,387 [DESKTOP-H93RLBF:11400] [INFO] {'iter_loss': 0.15176952853798867, 'iter_time': 0.5050840952992439, 'iter_general_step_dur': 0.124697744846344, 'epoch': 73, 'trainer_step': 73700, 'iter_step': 81000}
2026-03-15 20:51:35,855 [DESKTOP-H93RLBF:11400] [INFO] {'iter_loss': 0.14552355416119098, 'iter_time': 0.4966209596395493, 'iter_general_step_dur': 0.12713414192199707, 'epoch': 73, 'trainer_step': 73800, 'iter_step': 81100}
2026-03-15 20:52:09,463 [DESKTOP-H93RLBF:11400] [INFO] {'iter_loss': 0.14257985599339007, 'iter_time': 0.5022983253002167, 'iter_general_step_dur': 0.1270352530479431, 'epoch': 73, 'trainer_step': 73900, 'iter_step': 81200}
2026-03-15 20:52:43,697 [DESKTOP-H93RLBF:11400] [INFO] {'iter_loss': 0.14662916898727418, 'iter_time': 0.503207166492939, 'iter_general_step_dur': 0.12826969385147094, 'epoch': 73, 'trainer_step': 74000, 'iter_step': 81300}
2026-03-15 20:52:56,150 [DESKTOP-H93RLBF:11400] [INFO] {'val_loss': 0.14802365094423295, 'val_time': 0.5057190781831742, 'val_general_step_dur': 0.12189198017120362, 'epoch': 73, 'trainer_step': 74000, 'iter_step': 81400}
2026-03-15 20:52:56,152 [DESKTOP-H93RLBF:11400] [INFO] {'train_loss': 0.1489786025285721, 'train_time': 0.5021216360926628, 'train_general_step_dur': 0.12690543699264525, 'epoch': 73, 'trainer_step': 74000, 'iter_step': 81400}
2026-03-15 20:53:30,277 [DESKTOP-H93RLBF:11400] [INFO] {'iter_loss': 0.1483924052864313, 'iter_time': 0.4922989684343338, 'iter_general_step_dur': 0.1279234504699707, 'epoch': 74, 'trainer_step': 74100, 'iter_step': 81500}
2026-03-15 20:54:03,991 [DESKTOP-H93RLBF:11400] [INFO] {'iter_loss': 0.14392384059727192, 'iter_time': 0.49223767310380934, 'iter_general_step_dur': 0.1298031449317932, 'epoch': 74, 'trainer_step': 74200, 'iter_step': 81600}
2026-03-15 20:54:38,107 [DESKTOP-H93RLBF:11400] [INFO] {'iter_loss': 0.14070331946015358, 'iter_time': 0.4993504336476326, 'iter_general_step_dur': 0.1292334032058716, 'epoch': 74, 'trainer_step': 74300, 'iter_step': 81700}
2026-03-15 20:55:11,721 [DESKTOP-H93RLBF:11400] [INFO] {'iter_loss': 0.1379484798014164, 'iter_time': 0.4930047704279423, 'iter_general_step_dur': 0.12809874534606933, 'epoch': 74, 'trainer_step': 74400, 'iter_step': 81800}
2026-03-15 20:55:45,373 [DESKTOP-H93RLBF:11400] [INFO] {'iter_loss': 0.15042299672961235, 'iter_time': 0.5005190742015838, 'iter_general_step_dur': 0.12732657194137573, 'epoch': 74, 'trainer_step': 74500, 'iter_step': 81900}
2026-03-15 20:56:19,059 [DESKTOP-H93RLBF:11400] [INFO] {'iter_loss': 0.13805210322141648, 'iter_time': 0.49296813160181047, 'iter_general_step_dur': 0.12523599863052368, 'epoch': 74, 'trainer_step': 74600, 'iter_step': 82000}
2026-03-15 20:56:52,727 [DESKTOP-H93RLBF:11400] [INFO] {'iter_loss': 0.14388283535838128, 'iter_time': 0.49228641897439956, 'iter_general_step_dur': 0.12663246631622316, 'epoch': 74, 'trainer_step': 74700, 'iter_step': 82100}
2026-03-15 20:57:26,558 [DESKTOP-H93RLBF:11400] [INFO] {'iter_loss': 0.1415317154675722, 'iter_time': 0.5032056879997253, 'iter_general_step_dur': 0.1267189836502075, 'epoch': 74, 'trainer_step': 74800, 'iter_step': 82200}
2026-03-15 20:58:00,055 [DESKTOP-H93RLBF:11400] [INFO] {'iter_loss': 0.14124366521835327, 'iter_time': 0.4911497694253921, 'iter_general_step_dur': 0.12644904375076294, 'epoch': 74, 'trainer_step': 74900, 'iter_step': 82300}
2026-03-15 20:58:34,018 [DESKTOP-H93RLBF:11400] [INFO] {'iter_loss': 0.14619990967214108, 'iter_time': 0.49164580076932907, 'iter_general_step_dur': 0.12674453020095824, 'epoch': 74, 'trainer_step': 75000, 'iter_step': 82400}
2026-03-15 20:58:46,312 [DESKTOP-H93RLBF:11400] [INFO] {'val_loss': 0.14407379686832428, 'val_time': 0.4966284731030464, 'val_general_step_dur': 0.12043173551559448, 'epoch': 74, 'trainer_step': 75000, 'iter_step': 82500}
2026-03-15 20:58:46,314 [DESKTOP-H93RLBF:11400] [INFO] {'train_loss': 0.143230127081275, 'train_time': 0.49486667285859587, 'train_general_step_dur': 0.1274166338443756, 'epoch': 74, 'trainer_step': 75000, 'iter_step': 82500}
2026-03-15 20:59:20,436 [DESKTOP-H93RLBF:11400] [INFO] {'iter_loss': 0.1430636655539274, 'iter_time': 0.4950175222754478, 'iter_general_step_dur': 0.12734742641448973, 'epoch': 75, 'trainer_step': 75100, 'iter_step': 82600}
2026-03-15 20:59:54,042 [DESKTOP-H93RLBF:11400] [INFO] {'iter_loss': 0.141399400010705, 'iter_time': 0.49990041971206667, 'iter_general_step_dur': 0.12822998046875, 'epoch': 75, 'trainer_step': 75200, 'iter_step': 82700}
2026-03-15 21:00:27,906 [DESKTOP-H93RLBF:11400] [INFO] {'iter_loss': 0.14150935493409633, 'iter_time': 0.5074942234158516, 'iter_general_step_dur': 0.12662861585617066, 'epoch': 75, 'trainer_step': 75300, 'iter_step': 82800}
2026-03-15 21:01:01,807 [DESKTOP-H93RLBF:11400] [INFO] {'iter_loss': 0.1454104033112526, 'iter_time': 0.497718742787838, 'iter_general_step_dur': 0.12907611846923828, 'epoch': 75, 'trainer_step': 75400, 'iter_step': 82900}
2026-03-15 21:01:35,710 [DESKTOP-H93RLBF:11400] [INFO] {'iter_loss': 0.14339467011392115, 'iter_time': 0.5007805389165878, 'iter_general_step_dur': 0.1288271427154541, 'epoch': 75, 'trainer_step': 75500, 'iter_step': 83000}
2026-03-15 21:02:09,729 [DESKTOP-H93RLBF:11400] [INFO] {'iter_loss': 0.13808648735284806, 'iter_time': 0.49070598632097245, 'iter_general_step_dur': 0.1265676188468933, 'epoch': 75, 'trainer_step': 75600, 'iter_step': 83100}
2026-03-15 21:02:43,509 [DESKTOP-H93RLBF:11400] [INFO] {'iter_loss': 0.15191509298980235, 'iter_time': 0.5026115813851356, 'iter_general_step_dur': 0.12623634815216064, 'epoch': 75, 'trainer_step': 75700, 'iter_step': 83200}
2026-03-15 21:03:17,174 [DESKTOP-H93RLBF:11400] [INFO] {'iter_loss': 0.15012617468833922, 'iter_time': 0.4956773969531059, 'iter_general_step_dur': 0.12729995012283324, 'epoch': 75, 'trainer_step': 75800, 'iter_step': 83300}
2026-03-15 21:03:51,030 [DESKTOP-H93RLBF:11400] [INFO] {'iter_loss': 0.14939735256135464, 'iter_time': 0.5079488268494606, 'iter_general_step_dur': 0.12738611459732055, 'epoch': 75, 'trainer_step': 75900, 'iter_step': 83400}
2026-03-15 21:04:24,823 [DESKTOP-H93RLBF:11400] [INFO] {'iter_loss': 0.14705957241356374, 'iter_time': 0.5046251538395882, 'iter_general_step_dur': 0.1286259388923645, 'epoch': 75, 'trainer_step': 76000, 'iter_step': 83500}
2026-03-15 21:04:37,287 [DESKTOP-H93RLBF:11400] [INFO] {'val_loss': 0.13793427176773548, 'val_time': 0.49138729602098463, 'val_general_step_dur': 0.12167795181274414, 'epoch': 75, 'trainer_step': 76000, 'iter_step': 83600}
2026-03-15 21:04:37,289 [DESKTOP-H93RLBF:11400] [INFO] {'train_loss': 0.14513621739298105, 'train_time': 0.5002480392456055, 'train_general_step_dur': 0.1276225254535675, 'epoch': 75, 'trainer_step': 76000, 'iter_step': 83600}
2026-03-15 21:05:11,349 [DESKTOP-H93RLBF:11400] [INFO] {'iter_loss': 0.14651922591030597, 'iter_time': 0.48582862943410876, 'iter_general_step_dur': 0.1265339207649231, 'epoch': 76, 'trainer_step': 76100, 'iter_step': 83700}
2026-03-15 21:05:44,594 [DESKTOP-H93RLBF:11400] [INFO] {'iter_loss': 0.14587093904614448, 'iter_time': 0.49620053350925447, 'iter_general_step_dur': 0.12693625211715698, 'epoch': 76, 'trainer_step': 76200, 'iter_step': 83800}
2026-03-15 21:06:18,509 [DESKTOP-H93RLBF:11400] [INFO] {'iter_loss': 0.15634208016097545, 'iter_time': 0.4990909463167191, 'iter_general_step_dur': 0.1272740125656128, 'epoch': 76, 'trainer_step': 76300, 'iter_step': 83900}
2026-03-15 21:06:52,643 [DESKTOP-H93RLBF:11400] [INFO] {'iter_loss': 0.1432726400345564, 'iter_time': 0.49832223951816557, 'iter_general_step_dur': 0.12729732275009156, 'epoch': 76, 'trainer_step': 76400, 'iter_step': 84000}
2026-03-15 21:07:26,060 [DESKTOP-H93RLBF:11400] [INFO] {'iter_loss': 0.14765014223754405, 'iter_time': 0.5020267516374588, 'iter_general_step_dur': 0.12767967462539673, 'epoch': 76, 'trainer_step': 76500, 'iter_step': 84100}
2026-03-15 21:08:00,009 [DESKTOP-H93RLBF:11400] [INFO] {'iter_loss': 0.13866420432925225, 'iter_time': 0.4983832463622093, 'iter_general_step_dur': 0.12673757553100587, 'epoch': 76, 'trainer_step': 76600, 'iter_step': 84200}
2026-03-15 21:08:34,036 [DESKTOP-H93RLBF:11400] [INFO] {'iter_loss': 0.14104855477809905, 'iter_time': 0.4898411273956299, 'iter_general_step_dur': 0.12603553533554077, 'epoch': 76, 'trainer_step': 76700, 'iter_step': 84300}
2026-03-15 21:09:08,040 [DESKTOP-H93RLBF:11400] [INFO] {'iter_loss': 0.14573884174227714, 'iter_time': 0.49455337584018705, 'iter_general_step_dur': 0.12634486436843873, 'epoch': 76, 'trainer_step': 76800, 'iter_step': 84400}
2026-03-15 21:09:41,668 [DESKTOP-H93RLBF:11400] [INFO] {'iter_loss': 0.13722618371248246, 'iter_time': 0.48819582104682924, 'iter_general_step_dur': 0.12501609086990356, 'epoch': 76, 'trainer_step': 76900, 'iter_step': 84500}
2026-03-15 21:10:15,122 [DESKTOP-H93RLBF:11400] [INFO] {'iter_loss': 0.14999687016010285, 'iter_time': 0.5096802958846092, 'iter_general_step_dur': 0.1268384027481079, 'epoch': 76, 'trainer_step': 77000, 'iter_step': 84600}
2026-03-15 21:10:27,682 [DESKTOP-H93RLBF:11400] [INFO] {'val_loss': 0.14550224512815477, 'val_time': 0.503204597234726, 'val_general_step_dur': 0.1229172682762146, 'epoch': 76, 'trainer_step': 77000, 'iter_step': 84700}
2026-03-15 21:10:27,684 [DESKTOP-H93RLBF:11400] [INFO] {'train_loss': 0.145232968211174, 'train_time': 0.49621229669451716, 'train_general_step_dur': 0.1266693651676178, 'epoch': 76, 'trainer_step': 77000, 'iter_step': 84700}
2026-03-15 21:11:02,475 [DESKTOP-H93RLBF:11400] [INFO] {'iter_loss': 0.14738537952303887, 'iter_time': 0.5085633504390716, 'iter_general_step_dur': 0.12936897516250612, 'epoch': 77, 'trainer_step': 77100, 'iter_step': 84800}
2026-03-15 21:11:36,224 [DESKTOP-H93RLBF:11400] [INFO] {'iter_loss': 0.15361527405679226, 'iter_time': 0.49972945034503935, 'iter_general_step_dur': 0.12926033973693848, 'epoch': 77, 'trainer_step': 77200, 'iter_step': 84900}
2026-03-15 21:12:10,275 [DESKTOP-H93RLBF:11400] [INFO] {'iter_loss': 0.14325900316238405, 'iter_time': 0.492750686109066, 'iter_general_step_dur': 0.12744885683059692, 'epoch': 77, 'trainer_step': 77300, 'iter_step': 85000}
2026-03-15 21:12:44,187 [DESKTOP-H93RLBF:11400] [INFO] {'iter_loss': 0.13615848533809186, 'iter_time': 0.49073497116565706, 'iter_general_step_dur': 0.12741023302078247, 'epoch': 77, 'trainer_step': 77400, 'iter_step': 85100}
2026-03-15 21:13:17,571 [DESKTOP-H93RLBF:11400] [INFO] {'iter_loss': 0.15327633745968341, 'iter_time': 0.5072010022401809, 'iter_general_step_dur': 0.12777655839920044, 'epoch': 77, 'trainer_step': 77500, 'iter_step': 85200}
2026-03-15 21:13:51,240 [DESKTOP-H93RLBF:11400] [INFO] {'iter_loss': 0.146886757388711, 'iter_time': 0.4986796042323112, 'iter_general_step_dur': 0.1261688208580017, 'epoch': 77, 'trainer_step': 77600, 'iter_step': 85300}
2026-03-15 21:14:25,057 [DESKTOP-H93RLBF:11400] [INFO] {'iter_loss': 0.14978674866259098, 'iter_time': 0.4982213979959488, 'iter_general_step_dur': 0.1252828860282898, 'epoch': 77, 'trainer_step': 77700, 'iter_step': 85400}
2026-03-15 21:14:58,944 [DESKTOP-H93RLBF:11400] [INFO] {'iter_loss': 0.14770312674343586, 'iter_time': 0.4934684145450592, 'iter_general_step_dur': 0.12711927890777588, 'epoch': 77, 'trainer_step': 77800, 'iter_step': 85500}
2026-03-15 21:15:32,487 [DESKTOP-H93RLBF:11400] [INFO] {'iter_loss': 0.14082095250487328, 'iter_time': 0.5011140671372414, 'iter_general_step_dur': 0.12631797313690185, 'epoch': 77, 'trainer_step': 77900, 'iter_step': 85600}
2026-03-15 21:16:06,236 [DESKTOP-H93RLBF:11400] [INFO] {'iter_loss': 0.14594338789582254, 'iter_time': 0.5063184952735901, 'iter_general_step_dur': 0.12669659852981568, 'epoch': 77, 'trainer_step': 78000, 'iter_step': 85700}
2026-03-15 21:16:18,721 [DESKTOP-H93RLBF:11400] [INFO] {'val_loss': 0.14480431124567986, 'val_time': 0.5082193019986153, 'val_general_step_dur': 0.12226080894470215, 'epoch': 77, 'trainer_step': 78000, 'iter_step': 85800}
2026-03-15 21:16:18,724 [DESKTOP-H93RLBF:11400] [INFO] {'train_loss': 0.1464835452735424, 'train_time': 0.49967814394831656, 'train_general_step_dur': 0.12728505206108093, 'epoch': 77, 'trainer_step': 78000, 'iter_step': 85800}
2026-03-15 21:16:53,119 [DESKTOP-H93RLBF:11400] [INFO] {'iter_loss': 0.14316388972103597, 'iter_time': 0.4979705107212067, 'iter_general_step_dur': 0.1251081919670105, 'epoch': 78, 'trainer_step': 78100, 'iter_step': 85900}
2026-03-15 21:17:26,742 [DESKTOP-H93RLBF:11400] [INFO] {'iter_loss': 0.14244607105851173, 'iter_time': 0.49941684663295743, 'iter_general_step_dur': 0.12654729127883912, 'epoch': 78, 'trainer_step': 78200, 'iter_step': 86000}
2026-03-15 21:17:59,980 [DESKTOP-H93RLBF:11400] [INFO] {'iter_loss': 0.14514997288584708, 'iter_time': 0.4988504666090012, 'iter_general_step_dur': 0.12684269428253173, 'epoch': 78, 'trainer_step': 78300, 'iter_step': 86100}
2026-03-15 21:18:34,538 [DESKTOP-H93RLBF:11400] [INFO] {'iter_loss': 0.15348956950008869, 'iter_time': 0.500452076792717, 'iter_general_step_dur': 0.12924776077270508, 'epoch': 78, 'trainer_step': 78400, 'iter_step': 86200}
2026-03-15 21:19:09,360 [DESKTOP-H93RLBF:11400] [INFO] {'iter_loss': 0.14292539872229099, 'iter_time': 0.5068426871299744, 'iter_general_step_dur': 0.12915019035339356, 'epoch': 78, 'trainer_step': 78500, 'iter_step': 86300}
2026-03-15 21:19:44,707 [DESKTOP-H93RLBF:11400] [INFO] {'iter_loss': 0.1424008998274803, 'iter_time': 0.5060650706291199, 'iter_general_step_dur': 0.1280662441253662, 'epoch': 78, 'trainer_step': 78600, 'iter_step': 86400}
2026-03-15 21:20:20,175 [DESKTOP-H93RLBF:11400] [INFO] {'iter_loss': 0.14563484907150268, 'iter_time': 0.48999440133571626, 'iter_general_step_dur': 0.12761051654815675, 'epoch': 78, 'trainer_step': 78700, 'iter_step': 86500}
2026-03-15 21:20:55,222 [DESKTOP-H93RLBF:11400] [INFO] {'iter_loss': 0.14199651747941971, 'iter_time': 0.504173315167427, 'iter_general_step_dur': 0.12703675508499146, 'epoch': 78, 'trainer_step': 78800, 'iter_step': 86600}
2026-03-15 21:21:30,092 [DESKTOP-H93RLBF:11400] [INFO] {'iter_loss': 0.1413268804550171, 'iter_time': 0.5036646139621734, 'iter_general_step_dur': 0.12680577278137206, 'epoch': 78, 'trainer_step': 78900, 'iter_step': 86700}
2026-03-15 21:22:05,019 [DESKTOP-H93RLBF:11400] [INFO] {'iter_loss': 0.14288818277418613, 'iter_time': 0.501309409737587, 'iter_general_step_dur': 0.1288101601600647, 'epoch': 78, 'trainer_step': 79000, 'iter_step': 86800}
2026-03-15 21:22:17,678 [DESKTOP-H93RLBF:11400] [INFO] {'val_loss': 0.14237462878227233, 'val_time': 0.5009487628936767, 'val_general_step_dur': 0.12356534004211425, 'epoch': 78, 'trainer_step': 79000, 'iter_step': 86900}
2026-03-15 21:22:17,680 [DESKTOP-H93RLBF:11400] [INFO] {'train_loss': 0.14414222314953803, 'train_time': 0.5008739398717881, 'train_general_step_dur': 0.1275225577354431, 'epoch': 78, 'trainer_step': 79000, 'iter_step': 86900}
2026-03-15 21:22:52,939 [DESKTOP-H93RLBF:11400] [INFO] {'iter_loss': 0.1362471276521683, 'iter_time': 0.4940857577323914, 'iter_general_step_dur': 0.12912654399871826, 'epoch': 79, 'trainer_step': 79100, 'iter_step': 87000}
2026-03-15 21:23:26,535 [DESKTOP-H93RLBF:11400] [INFO] {'iter_loss': 0.1486002105474472, 'iter_time': 0.4930065363645554, 'iter_general_step_dur': 0.1264082098007202, 'epoch': 79, 'trainer_step': 79200, 'iter_step': 87100}
2026-03-15 21:24:00,352 [DESKTOP-H93RLBF:11400] [INFO] {'iter_loss': 0.15226228907704353, 'iter_time': 0.5097958609461785, 'iter_general_step_dur': 0.12508798122406006, 'epoch': 79, 'trainer_step': 79300, 'iter_step': 87200}
2026-03-15 21:24:33,776 [DESKTOP-H93RLBF:11400] [INFO] {'iter_loss': 0.14634933151304721, 'iter_time': 0.5004641678929329, 'iter_general_step_dur': 0.127781765460968, 'epoch': 79, 'trainer_step': 79400, 'iter_step': 87300}
2026-03-15 21:25:07,552 [DESKTOP-H93RLBF:11400] [INFO] {'iter_loss': 0.1539793172478676, 'iter_time': 0.5022393107414246, 'iter_general_step_dur': 0.12746362924575805, 'epoch': 79, 'trainer_step': 79500, 'iter_step': 87400}
2026-03-15 21:25:41,322 [DESKTOP-H93RLBF:11400] [INFO] {'iter_loss': 0.13833845615386964, 'iter_time': 0.5016788601875305, 'iter_general_step_dur': 0.12691015958786012, 'epoch': 79, 'trainer_step': 79600, 'iter_step': 87500}
2026-03-15 21:26:14,833 [DESKTOP-H93RLBF:11400] [INFO] {'iter_loss': 0.15118216387927533, 'iter_time': 0.509195798933506, 'iter_general_step_dur': 0.1257769560813904, 'epoch': 79, 'trainer_step': 79700, 'iter_step': 87600}
2026-03-15 21:26:48,521 [DESKTOP-H93RLBF:11400] [INFO] {'iter_loss': 0.13904703252017497, 'iter_time': 0.49713449507951735, 'iter_general_step_dur': 0.1255742645263672, 'epoch': 79, 'trainer_step': 79800, 'iter_step': 87700}
2026-03-15 21:27:22,096 [DESKTOP-H93RLBF:11400] [INFO] {'iter_loss': 0.13959311224520207, 'iter_time': 0.4957841181755066, 'iter_general_step_dur': 0.1268812608718872, 'epoch': 79, 'trainer_step': 79900, 'iter_step': 87800}
2026-03-15 21:27:55,603 [DESKTOP-H93RLBF:11400] [INFO] {'iter_loss': 0.14379480816423892, 'iter_time': 0.49365904480218886, 'iter_general_step_dur': 0.127201189994812, 'epoch': 79, 'trainer_step': 80000, 'iter_step': 87900}
2026-03-15 21:28:07,978 [DESKTOP-H93RLBF:11400] [INFO] {'val_loss': 0.13662531077861786, 'val_time': 0.5008232361078262, 'val_general_step_dur': 0.1211557912826538, 'epoch': 79, 'trainer_step': 80000, 'iter_step': 88000}
2026-03-15 21:28:07,980 [DESKTOP-H93RLBF:11400] [INFO] {'train_loss': 0.14493938490003347, 'train_time': 0.4997043950855732, 'train_general_step_dur': 0.12682119607925416, 'epoch': 79, 'trainer_step': 80000, 'iter_step': 88000}
2026-03-15 21:28:42,307 [DESKTOP-H93RLBF:11400] [INFO] {'iter_loss': 0.1430223473161459, 'iter_time': 0.4954776498675346, 'iter_general_step_dur': 0.13003377199172975, 'epoch': 80, 'trainer_step': 80100, 'iter_step': 88100}
2026-03-15 21:29:16,022 [DESKTOP-H93RLBF:11400] [INFO] {'iter_loss': 0.1412586782127619, 'iter_time': 0.5030469688773155, 'iter_general_step_dur': 0.1290374231338501, 'epoch': 80, 'trainer_step': 80200, 'iter_step': 88200}
2026-03-15 21:29:50,124 [DESKTOP-H93RLBF:11400] [INFO] {'iter_loss': 0.14081652328372002, 'iter_time': 0.49227339297533035, 'iter_general_step_dur': 0.1287682509422302, 'epoch': 80, 'trainer_step': 80300, 'iter_step': 88300}
2026-03-15 21:30:23,699 [DESKTOP-H93RLBF:11400] [INFO] {'iter_loss': 0.14267003558576108, 'iter_time': 0.5055926203727722, 'iter_general_step_dur': 0.12855488777160645, 'epoch': 80, 'trainer_step': 80400, 'iter_step': 88400}
2026-03-15 21:30:57,752 [DESKTOP-H93RLBF:11400] [INFO] {'iter_loss': 0.15323622070252896, 'iter_time': 0.5135289043188095, 'iter_general_step_dur': 0.1284354329109192, 'epoch': 80, 'trainer_step': 80500, 'iter_step': 88500}
2026-03-15 21:31:31,512 [DESKTOP-H93RLBF:11400] [INFO] {'iter_loss': 0.14936638742685318, 'iter_time': 0.5113881745934487, 'iter_general_step_dur': 0.1281663966178894, 'epoch': 80, 'trainer_step': 80600, 'iter_step': 88600}
2026-03-15 21:32:05,442 [DESKTOP-H93RLBF:11400] [INFO] {'iter_loss': 0.15146965846419336, 'iter_time': 0.5039249932765961, 'iter_general_step_dur': 0.12744797468185426, 'epoch': 80, 'trainer_step': 80700, 'iter_step': 88700}
2026-03-15 21:32:39,358 [DESKTOP-H93RLBF:11400] [INFO] {'iter_loss': 0.1405570062249899, 'iter_time': 0.4971669319272041, 'iter_general_step_dur': 0.12666163444519044, 'epoch': 80, 'trainer_step': 80800, 'iter_step': 88800}
2026-03-15 21:33:13,174 [DESKTOP-H93RLBF:11400] [INFO] {'iter_loss': 0.1457491857558489, 'iter_time': 0.4957758918404579, 'iter_general_step_dur': 0.12769758462905884, 'epoch': 80, 'trainer_step': 80900, 'iter_step': 88900}
2026-03-15 21:33:47,099 [DESKTOP-H93RLBF:11400] [INFO] {'iter_loss': 0.13941459245979787, 'iter_time': 0.48996584862470627, 'iter_general_step_dur': 0.1273736262321472, 'epoch': 80, 'trainer_step': 81000, 'iter_step': 89000}
2026-03-15 21:33:59,519 [DESKTOP-H93RLBF:11400] [INFO] {'val_loss': 0.1370524263381958, 'val_time': 0.4955429035425186, 'val_general_step_dur': 0.12168706178665162, 'epoch': 80, 'trainer_step': 81000, 'iter_step': 89100}
2026-03-15 21:33:59,521 [DESKTOP-H93RLBF:11400] [INFO] {'train_loss': 0.1447560635432601, 'train_time': 0.5008141376674176, 'train_general_step_dur': 0.12821769833564758, 'epoch': 80, 'trainer_step': 81000, 'iter_step': 89100}
2026-03-15 21:34:33,767 [DESKTOP-H93RLBF:11400] [INFO] {'iter_loss': 0.1420368130505085, 'iter_time': 0.5001357316970825, 'iter_general_step_dur': 0.12970290184020997, 'epoch': 81, 'trainer_step': 81100, 'iter_step': 89200}
2026-03-15 21:35:07,413 [DESKTOP-H93RLBF:11400] [INFO] {'iter_loss': 0.1340533808618784, 'iter_time': 0.4965931221842766, 'iter_general_step_dur': 0.1300701117515564, 'epoch': 81, 'trainer_step': 81200, 'iter_step': 89300}
2026-03-15 21:35:41,179 [DESKTOP-H93RLBF:11400] [INFO] {'iter_loss': 0.14486901126801968, 'iter_time': 0.49588108897209165, 'iter_general_step_dur': 0.12836676359176635, 'epoch': 81, 'trainer_step': 81300, 'iter_step': 89400}
2026-03-15 21:36:14,632 [DESKTOP-H93RLBF:11400] [INFO] {'iter_loss': 0.14853564865887164, 'iter_time': 0.4991287413239479, 'iter_general_step_dur': 0.12811017751693726, 'epoch': 81, 'trainer_step': 81400, 'iter_step': 89500}
2026-03-15 21:36:48,390 [DESKTOP-H93RLBF:11400] [INFO] {'iter_loss': 0.14090155184268952, 'iter_time': 0.49961807280778886, 'iter_general_step_dur': 0.12919921398162842, 'epoch': 81, 'trainer_step': 81500, 'iter_step': 89600}
2026-03-15 21:37:21,968 [DESKTOP-H93RLBF:11400] [INFO] {'iter_loss': 0.1402457170188427, 'iter_time': 0.5050029930472374, 'iter_general_step_dur': 0.12609010934829712, 'epoch': 81, 'trainer_step': 81600, 'iter_step': 89700}
2026-03-15 21:37:55,530 [DESKTOP-H93RLBF:11400] [INFO] {'iter_loss': 0.14191930070519448, 'iter_time': 0.49836599826812744, 'iter_general_step_dur': 0.12706873178482056, 'epoch': 81, 'trainer_step': 81700, 'iter_step': 89800}
2026-03-15 21:38:29,349 [DESKTOP-H93RLBF:11400] [INFO] {'iter_loss': 0.14558201007544994, 'iter_time': 0.49676287442445755, 'iter_general_step_dur': 0.12592735767364502, 'epoch': 81, 'trainer_step': 81800, 'iter_step': 89900}
2026-03-15 21:39:03,219 [DESKTOP-H93RLBF:11400] [INFO] {'iter_loss': 0.12989594757556916, 'iter_time': 0.4862655365467072, 'iter_general_step_dur': 0.1271319031715393, 'epoch': 81, 'trainer_step': 81900, 'iter_step': 90000}
2026-03-15 21:39:36,951 [DESKTOP-H93RLBF:11400] [INFO] {'iter_loss': 0.14810070365667344, 'iter_time': 0.5043734419345856, 'iter_general_step_dur': 0.12645381450653076, 'epoch': 81, 'trainer_step': 82000, 'iter_step': 90100}
2026-03-15 21:39:49,287 [DESKTOP-H93RLBF:11400] [INFO] {'val_loss': 0.13950341954827308, 'val_time': 0.49676481902599334, 'val_general_step_dur': 0.12105721712112427, 'epoch': 81, 'trainer_step': 82000, 'iter_step': 90200}
2026-03-15 21:39:49,289 [DESKTOP-H93RLBF:11400] [INFO] {'train_loss': 0.14161400847136973, 'train_time': 0.49821276012063026, 'train_general_step_dur': 0.1278121085166931, 'epoch': 81, 'trainer_step': 82000, 'iter_step': 90200}
2026-03-15 21:40:23,382 [DESKTOP-H93RLBF:11400] [INFO] {'iter_loss': 0.1454453582316637, 'iter_time': 0.5022791227698327, 'iter_general_step_dur': 0.1285502505302429, 'epoch': 82, 'trainer_step': 82100, 'iter_step': 90300}
2026-03-15 21:40:56,579 [DESKTOP-H93RLBF:11400] [INFO] {'iter_loss': 0.14905449107289315, 'iter_time': 0.5037095767259597, 'iter_general_step_dur': 0.1296379256248474, 'epoch': 82, 'trainer_step': 82200, 'iter_step': 90400}
2026-03-15 21:41:30,457 [DESKTOP-H93RLBF:11400] [INFO] {'iter_loss': 0.1459570325165987, 'iter_time': 0.5026146611571312, 'iter_general_step_dur': 0.12871877431869508, 'epoch': 82, 'trainer_step': 82300, 'iter_step': 90500}
2026-03-15 21:42:04,055 [DESKTOP-H93RLBF:11400] [INFO] {'iter_loss': 0.1399585038423538, 'iter_time': 0.5095795011520385, 'iter_general_step_dur': 0.12831758499145507, 'epoch': 82, 'trainer_step': 82400, 'iter_step': 90600}
2026-03-15 21:42:37,626 [DESKTOP-H93RLBF:11400] [INFO] {'iter_loss': 0.14846633575856685, 'iter_time': 0.5097821792960167, 'iter_general_step_dur': 0.12869092226028442, 'epoch': 82, 'trainer_step': 82500, 'iter_step': 90700}
2026-03-15 21:43:11,165 [DESKTOP-H93RLBF:11400] [INFO] {'iter_loss': 0.1376341125369072, 'iter_time': 0.4990064170956612, 'iter_general_step_dur': 0.12754880428314208, 'epoch': 82, 'trainer_step': 82600, 'iter_step': 90800}
2026-03-15 21:43:44,607 [DESKTOP-H93RLBF:11400] [INFO] {'iter_loss': 0.14502112671732903, 'iter_time': 0.49828163504600526, 'iter_general_step_dur': 0.12835723876953126, 'epoch': 82, 'trainer_step': 82700, 'iter_step': 90900}
2026-03-15 21:44:17,970 [DESKTOP-H93RLBF:11400] [INFO] {'iter_loss': 0.138059219494462, 'iter_time': 0.5014365774393081, 'iter_general_step_dur': 0.1274484872817993, 'epoch': 82, 'trainer_step': 82800, 'iter_step': 91000}
2026-03-15 21:44:51,646 [DESKTOP-H93RLBF:11400] [INFO] {'iter_loss': 0.14875212244689465, 'iter_time': 0.5121336209774018, 'iter_general_step_dur': 0.1267196536064148, 'epoch': 82, 'trainer_step': 82900, 'iter_step': 91100}
2026-03-15 21:45:25,879 [DESKTOP-H93RLBF:11400] [INFO] {'iter_loss': 0.1430440605431795, 'iter_time': 0.5006741619110108, 'iter_general_step_dur': 0.1268063950538635, 'epoch': 82, 'trainer_step': 83000, 'iter_step': 91200}
2026-03-15 21:45:38,285 [DESKTOP-H93RLBF:11400] [INFO] {'val_loss': 0.1346850395947695, 'val_time': 0.49853991985321044, 'val_general_step_dur': 0.12146582603454589, 'epoch': 82, 'trainer_step': 83000, 'iter_step': 91300}
2026-03-15 21:45:38,287 [DESKTOP-H93RLBF:11400] [INFO] {'train_loss': 0.14413923631608486, 'train_time': 0.5039497453570366, 'train_general_step_dur': 0.1280796036720276, 'epoch': 82, 'trainer_step': 83000, 'iter_step': 91300}
2026-03-15 21:46:12,162 [DESKTOP-H93RLBF:11400] [INFO] {'iter_loss': 0.13897937506437302, 'iter_time': 0.4970254090428352, 'iter_general_step_dur': 0.1284339427947998, 'epoch': 83, 'trainer_step': 83100, 'iter_step': 91400}
2026-03-15 21:46:45,910 [DESKTOP-H93RLBF:11400] [INFO] {'iter_loss': 0.1439021899551153, 'iter_time': 0.4902184462547302, 'iter_general_step_dur': 0.12917546749114991, 'epoch': 83, 'trainer_step': 83200, 'iter_step': 91500}
2026-03-15 21:47:20,013 [DESKTOP-H93RLBF:11400] [INFO] {'iter_loss': 0.14008982740342618, 'iter_time': 0.5011633667349815, 'iter_general_step_dur': 0.12707191467285156, 'epoch': 83, 'trainer_step': 83300, 'iter_step': 91600}
2026-03-15 21:47:53,594 [DESKTOP-H93RLBF:11400] [INFO] {'iter_loss': 0.15206320181488991, 'iter_time': 0.5170501667261124, 'iter_general_step_dur': 0.1297554326057434, 'epoch': 83, 'trainer_step': 83400, 'iter_step': 91700}
2026-03-15 21:48:27,368 [DESKTOP-H93RLBF:11400] [INFO] {'iter_loss': 0.14371416710317134, 'iter_time': 0.49975803911685945, 'iter_general_step_dur': 0.12771887302398682, 'epoch': 83, 'trainer_step': 83500, 'iter_step': 91800}
2026-03-15 21:49:01,299 [DESKTOP-H93RLBF:11400] [INFO] {'iter_loss': 0.13931947462260724, 'iter_time': 0.4938719329237938, 'iter_general_step_dur': 0.12732284307479858, 'epoch': 83, 'trainer_step': 83600, 'iter_step': 91900}
2026-03-15 21:49:35,380 [DESKTOP-H93RLBF:11400] [INFO] {'iter_loss': 0.12935103721916674, 'iter_time': 0.4872718212008476, 'iter_general_step_dur': 0.12798105001449586, 'epoch': 83, 'trainer_step': 83700, 'iter_step': 92000}
2026-03-15 21:50:09,074 [DESKTOP-H93RLBF:11400] [INFO] {'iter_loss': 0.14201008588075636, 'iter_time': 0.5054155233502388, 'iter_general_step_dur': 0.1275538659095764, 'epoch': 83, 'trainer_step': 83800, 'iter_step': 92100}
2026-03-15 21:50:42,841 [DESKTOP-H93RLBF:11400] [INFO] {'iter_loss': 0.14633025862276555, 'iter_time': 0.5050348329544068, 'iter_general_step_dur': 0.1261470365524292, 'epoch': 83, 'trainer_step': 83900, 'iter_step': 92200}
2026-03-15 21:51:16,645 [DESKTOP-H93RLBF:11400] [INFO] {'iter_loss': 0.13532231263816358, 'iter_time': 0.4917585900425911, 'iter_general_step_dur': 0.12711575269699096, 'epoch': 83, 'trainer_step': 84000, 'iter_step': 92300}
2026-03-15 21:51:29,009 [DESKTOP-H93RLBF:11400] [INFO] {'val_loss': 0.13924121990799904, 'val_time': 0.5082432588934899, 'val_general_step_dur': 0.12112086534500122, 'epoch': 83, 'trainer_step': 84000, 'iter_step': 92400}
2026-03-15 21:51:29,011 [DESKTOP-H93RLBF:11400] [INFO] {'train_loss': 0.1411081930324435, 'train_time': 0.4988568128347397, 'train_general_step_dur': 0.12782761788368224, 'epoch': 83, 'trainer_step': 84000, 'iter_step': 92400}
2026-03-15 21:52:02,973 [DESKTOP-H93RLBF:11400] [INFO] {'iter_loss': 0.14100927993655205, 'iter_time': 0.5031424531340599, 'iter_general_step_dur': 0.1274773120880127, 'epoch': 84, 'trainer_step': 84100, 'iter_step': 92500}
2026-03-15 21:52:36,331 [DESKTOP-H93RLBF:11400] [INFO] {'iter_loss': 0.14334180928766727, 'iter_time': 0.49976789951324463, 'iter_general_step_dur': 0.12638580799102783, 'epoch': 84, 'trainer_step': 84200, 'iter_step': 92600}
2026-03-15 21:53:10,182 [DESKTOP-H93RLBF:11400] [INFO] {'iter_loss': 0.14143275357782842, 'iter_time': 0.49223115742206575, 'iter_general_step_dur': 0.12491952896118164, 'epoch': 84, 'trainer_step': 84300, 'iter_step': 92700}
2026-03-15 21:53:43,507 [DESKTOP-H93RLBF:11400] [INFO] {'iter_loss': 0.13481775663793086, 'iter_time': 0.49707588642835615, 'iter_general_step_dur': 0.12635725736618042, 'epoch': 84, 'trainer_step': 84400, 'iter_step': 92800}
2026-03-15 21:54:16,859 [DESKTOP-H93RLBF:11400] [INFO] {'iter_loss': 0.13742477118968963, 'iter_time': 0.501091542840004, 'iter_general_step_dur': 0.12908829927444457, 'epoch': 84, 'trainer_step': 84500, 'iter_step': 92900}
2026-03-15 21:54:50,812 [DESKTOP-H93RLBF:11400] [INFO] {'iter_loss': 0.1462346089631319, 'iter_time': 0.5080223509669304, 'iter_general_step_dur': 0.1290505051612854, 'epoch': 84, 'trainer_step': 84600, 'iter_step': 93000}
2026-03-15 21:55:24,528 [DESKTOP-H93RLBF:11400] [INFO] {'iter_loss': 0.14428864642977715, 'iter_time': 0.5014230778813362, 'iter_general_step_dur': 0.12747588396072387, 'epoch': 84, 'trainer_step': 84700, 'iter_step': 93100}
2026-03-15 21:55:58,316 [DESKTOP-H93RLBF:11400] [INFO] {'iter_loss': 0.14095500759780408, 'iter_time': 0.49976450741291045, 'iter_general_step_dur': 0.12687347173690797, 'epoch': 84, 'trainer_step': 84800, 'iter_step': 93200}
2026-03-15 21:56:32,041 [DESKTOP-H93RLBF:11400] [INFO] {'iter_loss': 0.1323601245880127, 'iter_time': 0.4981440356373787, 'iter_general_step_dur': 0.12710259914398192, 'epoch': 84, 'trainer_step': 84900, 'iter_step': 93300}
2026-03-15 21:57:05,802 [DESKTOP-H93RLBF:11400] [INFO] {'iter_loss': 0.14737283684313296, 'iter_time': 0.5115853053331375, 'iter_general_step_dur': 0.12516328573226929, 'epoch': 84, 'trainer_step': 85000, 'iter_step': 93400}
2026-03-15 21:57:18,084 [DESKTOP-H93RLBF:11400] [INFO] {'val_loss': 0.14610306225717068, 'val_time': 0.509329981803894, 'val_general_step_dur': 0.12076771974563599, 'epoch': 84, 'trainer_step': 85000, 'iter_step': 93500}
2026-03-15 21:57:18,087 [DESKTOP-H93RLBF:11400] [INFO] {'train_loss': 0.1409237595051527, 'train_time': 0.5012248216569424, 'train_general_step_dur': 0.12698939514160157, 'epoch': 84, 'trainer_step': 85000, 'iter_step': 93500}
2026-03-15 21:57:52,229 [DESKTOP-H93RLBF:11400] [INFO] {'iter_loss': 0.14015480056405066, 'iter_time': 0.5005720204114914, 'iter_general_step_dur': 0.125293710231781, 'epoch': 85, 'trainer_step': 85100, 'iter_step': 93600}
2026-03-15 21:58:25,712 [DESKTOP-H93RLBF:11400] [INFO] {'iter_loss': 0.14811451964080333, 'iter_time': 0.5036324748396873, 'iter_general_step_dur': 0.12648265123367308, 'epoch': 85, 'trainer_step': 85200, 'iter_step': 93700}
2026-03-15 21:58:59,466 [DESKTOP-H93RLBF:11400] [INFO] {'iter_loss': 0.14206137232482433, 'iter_time': 0.5057564184069634, 'iter_general_step_dur': 0.12595831394195556, 'epoch': 85, 'trainer_step': 85300, 'iter_step': 93800}
2026-03-15 21:59:32,769 [DESKTOP-H93RLBF:11400] [INFO] {'iter_loss': 0.1392472867667675, 'iter_time': 0.49580204039812087, 'iter_general_step_dur': 0.12772793769836427, 'epoch': 85, 'trainer_step': 85400, 'iter_step': 93900}
2026-03-15 22:00:06,497 [DESKTOP-H93RLBF:11400] [INFO] {'iter_loss': 0.13457750171422958, 'iter_time': 0.49317884832620623, 'iter_general_step_dur': 0.12661635160446166, 'epoch': 85, 'trainer_step': 85500, 'iter_step': 94000}
2026-03-15 22:00:40,186 [DESKTOP-H93RLBF:11400] [INFO] {'iter_loss': 0.14008027136325837, 'iter_time': 0.5002214980125427, 'iter_general_step_dur': 0.12830655097961427, 'epoch': 85, 'trainer_step': 85600, 'iter_step': 94100}
2026-03-15 22:01:13,966 [DESKTOP-H93RLBF:11400] [INFO] {'iter_loss': 0.14104552902281284, 'iter_time': 0.4967226925492287, 'iter_general_step_dur': 0.1273187518119812, 'epoch': 85, 'trainer_step': 85700, 'iter_step': 94200}
2026-03-15 22:01:47,567 [DESKTOP-H93RLBF:11400] [INFO] {'iter_loss': 0.14961904242634774, 'iter_time': 0.5003815335035324, 'iter_general_step_dur': 0.12846197843551635, 'epoch': 85, 'trainer_step': 85800, 'iter_step': 94300}
2026-03-15 22:02:21,045 [DESKTOP-H93RLBF:11400] [INFO] {'iter_loss': 0.1350337728857994, 'iter_time': 0.48883542478084563, 'iter_general_step_dur': 0.125864634513855, 'epoch': 85, 'trainer_step': 85900, 'iter_step': 94400}
2026-03-15 22:02:54,898 [DESKTOP-H93RLBF:11400] [INFO] {'iter_loss': 0.13632902815937997, 'iter_time': 0.49293311715126037, 'iter_general_step_dur': 0.12569420099258422, 'epoch': 85, 'trainer_step': 86000, 'iter_step': 94500}
2026-03-15 22:03:07,348 [DESKTOP-H93RLBF:11400] [INFO] {'val_loss': 0.142165657132864, 'val_time': 0.5106029683351516, 'val_general_step_dur': 0.12171140432357788, 'epoch': 85, 'trainer_step': 86000, 'iter_step': 94600}
2026-03-15 22:03:07,350 [DESKTOP-H93RLBF:11400] [INFO] {'train_loss': 0.1406263124868274, 'train_time': 0.4978036068379879, 'train_general_step_dur': 0.12677250814437865, 'epoch': 85, 'trainer_step': 86000, 'iter_step': 94600}
2026-03-15 22:03:41,660 [DESKTOP-H93RLBF:11400] [INFO] {'iter_loss': 0.14470772832632064, 'iter_time': 0.500613517165184, 'iter_general_step_dur': 0.12802932024002076, 'epoch': 86, 'trainer_step': 86100, 'iter_step': 94700}
2026-03-15 22:04:14,937 [DESKTOP-H93RLBF:11400] [INFO] {'iter_loss': 0.1394731781631708, 'iter_time': 0.5118652293086052, 'iter_general_step_dur': 0.1267807126045227, 'epoch': 86, 'trainer_step': 86200, 'iter_step': 94800}
2026-03-15 22:04:48,362 [DESKTOP-H93RLBF:11400] [INFO] {'iter_loss': 0.1362974641472101, 'iter_time': 0.49669743597507476, 'iter_general_step_dur': 0.12832120656967164, 'epoch': 86, 'trainer_step': 86300, 'iter_step': 94900}
2026-03-15 22:05:22,143 [DESKTOP-H93RLBF:11400] [INFO] {'iter_loss': 0.14102979578077793, 'iter_time': 0.5034285363554954, 'iter_general_step_dur': 0.12736344575881958, 'epoch': 86, 'trainer_step': 86400, 'iter_step': 95000}
2026-03-15 22:05:55,327 [DESKTOP-H93RLBF:11400] [INFO] {'iter_loss': 0.1433627351373434, 'iter_time': 0.5029431888461113, 'iter_general_step_dur': 0.1260926342010498, 'epoch': 86, 'trainer_step': 86500, 'iter_step': 95100}
2026-03-15 22:06:28,895 [DESKTOP-H93RLBF:11400] [INFO] {'iter_loss': 0.14011596702039242, 'iter_time': 0.4955490231513977, 'iter_general_step_dur': 0.1288888692855835, 'epoch': 86, 'trainer_step': 86600, 'iter_step': 95200}
2026-03-15 22:07:02,534 [DESKTOP-H93RLBF:11400] [INFO] {'iter_loss': 0.14130432531237602, 'iter_time': 0.49600917398929595, 'iter_general_step_dur': 0.12739675521850585, 'epoch': 86, 'trainer_step': 86700, 'iter_step': 95300}
2026-03-15 22:07:36,416 [DESKTOP-H93RLBF:11400] [INFO] {'iter_loss': 0.14217207945883273, 'iter_time': 0.507021310031414, 'iter_general_step_dur': 0.12812790155410766, 'epoch': 86, 'trainer_step': 86800, 'iter_step': 95400}
2026-03-15 22:08:09,737 [DESKTOP-H93RLBF:11400] [INFO] {'iter_loss': 0.13389688335359096, 'iter_time': 0.5061453312635422, 'iter_general_step_dur': 0.12751691102981566, 'epoch': 86, 'trainer_step': 86900, 'iter_step': 95500}
2026-03-15 22:08:43,413 [DESKTOP-H93RLBF:11400] [INFO] {'iter_loss': 0.14711043424904346, 'iter_time': 0.5029714933037758, 'iter_general_step_dur': 0.12558704853057862, 'epoch': 86, 'trainer_step': 87000, 'iter_step': 95600}
2026-03-15 22:08:55,795 [DESKTOP-H93RLBF:11400] [INFO] {'val_loss': 0.13755374327301978, 'val_time': 0.49624049693346023, 'val_general_step_dur': 0.12108082294464112, 'epoch': 86, 'trainer_step': 87000, 'iter_step': 95700}
2026-03-15 22:08:55,796 [DESKTOP-H93RLBF:11400] [INFO] {'train_loss': 0.14094705909490585, 'train_time': 0.5023244239389897, 'train_general_step_dur': 0.12741048049926756, 'epoch': 86, 'trainer_step': 87000, 'iter_step': 95700}
2026-03-15 22:09:30,115 [DESKTOP-H93RLBF:11400] [INFO] {'iter_loss': 0.13069351218640804, 'iter_time': 0.4852815282344818, 'iter_general_step_dur': 0.1267172408103943, 'epoch': 87, 'trainer_step': 87100, 'iter_step': 95800}
2026-03-15 22:10:03,894 [DESKTOP-H93RLBF:11400] [INFO] {'iter_loss': 0.13963186610490083, 'iter_time': 0.49502083629369736, 'iter_general_step_dur': 0.12690903186798097, 'epoch': 87, 'trainer_step': 87200, 'iter_step': 95900}
2026-03-15 22:10:37,174 [DESKTOP-H93RLBF:11400] [INFO] {'iter_loss': 0.1370960509032011, 'iter_time': 0.49006131529808045, 'iter_general_step_dur': 0.12587183952331543, 'epoch': 87, 'trainer_step': 87300, 'iter_step': 96000}
2026-03-15 22:11:10,884 [DESKTOP-H93RLBF:11400] [INFO] {'iter_loss': 0.14364079736173152, 'iter_time': 0.5019475135207176, 'iter_general_step_dur': 0.12684876441955567, 'epoch': 87, 'trainer_step': 87400, 'iter_step': 96100}
2026-03-15 22:11:44,504 [DESKTOP-H93RLBF:11400] [INFO] {'iter_loss': 0.14187186174094676, 'iter_time': 0.5026292014122009, 'iter_general_step_dur': 0.12655130863189698, 'epoch': 87, 'trainer_step': 87500, 'iter_step': 96200}
2026-03-15 22:12:18,052 [DESKTOP-H93RLBF:11400] [INFO] {'iter_loss': 0.13697939537465573, 'iter_time': 0.5033852073550225, 'iter_general_step_dur': 0.1275159811973572, 'epoch': 87, 'trainer_step': 87600, 'iter_step': 96300}
2026-03-15 22:12:52,129 [DESKTOP-H93RLBF:11400] [INFO] {'iter_loss': 0.13828699603676797, 'iter_time': 0.4972621929645538, 'iter_general_step_dur': 0.12701512336730958, 'epoch': 87, 'trainer_step': 87700, 'iter_step': 96400}
2026-03-15 22:13:25,898 [DESKTOP-H93RLBF:11400] [INFO] {'iter_loss': 0.13832550905644894, 'iter_time': 0.4934740635752678, 'iter_general_step_dur': 0.1275646162033081, 'epoch': 87, 'trainer_step': 87800, 'iter_step': 96500}
2026-03-15 22:13:59,481 [DESKTOP-H93RLBF:11400] [INFO] {'iter_loss': 0.13606614001095296, 'iter_time': 0.5068703565001488, 'iter_general_step_dur': 0.1277680492401123, 'epoch': 87, 'trainer_step': 87900, 'iter_step': 96600}
2026-03-15 22:14:32,973 [DESKTOP-H93RLBF:11400] [INFO] {'iter_loss': 0.1338273499906063, 'iter_time': 0.5047700300812721, 'iter_general_step_dur': 0.12561942577362062, 'epoch': 87, 'trainer_step': 88000, 'iter_step': 96700}
2026-03-15 22:14:45,319 [DESKTOP-H93RLBF:11400] [INFO] {'val_loss': 0.13620873354375362, 'val_time': 0.507380513548851, 'val_general_step_dur': 0.12086021423339843, 'epoch': 87, 'trainer_step': 88000, 'iter_step': 96800}
2026-03-15 22:14:45,321 [DESKTOP-H93RLBF:11400] [INFO] {'train_loss': 0.137641947876662, 'train_time': 0.4980702245235443, 'train_general_step_dur': 0.1268381381034851, 'epoch': 87, 'trainer_step': 88000, 'iter_step': 96800}
2026-03-15 22:15:19,550 [DESKTOP-H93RLBF:11400] [INFO] {'iter_loss': 0.13240623459219933, 'iter_time': 0.4811793968081474, 'iter_general_step_dur': 0.12641774892807006, 'epoch': 88, 'trainer_step': 88100, 'iter_step': 96900}
2026-03-15 22:15:53,371 [DESKTOP-H93RLBF:11400] [INFO] {'iter_loss': 0.1405834024399519, 'iter_time': 0.509582539498806, 'iter_general_step_dur': 0.12675071239471436, 'epoch': 88, 'trainer_step': 88200, 'iter_step': 97000}
2026-03-15 22:16:27,082 [DESKTOP-H93RLBF:11400] [INFO] {'iter_loss': 0.1383470891416073, 'iter_time': 0.5124047091603279, 'iter_general_step_dur': 0.1302380919456482, 'epoch': 88, 'trainer_step': 88300, 'iter_step': 97100}
2026-03-15 22:17:01,000 [DESKTOP-H93RLBF:11400] [INFO] {'iter_loss': 0.13118384286761284, 'iter_time': 0.5023369598388672, 'iter_general_step_dur': 0.13018956184387206, 'epoch': 88, 'trainer_step': 88400, 'iter_step': 97200}
2026-03-15 22:17:34,805 [DESKTOP-H93RLBF:11400] [INFO] {'iter_loss': 0.14277412168681622, 'iter_time': 0.5013497236371041, 'iter_general_step_dur': 0.12864222526550292, 'epoch': 88, 'trainer_step': 88500, 'iter_step': 97300}
2026-03-15 22:18:08,229 [DESKTOP-H93RLBF:11400] [INFO] {'iter_loss': 0.14001048639416694, 'iter_time': 0.5031660121679306, 'iter_general_step_dur': 0.12883641719818115, 'epoch': 88, 'trainer_step': 88600, 'iter_step': 97400}
2026-03-15 22:18:42,911 [DESKTOP-H93RLBF:11400] [INFO] {'iter_loss': 0.14039638169109822, 'iter_time': 0.5028730222582817, 'iter_general_step_dur': 0.1288711380958557, 'epoch': 88, 'trainer_step': 88700, 'iter_step': 97500}
2026-03-15 22:19:17,997 [DESKTOP-H93RLBF:11400] [INFO] {'iter_loss': 0.14283327877521515, 'iter_time': 0.5035122618079185, 'iter_general_step_dur': 0.12736229181289674, 'epoch': 88, 'trainer_step': 88800, 'iter_step': 97600}
2026-03-15 22:19:53,303 [DESKTOP-H93RLBF:11400] [INFO] {'iter_loss': 0.13691302664577962, 'iter_time': 0.5045815059542655, 'iter_general_step_dur': 0.12917558431625367, 'epoch': 88, 'trainer_step': 88900, 'iter_step': 97700}
2026-03-15 22:20:28,461 [DESKTOP-H93RLBF:11400] [INFO] {'iter_loss': 0.13760914124548435, 'iter_time': 0.5013996455073356, 'iter_general_step_dur': 0.12613009691238403, 'epoch': 88, 'trainer_step': 89000, 'iter_step': 97800}
2026-03-15 22:20:40,909 [DESKTOP-H93RLBF:11400] [INFO] {'val_loss': 0.1358421713113785, 'val_time': 0.49880665361881255, 'val_general_step_dur': 0.12190615653991699, 'epoch': 88, 'trainer_step': 89000, 'iter_step': 97900}
2026-03-15 22:20:40,911 [DESKTOP-H93RLBF:11400] [INFO] {'train_loss': 0.13830570054799318, 'train_time': 0.5022385776638985, 'train_general_step_dur': 0.1282613868713379, 'epoch': 88, 'trainer_step': 89000, 'iter_step': 97900}
2026-03-15 22:21:16,558 [DESKTOP-H93RLBF:11400] [INFO] {'iter_loss': 0.1355131457000971, 'iter_time': 0.49256929457187654, 'iter_general_step_dur': 0.1271122121810913, 'epoch': 89, 'trainer_step': 89100, 'iter_step': 98000}
2026-03-15 22:21:51,662 [DESKTOP-H93RLBF:11400] [INFO] {'iter_loss': 0.13407883290201425, 'iter_time': 0.4881819835305214, 'iter_general_step_dur': 0.12930131196975708, 'epoch': 89, 'trainer_step': 89200, 'iter_step': 98100}
2026-03-15 22:22:26,227 [DESKTOP-H93RLBF:11400] [INFO] {'iter_loss': 0.1367551573365927, 'iter_time': 0.4961100673675537, 'iter_general_step_dur': 0.12994299173355103, 'epoch': 89, 'trainer_step': 89300, 'iter_step': 98200}
2026-03-15 22:23:00,669 [DESKTOP-H93RLBF:11400] [INFO] {'iter_loss': 0.14012288689613342, 'iter_time': 0.5009795904159546, 'iter_general_step_dur': 0.12945983171463013, 'epoch': 89, 'trainer_step': 89400, 'iter_step': 98300}
2026-03-15 22:23:34,642 [DESKTOP-H93RLBF:11400] [INFO] {'iter_loss': 0.1365051344037056, 'iter_time': 0.504526041150093, 'iter_general_step_dur': 0.12702500104904174, 'epoch': 89, 'trainer_step': 89500, 'iter_step': 98400}
2026-03-15 22:24:08,595 [DESKTOP-H93RLBF:11400] [INFO] {'iter_loss': 0.13893057703971862, 'iter_time': 0.508874177634716, 'iter_general_step_dur': 0.12844037055969237, 'epoch': 89, 'trainer_step': 89600, 'iter_step': 98500}
2026-03-15 22:24:42,550 [DESKTOP-H93RLBF:11400] [INFO] {'iter_loss': 0.13673171691596508, 'iter_time': 0.49749324172735215, 'iter_general_step_dur': 0.12792943000793458, 'epoch': 89, 'trainer_step': 89700, 'iter_step': 98600}
2026-03-15 22:25:17,619 [DESKTOP-H93RLBF:11400] [INFO] {'iter_loss': 0.12852535255253314, 'iter_time': 0.4948365518450737, 'iter_general_step_dur': 0.1293783450126648, 'epoch': 89, 'trainer_step': 89800, 'iter_step': 98700}
2026-03-15 22:25:52,696 [DESKTOP-H93RLBF:11400] [INFO] {'iter_loss': 0.13301038123667241, 'iter_time': 0.4946636393666267, 'iter_general_step_dur': 0.12894187688827516, 'epoch': 89, 'trainer_step': 89900, 'iter_step': 98800}
2026-03-15 22:26:28,030 [DESKTOP-H93RLBF:11400] [INFO] {'iter_loss': 0.13336430586874484, 'iter_time': 0.49243228435516356, 'iter_general_step_dur': 0.1271311092376709, 'epoch': 89, 'trainer_step': 90000, 'iter_step': 98900}
2026-03-15 22:26:40,569 [DESKTOP-H93RLBF:11400] [INFO] {'val_loss': 0.1372406330704689, 'val_time': 0.498323866724968, 'val_general_step_dur': 0.12263377666473389, 'epoch': 89, 'trainer_step': 90000, 'iter_step': 99000}
2026-03-15 22:26:40,571 [DESKTOP-H93RLBF:11400] [INFO] {'train_loss': 0.13535374908521772, 'train_time': 0.49706668719649316, 'train_general_step_dur': 0.1284662480354309, 'epoch': 89, 'trainer_step': 90000, 'iter_step': 99000}
2026-03-15 22:27:16,324 [DESKTOP-H93RLBF:11400] [INFO] {'iter_loss': 0.13010045565664768, 'iter_time': 0.48449190974235534, 'iter_general_step_dur': 0.1270475745201111, 'epoch': 90, 'trainer_step': 90100, 'iter_step': 99100}
2026-03-15 22:27:51,343 [DESKTOP-H93RLBF:11400] [INFO] {'iter_loss': 0.13201515980064868, 'iter_time': 0.4932746383547783, 'iter_general_step_dur': 0.1294423222541809, 'epoch': 90, 'trainer_step': 90200, 'iter_step': 99200}
2026-03-15 22:28:26,460 [DESKTOP-H93RLBF:11400] [INFO] {'iter_loss': 0.14439001858234404, 'iter_time': 0.5009159532189369, 'iter_general_step_dur': 0.1302496910095215, 'epoch': 90, 'trainer_step': 90300, 'iter_step': 99300}
2026-03-15 22:29:01,497 [DESKTOP-H93RLBF:11400] [INFO] {'iter_loss': 0.13302147395908834, 'iter_time': 0.49410224467515945, 'iter_general_step_dur': 0.12947822093963623, 'epoch': 90, 'trainer_step': 90400, 'iter_step': 99400}
2026-03-15 22:29:36,629 [DESKTOP-H93RLBF:11400] [INFO] {'iter_loss': 0.13207151889801025, 'iter_time': 0.4962223881483078, 'iter_general_step_dur': 0.13032449245452882, 'epoch': 90, 'trainer_step': 90500, 'iter_step': 99500}
2026-03-15 22:30:11,771 [DESKTOP-H93RLBF:11400] [INFO] {'iter_loss': 0.1446164608001709, 'iter_time': 0.5084646046161652, 'iter_general_step_dur': 0.1297147560119629, 'epoch': 90, 'trainer_step': 90600, 'iter_step': 99600}
2026-03-15 22:30:46,776 [DESKTOP-H93RLBF:11400] [INFO] {'iter_loss': 0.13077666372060776, 'iter_time': 0.48807390838861464, 'iter_general_step_dur': 0.12941758394241332, 'epoch': 90, 'trainer_step': 90700, 'iter_step': 99700}
2026-03-15 22:31:21,862 [DESKTOP-H93RLBF:11400] [INFO] {'iter_loss': 0.14278290480375289, 'iter_time': 0.5016939738392829, 'iter_general_step_dur': 0.1279141688346863, 'epoch': 90, 'trainer_step': 90800, 'iter_step': 99800}
2026-03-15 22:31:56,779 [DESKTOP-H93RLBF:11400] [INFO] {'iter_loss': 0.13868226900696753, 'iter_time': 0.512995653450489, 'iter_general_step_dur': 0.12820959329605103, 'epoch': 90, 'trainer_step': 90900, 'iter_step': 99900}
2026-03-15 22:32:31,052 [DESKTOP-H93RLBF:11400] [INFO] {'iter_loss': 0.13627405632287265, 'iter_time': 0.497133846282959, 'iter_general_step_dur': 0.12607639789581299, 'epoch': 90, 'trainer_step': 91000, 'iter_step': 100000}
2026-03-15 22:32:43,285 [DESKTOP-H93RLBF:11400] [INFO] {'val_loss': 0.13636017546057702, 'val_time': 0.48873291462659835, 'val_general_step_dur': 0.1196136212348938, 'epoch': 90, 'trainer_step': 91000, 'iter_step': 100100}
2026-03-15 22:32:43,287 [DESKTOP-H93RLBF:11400] [INFO] {'train_loss': 0.13647309815511108, 'train_time': 0.49773691207170484, 'train_general_step_dur': 0.1287874801158905, 'epoch': 90, 'trainer_step': 91000, 'iter_step': 100100}
2026-03-15 22:33:17,661 [DESKTOP-H93RLBF:11400] [INFO] {'iter_loss': 0.13739589672535657, 'iter_time': 0.5048432990908622, 'iter_general_step_dur': 0.12737008333206176, 'epoch': 91, 'trainer_step': 91100, 'iter_step': 100200}
2026-03-15 22:33:51,102 [DESKTOP-H93RLBF:11400] [INFO] {'iter_loss': 0.13925469748675823, 'iter_time': 0.5118979677557945, 'iter_general_step_dur': 0.12759006261825562, 'epoch': 91, 'trainer_step': 91200, 'iter_step': 100300}
2026-03-15 22:34:24,714 [DESKTOP-H93RLBF:11400] [INFO] {'iter_loss': 0.142680152207613, 'iter_time': 0.5045042410492897, 'iter_general_step_dur': 0.12947685956954957, 'epoch': 91, 'trainer_step': 91300, 'iter_step': 100400}
2026-03-15 22:34:58,525 [DESKTOP-H93RLBF:11400] [INFO] {'iter_loss': 0.14804918855428695, 'iter_time': 0.5154984331130982, 'iter_general_step_dur': 0.12996872425079345, 'epoch': 91, 'trainer_step': 91400, 'iter_step': 100500}
2026-03-15 22:35:33,014 [DESKTOP-H93RLBF:11400] [INFO] {'iter_loss': 0.139873953089118, 'iter_time': 0.5014856931567192, 'iter_general_step_dur': 0.12754170656204222, 'epoch': 91, 'trainer_step': 91500, 'iter_step': 100600}
2026-03-15 22:36:07,512 [DESKTOP-H93RLBF:11400] [INFO] {'iter_loss': 0.14474308766424657, 'iter_time': 0.5069157299399376, 'iter_general_step_dur': 0.13021421670913697, 'epoch': 91, 'trainer_step': 91600, 'iter_step': 100700}
2026-03-15 22:36:41,873 [DESKTOP-H93RLBF:11400] [INFO] {'iter_loss': 0.13299823634326458, 'iter_time': 0.4897202616930008, 'iter_general_step_dur': 0.12921131134033204, 'epoch': 91, 'trainer_step': 91700, 'iter_step': 100800}
2026-03-15 22:37:17,006 [DESKTOP-H93RLBF:11400] [INFO] {'iter_loss': 0.13992978110909463, 'iter_time': 0.501709889471531, 'iter_general_step_dur': 0.1310036301612854, 'epoch': 91, 'trainer_step': 91800, 'iter_step': 100900}
2026-03-15 22:37:52,552 [DESKTOP-H93RLBF:11400] [INFO] {'iter_loss': 0.13190166428685188, 'iter_time': 0.5040765586495399, 'iter_general_step_dur': 0.1299053144454956, 'epoch': 91, 'trainer_step': 91900, 'iter_step': 101000}
2026-03-15 22:38:27,919 [DESKTOP-H93RLBF:11400] [INFO] {'iter_loss': 0.13419642619788646, 'iter_time': 0.5042492924630642, 'iter_general_step_dur': 0.12815333366394044, 'epoch': 91, 'trainer_step': 92000, 'iter_step': 101100}
2026-03-15 22:38:40,632 [DESKTOP-H93RLBF:11400] [INFO] {'val_loss': 0.13956759430468083, 'val_time': 0.5014974725246429, 'val_general_step_dur': 0.12441489934921264, 'epoch': 91, 'trainer_step': 92000, 'iter_step': 101200}
2026-03-15 22:38:40,635 [DESKTOP-H93RLBF:11400] [INFO] {'train_loss': 0.13910230836644769, 'train_time': 0.5044901366382837, 'train_general_step_dur': 0.1290435242652893, 'epoch': 91, 'trainer_step': 92000, 'iter_step': 101200}
2026-03-15 22:39:16,569 [DESKTOP-H93RLBF:11400] [INFO] {'iter_loss': 0.13223851300776004, 'iter_time': 0.5004053980112075, 'iter_general_step_dur': 0.12951056718826293, 'epoch': 92, 'trainer_step': 92100, 'iter_step': 101300}
2026-03-15 22:39:51,969 [DESKTOP-H93RLBF:11400] [INFO] {'iter_loss': 0.14981772370636462, 'iter_time': 0.5133091074228286, 'iter_general_step_dur': 0.13000408411026002, 'epoch': 92, 'trainer_step': 92200, 'iter_step': 101400}
2026-03-15 22:40:26,517 [DESKTOP-H93RLBF:11400] [INFO] {'iter_loss': 0.14163529217243195, 'iter_time': 0.49434337884187696, 'iter_general_step_dur': 0.12975891828536987, 'epoch': 92, 'trainer_step': 92300, 'iter_step': 101500}
2026-03-15 22:41:01,179 [DESKTOP-H93RLBF:11400] [INFO] {'iter_loss': 0.13584975562989712, 'iter_time': 0.5035828077793121, 'iter_general_step_dur': 0.1297086715698242, 'epoch': 92, 'trainer_step': 92400, 'iter_step': 101600}
2026-03-15 22:41:35,727 [DESKTOP-H93RLBF:11400] [INFO] {'iter_loss': 0.13940032616257667, 'iter_time': 0.4989934316277504, 'iter_general_step_dur': 0.12809932231903076, 'epoch': 92, 'trainer_step': 92500, 'iter_step': 101700}
2026-03-15 22:42:10,113 [DESKTOP-H93RLBF:11400] [INFO] {'iter_loss': 0.12767414521425963, 'iter_time': 0.4887779927253723, 'iter_general_step_dur': 0.1284471035003662, 'epoch': 92, 'trainer_step': 92600, 'iter_step': 101800}
2026-03-15 22:42:45,538 [DESKTOP-H93RLBF:11400] [INFO] {'iter_loss': 0.12864772982895376, 'iter_time': 0.49325441956520083, 'iter_general_step_dur': 0.1319698691368103, 'epoch': 92, 'trainer_step': 92700, 'iter_step': 101900}
2026-03-15 22:43:22,004 [DESKTOP-H93RLBF:11400] [INFO] {'iter_loss': 0.1266419520974159, 'iter_time': 0.4882954728603363, 'iter_general_step_dur': 0.1336611557006836, 'epoch': 92, 'trainer_step': 92800, 'iter_step': 102000}
2026-03-15 22:43:58,725 [DESKTOP-H93RLBF:11400] [INFO] {'iter_loss': 0.13099684957414864, 'iter_time': 0.4996712502837181, 'iter_general_step_dur': 0.13455201864242552, 'epoch': 92, 'trainer_step': 92900, 'iter_step': 102100}
2026-03-15 22:44:35,350 [DESKTOP-H93RLBF:11400] [INFO] {'iter_loss': 0.13398970484733583, 'iter_time': 0.4897638949751854, 'iter_general_step_dur': 0.13315206050872802, 'epoch': 92, 'trainer_step': 93000, 'iter_step': 102200}
2026-03-15 22:44:48,680 [DESKTOP-H93RLBF:11400] [INFO] {'val_loss': 0.14075609974563122, 'val_time': 0.5040433764457702, 'val_general_step_dur': 0.13034621953964234, 'epoch': 92, 'trainer_step': 93000, 'iter_step': 102300}
2026-03-15 22:44:48,683 [DESKTOP-H93RLBF:11400] [INFO] {'train_loss': 0.13468919922411443, 'train_time': 0.4970397154092789, 'train_general_step_dur': 0.13088637709617615, 'epoch': 92, 'trainer_step': 93000, 'iter_step': 102300}
2026-03-15 22:45:26,124 [DESKTOP-H93RLBF:11400] [INFO] {'iter_loss': 0.13688933171331882, 'iter_time': 0.4923046919703484, 'iter_general_step_dur': 0.13410626888275146, 'epoch': 93, 'trainer_step': 93100, 'iter_step': 102400}
2026-03-15 22:46:02,893 [DESKTOP-H93RLBF:11400] [INFO] {'iter_loss': 0.14203083604574204, 'iter_time': 0.510329221189022, 'iter_general_step_dur': 0.13425643920898436, 'epoch': 93, 'trainer_step': 93200, 'iter_step': 102500}
2026-03-15 22:46:38,615 [DESKTOP-H93RLBF:11400] [INFO] {'iter_loss': 0.13414436466991903, 'iter_time': 0.5022956231236457, 'iter_general_step_dur': 0.1330861473083496, 'epoch': 93, 'trainer_step': 93300, 'iter_step': 102600}
2026-03-15 22:47:14,492 [DESKTOP-H93RLBF:11400] [INFO] {'iter_loss': 0.13688046000897885, 'iter_time': 0.4899579480290413, 'iter_general_step_dur': 0.13218175888061523, 'epoch': 93, 'trainer_step': 93400, 'iter_step': 102700}
2026-03-15 22:47:50,746 [DESKTOP-H93RLBF:11400] [INFO] {'iter_loss': 0.13584943637251853, 'iter_time': 0.497596869468689, 'iter_general_step_dur': 0.13302220582962035, 'epoch': 93, 'trainer_step': 93500, 'iter_step': 102800}
2026-03-15 22:48:26,694 [DESKTOP-H93RLBF:11400] [INFO] {'iter_loss': 0.1339150160551071, 'iter_time': 0.4998162916302681, 'iter_general_step_dur': 0.13218379020690918, 'epoch': 93, 'trainer_step': 93600, 'iter_step': 102900}
2026-03-15 22:49:03,118 [DESKTOP-H93RLBF:11400] [INFO] {'iter_loss': 0.1329006203263998, 'iter_time': 0.5003800097107888, 'iter_general_step_dur': 0.13295962333679198, 'epoch': 93, 'trainer_step': 93700, 'iter_step': 103000}
2026-03-15 22:49:39,123 [DESKTOP-H93RLBF:11400] [INFO] {'iter_loss': 0.14370051063597203, 'iter_time': 0.5028219074010849, 'iter_general_step_dur': 0.13333803176879883, 'epoch': 93, 'trainer_step': 93800, 'iter_step': 103100}
2026-03-15 22:50:14,939 [DESKTOP-H93RLBF:11400] [INFO] {'iter_loss': 0.13412372834980488, 'iter_time': 0.4802487176656723, 'iter_general_step_dur': 0.1306082248687744, 'epoch': 93, 'trainer_step': 93900, 'iter_step': 103200}
2026-03-15 22:50:51,165 [DESKTOP-H93RLBF:11400] [INFO] {'iter_loss': 0.1346203500032425, 'iter_time': 0.49483509093523026, 'iter_general_step_dur': 0.13245763301849364, 'epoch': 93, 'trainer_step': 94000, 'iter_step': 103300}
2026-03-15 22:51:04,190 [DESKTOP-H93RLBF:11400] [INFO] {'val_loss': 0.1368363156169653, 'val_time': 0.5032408910989762, 'val_general_step_dur': 0.12700467824935913, 'epoch': 93, 'trainer_step': 94000, 'iter_step': 103400}
2026-03-15 22:51:04,193 [DESKTOP-H93RLBF:11400] [INFO] {'train_loss': 0.13650546541810035, 'train_time': 0.4970586371123791, 'train_general_step_dur': 0.1328200123310089, 'epoch': 93, 'trainer_step': 94000, 'iter_step': 103400}
2026-03-15 22:51:40,725 [DESKTOP-H93RLBF:11400] [INFO] {'iter_loss': 0.12857160083949565, 'iter_time': 0.4928149595856667, 'iter_general_step_dur': 0.13217293262481689, 'epoch': 94, 'trainer_step': 94100, 'iter_step': 103500}
2026-03-15 22:52:16,728 [DESKTOP-H93RLBF:11400] [INFO] {'iter_loss': 0.1321456377953291, 'iter_time': 0.5042496895790101, 'iter_general_step_dur': 0.1321671986579895, 'epoch': 94, 'trainer_step': 94200, 'iter_step': 103600}
2026-03-15 22:52:52,374 [DESKTOP-H93RLBF:11400] [INFO] {'iter_loss': 0.14806571684777736, 'iter_time': 0.5172510689496994, 'iter_general_step_dur': 0.13164793014526366, 'epoch': 94, 'trainer_step': 94300, 'iter_step': 103700}
2026-03-15 22:53:27,964 [DESKTOP-H93RLBF:11400] [INFO] {'iter_loss': 0.13677373431622983, 'iter_time': 0.509375274181366, 'iter_general_step_dur': 0.13210471391677855, 'epoch': 94, 'trainer_step': 94400, 'iter_step': 103800}
2026-03-15 22:54:04,292 [DESKTOP-H93RLBF:11400] [INFO] {'iter_loss': 0.130499861612916, 'iter_time': 0.4939058187603951, 'iter_general_step_dur': 0.1326728343963623, 'epoch': 94, 'trainer_step': 94500, 'iter_step': 103900}
2026-03-15 22:54:40,746 [DESKTOP-H93RLBF:11400] [INFO] {'iter_loss': 0.13345517337322235, 'iter_time': 0.49984888941049577, 'iter_general_step_dur': 0.13423244714736937, 'epoch': 94, 'trainer_step': 94600, 'iter_step': 104000}
2026-03-15 22:55:17,097 [DESKTOP-H93RLBF:11400] [INFO] {'iter_loss': 0.13097055621445178, 'iter_time': 0.49464767903089524, 'iter_general_step_dur': 0.133404381275177, 'epoch': 94, 'trainer_step': 94700, 'iter_step': 104100}
2026-03-15 22:55:53,147 [DESKTOP-H93RLBF:11400] [INFO] {'iter_loss': 0.14617345482110977, 'iter_time': 0.5143233492970467, 'iter_general_step_dur': 0.13135180473327637, 'epoch': 94, 'trainer_step': 94800, 'iter_step': 104200}
2026-03-15 22:56:28,892 [DESKTOP-H93RLBF:11400] [INFO] {'iter_loss': 0.13457942835986614, 'iter_time': 0.5001126870512962, 'iter_general_step_dur': 0.12976762056350707, 'epoch': 94, 'trainer_step': 94900, 'iter_step': 104300}
2026-03-15 22:57:04,857 [DESKTOP-H93RLBF:11400] [INFO] {'iter_loss': 0.1415052054077387, 'iter_time': 0.5044003409147263, 'iter_general_step_dur': 0.1313575768470764, 'epoch': 94, 'trainer_step': 95000, 'iter_step': 104400}
2026-03-15 22:57:17,951 [DESKTOP-H93RLBF:11400] [INFO] {'val_loss': 0.13269150480628014, 'val_time': 0.5002154463529587, 'val_general_step_dur': 0.12787673950195313, 'epoch': 94, 'trainer_step': 95000, 'iter_step': 104500}
2026-03-15 22:57:17,953 [DESKTOP-H93RLBF:11400] [INFO] {'train_loss': 0.13627403695881365, 'train_time': 0.5030929756760597, 'train_general_step_dur': 0.1320879440307617, 'epoch': 94, 'trainer_step': 95000, 'iter_step': 104500}
2026-03-15 22:57:54,326 [DESKTOP-H93RLBF:11400] [INFO] {'iter_loss': 0.13743249893188478, 'iter_time': 0.5026017099618911, 'iter_general_step_dur': 0.13179981231689453, 'epoch': 95, 'trainer_step': 95100, 'iter_step': 104600}
2026-03-15 22:58:29,829 [DESKTOP-H93RLBF:11400] [INFO] {'iter_loss': 0.1407736223936081, 'iter_time': 0.48865926802158355, 'iter_general_step_dur': 0.13174930334091187, 'epoch': 95, 'trainer_step': 95200, 'iter_step': 104700}
2026-03-15 22:59:06,304 [DESKTOP-H93RLBF:11400] [INFO] {'iter_loss': 0.1385492743551731, 'iter_time': 0.5033482047915459, 'iter_general_step_dur': 0.1342953372001648, 'epoch': 95, 'trainer_step': 95300, 'iter_step': 104800}
2026-03-15 22:59:43,052 [DESKTOP-H93RLBF:11400] [INFO] {'iter_loss': 0.1283935884013772, 'iter_time': 0.5049322935938835, 'iter_general_step_dur': 0.13486331224441528, 'epoch': 95, 'trainer_step': 95400, 'iter_step': 104900}
2026-03-15 23:00:19,756 [DESKTOP-H93RLBF:11400] [INFO] {'iter_loss': 0.12644032031297683, 'iter_time': 0.4968984693288803, 'iter_general_step_dur': 0.13417473077774048, 'epoch': 95, 'trainer_step': 95500, 'iter_step': 105000}
2026-03-15 23:00:56,529 [DESKTOP-H93RLBF:11400] [INFO] {'iter_loss': 0.13307640604674817, 'iter_time': 0.4984014731645584, 'iter_general_step_dur': 0.1345590853691101, 'epoch': 95, 'trainer_step': 95600, 'iter_step': 105100}
2026-03-15 23:01:32,351 [DESKTOP-H93RLBF:11400] [INFO] {'iter_loss': 0.14162977010011674, 'iter_time': 0.5042268091440201, 'iter_general_step_dur': 0.13137946605682374, 'epoch': 95, 'trainer_step': 95700, 'iter_step': 105200}
2026-03-15 23:02:08,910 [DESKTOP-H93RLBF:11400] [INFO] {'iter_loss': 0.1333163543790579, 'iter_time': 0.4977949160337448, 'iter_general_step_dur': 0.1329472303390503, 'epoch': 95, 'trainer_step': 95800, 'iter_step': 105300}
2026-03-15 23:02:45,066 [DESKTOP-H93RLBF:11400] [INFO] {'iter_loss': 0.13545828506350518, 'iter_time': 0.49937564581632615, 'iter_general_step_dur': 0.1322662353515625, 'epoch': 95, 'trainer_step': 95900, 'iter_step': 105400}
2026-03-15 23:03:21,652 [DESKTOP-H93RLBF:11400] [INFO] {'iter_loss': 0.13618742920458315, 'iter_time': 0.4974191838502884, 'iter_general_step_dur': 0.13376200914382935, 'epoch': 95, 'trainer_step': 96000, 'iter_step': 105500}
2026-03-15 23:03:34,935 [DESKTOP-H93RLBF:11400] [INFO] {'val_loss': 0.12895681712776422, 'val_time': 0.5047959885001183, 'val_general_step_dur': 0.12991876363754273, 'epoch': 95, 'trainer_step': 96000, 'iter_step': 105600}
2026-03-15 23:03:34,937 [DESKTOP-H93RLBF:11400] [INFO] {'train_loss': 0.1351257549189031, 'train_time': 0.4993657973706722, 'train_general_step_dur': 0.1331796522140503, 'epoch': 95, 'trainer_step': 96000, 'iter_step': 105600}
2026-03-15 23:04:12,082 [DESKTOP-H93RLBF:11400] [INFO] {'iter_loss': 0.13103202749043702, 'iter_time': 0.49577772051095964, 'iter_general_step_dur': 0.1335415720939636, 'epoch': 96, 'trainer_step': 96100, 'iter_step': 105700}
2026-03-15 23:04:48,901 [DESKTOP-H93RLBF:11400] [INFO] {'iter_loss': 0.1393294021114707, 'iter_time': 0.5092616650462151, 'iter_general_step_dur': 0.13518766403198243, 'epoch': 96, 'trainer_step': 96200, 'iter_step': 105800}
2026-03-15 23:05:25,625 [DESKTOP-H93RLBF:11400] [INFO] {'iter_loss': 0.1318045388162136, 'iter_time': 0.5007808706164361, 'iter_general_step_dur': 0.13385106801986693, 'epoch': 96, 'trainer_step': 96300, 'iter_step': 105900}
2026-03-15 23:06:01,482 [DESKTOP-H93RLBF:11400] [INFO] {'iter_loss': 0.13869912035763263, 'iter_time': 0.5057531893253326, 'iter_general_step_dur': 0.13252137660980223, 'epoch': 96, 'trainer_step': 96400, 'iter_step': 106000}
2026-03-15 23:06:36,907 [DESKTOP-H93RLBF:11400] [INFO] {'iter_loss': 0.1324079483002424, 'iter_time': 0.4921725931763649, 'iter_general_step_dur': 0.13116389274597168, 'epoch': 96, 'trainer_step': 96500, 'iter_step': 106100}
2026-03-15 23:07:12,401 [DESKTOP-H93RLBF:11400] [INFO] {'iter_loss': 0.13496949449181556, 'iter_time': 0.509416523873806, 'iter_general_step_dur': 0.131166889667511, 'epoch': 96, 'trainer_step': 96600, 'iter_step': 106200}
2026-03-15 23:07:47,871 [DESKTOP-H93RLBF:11400] [INFO] {'iter_loss': 0.13494805671274662, 'iter_time': 0.5029101440310478, 'iter_general_step_dur': 0.13064369678497315, 'epoch': 96, 'trainer_step': 96700, 'iter_step': 106300}
2026-03-15 23:08:23,613 [DESKTOP-H93RLBF:11400] [INFO] {'iter_loss': 0.13213855169713498, 'iter_time': 0.4993364551663399, 'iter_general_step_dur': 0.12994290828704835, 'epoch': 96, 'trainer_step': 96800, 'iter_step': 106400}
2026-03-15 23:09:00,245 [DESKTOP-H93RLBF:11400] [INFO] {'iter_loss': 0.13881905227899552, 'iter_time': 0.49820234537124636, 'iter_general_step_dur': 0.13351819276809693, 'epoch': 96, 'trainer_step': 96900, 'iter_step': 106500}
2026-03-15 23:09:36,936 [DESKTOP-H93RLBF:11400] [INFO] {'iter_loss': 0.1349237421900034, 'iter_time': 0.4935938787460327, 'iter_general_step_dur': 0.13385676860809326, 'epoch': 96, 'trainer_step': 97000, 'iter_step': 106600}
2026-03-15 23:09:50,158 [DESKTOP-H93RLBF:11400] [INFO] {'val_loss': 0.13455990046262742, 'val_time': 0.5061137497425079, 'val_general_step_dur': 0.1293913698196411, 'epoch': 96, 'trainer_step': 97000, 'iter_step': 106700}
2026-03-15 23:09:50,160 [DESKTOP-H93RLBF:11400] [INFO] {'train_loss': 0.13490719344466925, 'train_time': 0.5007205385863781, 'train_general_step_dur': 0.13253940296173095, 'epoch': 96, 'trainer_step': 97000, 'iter_step': 106700}
2026-03-15 23:10:27,530 [DESKTOP-H93RLBF:11400] [INFO] {'iter_loss': 0.13228436410427094, 'iter_time': 0.5030255419015884, 'iter_general_step_dur': 0.1343759274482727, 'epoch': 97, 'trainer_step': 97100, 'iter_step': 106800}
2026-03-15 23:11:04,296 [DESKTOP-H93RLBF:11400] [INFO] {'iter_loss': 0.13889814261347055, 'iter_time': 0.49898428440093995, 'iter_general_step_dur': 0.1338421368598938, 'epoch': 97, 'trainer_step': 97200, 'iter_step': 106900}
2026-03-15 23:11:40,995 [DESKTOP-H93RLBF:11400] [INFO] {'iter_loss': 0.12836946479976177, 'iter_time': 0.4888371127843857, 'iter_general_step_dur': 0.1335628819465637, 'epoch': 97, 'trainer_step': 97300, 'iter_step': 107000}
2026-03-15 23:12:17,557 [DESKTOP-H93RLBF:11400] [INFO] {'iter_loss': 0.12633141309022902, 'iter_time': 0.49395051956176755, 'iter_general_step_dur': 0.1337245750427246, 'epoch': 97, 'trainer_step': 97400, 'iter_step': 107100}
2026-03-15 23:12:53,606 [DESKTOP-H93RLBF:11400] [INFO] {'iter_loss': 0.1407984332740307, 'iter_time': 0.501031494140625, 'iter_general_step_dur': 0.13273462533950806, 'epoch': 97, 'trainer_step': 97500, 'iter_step': 107200}
2026-03-15 23:13:28,817 [DESKTOP-H93RLBF:11400] [INFO] {'iter_loss': 0.13519994501024485, 'iter_time': 0.4952782028913498, 'iter_general_step_dur': 0.12966989517211913, 'epoch': 97, 'trainer_step': 97600, 'iter_step': 107300}
2026-03-15 23:14:04,451 [DESKTOP-H93RLBF:11400] [INFO] {'iter_loss': 0.1412048551440239, 'iter_time': 0.5101842051744461, 'iter_general_step_dur': 0.13091398715972902, 'epoch': 97, 'trainer_step': 97700, 'iter_step': 107400}
2026-03-15 23:14:40,338 [DESKTOP-H93RLBF:11400] [INFO] {'iter_loss': 0.14078759152442216, 'iter_time': 0.5112450069189072, 'iter_general_step_dur': 0.13147497892379761, 'epoch': 97, 'trainer_step': 97800, 'iter_step': 107500}
2026-03-15 23:15:17,004 [DESKTOP-H93RLBF:11400] [INFO] {'iter_loss': 0.1328410577774048, 'iter_time': 0.49511444866657256, 'iter_general_step_dur': 0.13543245553970337, 'epoch': 97, 'trainer_step': 97900, 'iter_step': 107600}
2026-03-15 23:15:54,435 [DESKTOP-H93RLBF:11400] [INFO] {'iter_loss': 0.13498471796512604, 'iter_time': 0.49867731183767317, 'iter_general_step_dur': 0.1371760606765747, 'epoch': 97, 'trainer_step': 98000, 'iter_step': 107700}
2026-03-15 23:16:08,060 [DESKTOP-H93RLBF:11400] [INFO] {'val_loss': 0.12864713538438083, 'val_time': 0.4936247470974922, 'val_general_step_dur': 0.13322288751602174, 'epoch': 97, 'trainer_step': 98000, 'iter_step': 107800}
2026-03-15 23:16:08,062 [DESKTOP-H93RLBF:11400] [INFO] {'train_loss': 0.13516999853029849, 'train_time': 0.49963281282782557, 'train_general_step_dur': 0.13329075241088867, 'epoch': 97, 'trainer_step': 98000, 'iter_step': 107800}
2026-03-15 23:16:46,414 [DESKTOP-H93RLBF:11400] [INFO] {'iter_loss': 0.13880333960056304, 'iter_time': 0.501172690987587, 'iter_general_step_dur': 0.13868483543395996, 'epoch': 98, 'trainer_step': 98100, 'iter_step': 107900}
2026-03-15 23:17:23,662 [DESKTOP-H93RLBF:11400] [INFO] {'iter_loss': 0.1298628793656826, 'iter_time': 0.49937513053417204, 'iter_general_step_dur': 0.13775412797927855, 'epoch': 98, 'trainer_step': 98200, 'iter_step': 108000}
2026-03-15 23:18:01,025 [DESKTOP-H93RLBF:11400] [INFO] {'iter_loss': 0.14122641883790493, 'iter_time': 0.5053771883249283, 'iter_general_step_dur': 0.1375138521194458, 'epoch': 98, 'trainer_step': 98300, 'iter_step': 108100}
2026-03-15 23:18:38,321 [DESKTOP-H93RLBF:11400] [INFO] {'iter_loss': 0.13695904977619647, 'iter_time': 0.502291523218155, 'iter_general_step_dur': 0.13865576982498168, 'epoch': 98, 'trainer_step': 98400, 'iter_step': 108200}
2026-03-15 23:19:15,714 [DESKTOP-H93RLBF:11400] [INFO] {'iter_loss': 0.13119763560593128, 'iter_time': 0.4932232403755188, 'iter_general_step_dur': 0.13753122329711914, 'epoch': 98, 'trainer_step': 98500, 'iter_step': 108300}
2026-03-15 23:19:53,186 [DESKTOP-H93RLBF:11400] [INFO] {'iter_loss': 0.1331407219544053, 'iter_time': 0.48884802728891374, 'iter_general_step_dur': 0.13824349403381347, 'epoch': 98, 'trainer_step': 98600, 'iter_step': 108400}
2026-03-15 23:20:30,693 [DESKTOP-H93RLBF:11400] [INFO] {'iter_loss': 0.13340437591075896, 'iter_time': 0.5072938400506973, 'iter_general_step_dur': 0.13827564477920531, 'epoch': 98, 'trainer_step': 98700, 'iter_step': 108500}
2026-03-15 23:21:12,223 [DESKTOP-H93RLBF:11400] [INFO] {'iter_loss': 0.13275348871946335, 'iter_time': 0.5021756806969643, 'iter_general_step_dur': 0.14599048614501953, 'epoch': 98, 'trainer_step': 98800, 'iter_step': 108600}
2026-03-15 23:21:51,454 [DESKTOP-H93RLBF:11400] [INFO] {'iter_loss': 0.13626677230000495, 'iter_time': 0.4968303582072258, 'iter_general_step_dur': 0.1427090907096863, 'epoch': 98, 'trainer_step': 98900, 'iter_step': 108700}
2026-03-15 23:22:31,470 [DESKTOP-H93RLBF:11400] [INFO] {'iter_loss': 0.1304923763871193, 'iter_time': 0.5088011318445206, 'iter_general_step_dur': 0.14338127613067628, 'epoch': 98, 'trainer_step': 99000, 'iter_step': 108800}
2026-03-15 23:22:45,064 [DESKTOP-H93RLBF:11400] [INFO] {'val_loss': 0.12466346304863692, 'val_time': 0.4844943529367447, 'val_general_step_dur': 0.1330427598953247, 'epoch': 98, 'trainer_step': 99000, 'iter_step': 108900}
2026-03-15 23:22:45,069 [DESKTOP-H93RLBF:11400] [INFO] {'train_loss': 0.13441070584580303, 'train_time': 0.5005388811528683, 'train_general_step_dur': 0.1398739800453186, 'epoch': 98, 'trainer_step': 99000, 'iter_step': 108900}
2026-03-15 23:23:22,922 [DESKTOP-H93RLBF:11400] [INFO] {'iter_loss': 0.13175160072743894, 'iter_time': 0.49990114361047744, 'iter_general_step_dur': 0.13773685455322265, 'epoch': 99, 'trainer_step': 99100, 'iter_step': 109000}
2026-03-15 23:24:00,325 [DESKTOP-H93RLBF:11400] [INFO] {'iter_loss': 0.13223305962979792, 'iter_time': 0.49461503714323046, 'iter_general_step_dur': 0.138778874874115, 'epoch': 99, 'trainer_step': 99200, 'iter_step': 109100}
2026-03-15 23:24:37,590 [DESKTOP-H93RLBF:11400] [INFO] {'iter_loss': 0.1352431954443455, 'iter_time': 0.4964477732777596, 'iter_general_step_dur': 0.13643852710723878, 'epoch': 99, 'trainer_step': 99300, 'iter_step': 109200}
2026-03-15 23:25:14,844 [DESKTOP-H93RLBF:11400] [INFO] {'iter_loss': 0.1350340548530221, 'iter_time': 0.5024002704024315, 'iter_general_step_dur': 0.13711628913879395, 'epoch': 99, 'trainer_step': 99400, 'iter_step': 109300}
2026-03-15 23:25:52,235 [DESKTOP-H93RLBF:11400] [INFO] {'iter_loss': 0.13357932113111018, 'iter_time': 0.4960673680901527, 'iter_general_step_dur': 0.1375873279571533, 'epoch': 99, 'trainer_step': 99500, 'iter_step': 109400}
2026-03-15 23:26:29,552 [DESKTOP-H93RLBF:11400] [INFO] {'iter_loss': 0.13193709567189216, 'iter_time': 0.4898492822051048, 'iter_general_step_dur': 0.1373728084564209, 'epoch': 99, 'trainer_step': 99600, 'iter_step': 109500}
2026-03-15 23:27:06,715 [DESKTOP-H93RLBF:11400] [INFO] {'iter_loss': 0.13514522030949594, 'iter_time': 0.5046259436011314, 'iter_general_step_dur': 0.13686389207839966, 'epoch': 99, 'trainer_step': 99700, 'iter_step': 109600}
2026-03-15 23:27:44,132 [DESKTOP-H93RLBF:11400] [INFO] {'iter_loss': 0.13338442504405976, 'iter_time': 0.4922457441687584, 'iter_general_step_dur': 0.13819949865341186, 'epoch': 99, 'trainer_step': 99800, 'iter_step': 109700}
2026-03-15 23:28:21,476 [DESKTOP-H93RLBF:11400] [INFO] {'iter_loss': 0.13622979164123536, 'iter_time': 0.5075094795227051, 'iter_general_step_dur': 0.13808973550796508, 'epoch': 99, 'trainer_step': 99900, 'iter_step': 109800}
2026-03-15 23:28:58,877 [DESKTOP-H93RLBF:11400] [INFO] {'iter_loss': 0.13251382179558277, 'iter_time': 0.5060420840978622, 'iter_general_step_dur': 0.1390671682357788, 'epoch': 99, 'trainer_step': 100000, 'iter_step': 109900}
2026-03-15 23:29:12,460 [DESKTOP-H93RLBF:11400] [INFO] {'val_loss': 0.14136149406433104, 'val_time': 0.5239062917232513, 'val_general_step_dur': 0.1327311372756958, 'epoch': 99, 'trainer_step': 100000, 'iter_step': 110000}
2026-03-15 23:29:12,463 [DESKTOP-H93RLBF:11400] [INFO] {'train_loss': 0.13370515862479807, 'train_time': 0.49897041261196134, 'train_general_step_dur': 0.13772509765625, 'epoch': 99, 'trainer_step': 100000, 'iter_step': 110000}
